freq,siec,nrg_cons,unit,tax,currency,geo\TIME_PERIOD,2007-S1,2007-S2,2008-S1,2008-S2,2009-S1,2009-S2,2010-S1,2010-S2,2011-S1,2011-S2,2012-S1,2012-S2,2013-S1,2013-S2,2014-S1,2014-S2,2015-S1,2015-S2,2016-S1,2016-S2,2017-S1,2017-S2,2018-S1,2018-S2,2019-S1,2019-S2,2020-S1,2020-S2,2021-S1,2021-S2,2022-S1,2022-S2,2023-S1,2023-S2,2024-S1,2024-S2,2025-S1,2025-S2
S,E7000,KWH1000-2499,KWH,I_TAX,EUR,AL,,,,,,,,,0.1152,0.1157,0.1163,0.1167,0.1156,0.1154,0.1156,0.116,0.0812,0.0819,0.0824,0.0835,0.0844,0.0856,,0.091,0.092,0.0933,0.0922,0.092,0.0925,0.0937,0.0941,0.0976,0.101,0.1089,0.1114,0.115,0.1156,0.1175
S,E7000,KWH1000-2499,KWH,I_TAX,EUR,AT,,0.2008,0.2005,0.2033,0.2089,0.2101,0.2172,0.2115,0.221,0.2201,0.2221,0.2254,0.2364,0.2323,0.2341,0.2311,0.2419,0.2393,0.2479,0.2453,0.2428,0.2337,0.232,0.2411,0.2426,0.2453,0.2511,0.2567,0.265,0.2787,0.2616,0.2614,0.2988,0.3055,0.3011,0.2631,0.3165,0.3669
S,E7000,KWH1000-2499,KWH,I_TAX,EUR,BA,,,,,,,,,,,0.0909,0.0903,0.0914,0.0913,0.0917,0.0881,0.0942,0.0954,0.095,0.0957,0.0976,0.0982,0.0984,0.0977,0.0979,0.098,0.0975,0.1007,0.098,0.097,0.0996,0.1003,0.1043,0.099,0.1067,0.1054,0.11,0.1125
S,E7000,KWH1000-2499,KWH,I_TAX,EUR,BE,,0.1867,0.2172,0.2467,0.2156,0.2088,0.2207,0.2194,0.2369,0.2366,0.2327,0.2436,0.2343,0.24,0.2245,0.2157,0.2249,0.2528,0.2823,0.3096,0.3218,0.327,0.3028,0.318,0.3075,0.3099,0.2998,0.2938,0.291,0.3161,0.3633,0.4586,0.4559,0.4111,0.3715,0.3695,0.3939,0.3806
S,E7000,KWH1000-2499,KWH,I_TAX,EUR,BG,,0.0721,0.0731,0.0808,0.0833,0.0813,0.0813,0.0832,0.0829,0.0858,0.085,0.0952,0.0934,0.0872,0.0838,0.0901,0.0954,0.0961,0.0963,0.0949,0.0962,0.0984,0.0986,0.1004,0.1003,0.0994,0.1017,0.1021,0.1045,0.1104,0.111,0.1147,0.1146,0.1192,0.1193,0.1224,0.1313,0.1355
S,E7000,KWH1000-2499,KWH,I_TAX,EUR,CY,,0.1554,0.1757,0.1906,0.131,0.1511,0.185,0.201,0.2047,0.2406,0.2784,0.2896,0.2743,0.2468,0.2288,0.2345,0.1943,0.1826,0.1517,0.1616,0.1867,0.1867,0.2021,0.2308,0.2322,0.2362,0.2249,0.1835,0.2125,0.2451,0.2724,0.3377,0.3909,0.3635,0.3432,0.3452,0.3131,0.2995
S,E7000,KWH1000-2499,KWH,I_TAX,EUR,CZ,0.1573,0.1618,0.1889,0.1926,0.1934,0.2038,0.1998,0.2068,0.2185,0.2142,0.2165,0.2169,0.2179,0.2133,0.1844,0.1832,0.1829,0.1858,0.1882,0.1883,0.1908,0.1975,0.2094,0.2113,0.2317,0.2335,0.2376,0.2371,0.2398,0.2437,0.2903,0.0961,0.3724,0.3685,0.3974,0.391,0.3893,0.3921
S,E7000,KWH1000-2499,KWH,I_TAX,EUR,DE,0.2258,0.234,0.2389,0.2439,0.2528,0.2534,0.2622,0.2695,0.2774,0.2777,0.2844,0.2927,0.3169,0.3176,0.3228,0.323,0.3212,0.3207,0.3263,0.3297,0.3362,0.3361,0.3322,0.3342,0.3453,0.3244,0.343,0.3343,0.3527,0.3588,0.3643,0.3738,0.4536,0.4458,0.4423,0.4433,0.4347,0.4383
S,E7000,KWH1000-2499,KWH,I_TAX,EUR,DK,,0.2676,0.292,0.307,0.2991,0.2847,0.2973,0.301,0.3215,0.3283,0.3308,0.3278,0.3304,0.3217,0.3325,0.3314,0.3337,0.3326,0.334,0.3343,0.3289,0.3246,0.3363,0.3394,0.323,0.3173,0.3085,0.3074,0.3131,0.369,0.4798,0.6095,0.4086,0.3801,0.3972,0.4028,0.3759,0.3578
S,E7000,KWH1000-2499,KWH,I_TAX,EUR,EA,0.2138,0.1746,0.1733,0.182,0.1827,0.1839,0.1877,0.1936,0.2001,0.2056,0.209,0.2188,0.2243,0.2295,0.2307,0.2363,0.2362,0.2379,0.235,0.2398,0.2468,0.2469,0.2503,0.258,0.2607,0.2613,0.2581,0.26,0.2635,0.2844,0.2851,0.3134,0.3349,0.3376,0.3417,0.3422,0.3419,0.345
S,E7000,KWH1000-2499,KWH,I_TAX,EUR,EE,,0.0799,0.083,0.0865,0.0939,0.0938,0.0989,0.102,0.0995,0.106,0.1121,0.1143,0.1392,0.139,0.1345,0.1355,0.1338,0.1329,0.1241,0.1268,0.1217,0.1352,0.1393,0.1457,0.1452,0.1468,0.1378,0.1422,0.1481,0.1926,0.2161,0.2572,0.2447,0.2591,0.2546,0.2514,0.2546,0.2544
S,E7000,KWH1000-2499,KWH,I_TAX,EUR,EL,,0.0931,0.0906,0.0935,0.0972,0.0919,0.1027,0.1053,0.1078,0.1112,0.1232,0.1279,0.144,0.1631,0.1675,0.1775,0.1803,0.1812,0.1692,0.1747,0.1706,0.166,0.1699,0.1705,0.1613,0.1606,0.1697,0.1707,0.1732,0.2011,0.2103,0.2582,0.2467,0.2506,0.2485,0.2562,0.2613,0.2686
S,E7000,KWH1000-2499,KWH,I_TAX,EUR,ES,,0.1622,0.1583,0.1798,0.1779,0.1916,0.1978,0.2085,0.2193,0.2319,0.2426,0.2516,0.2434,0.2559,0.2591,0.2755,0.2715,0.2852,0.2672,0.2789,0.2859,0.2687,0.2929,0.3044,0.2995,0.2953,0.2831,0.2897,0.2885,0.3272,0.3569,0.3848,0.2883,0.2776,0.2943,0.2893,0.3164,0.3293
S,E7000,KWH1000-2499,KWH,I_TAX,EUR,EU27_2020,0.1974,0.1707,0.1714,0.1797,0.1782,0.1799,0.1848,0.1907,0.1977,0.2013,0.2043,0.2132,0.2181,0.2211,0.2207,0.225,0.2246,0.226,0.2236,0.2279,0.2333,0.234,0.2371,0.244,0.246,0.2466,0.2425,0.2448,0.2492,0.2719,0.2725,0.2981,0.3152,0.3135,0.3245,0.3245,0.3239,0.3303
S,E7000,KWH1000-2499,KWH,I_TAX,EUR,FI,,0.14,0.1472,0.153,0.1632,0.1646,0.1681,0.1744,0.1929,0.1975,0.1952,0.1972,0.2007,0.1999,0.2015,0.2004,0.202,0.2004,0.2039,0.2065,0.2155,0.2192,0.2219,0.234,0.2389,0.2461,0.2379,0.2431,0.2412,0.2486,0.2607,0.3254,0.3275,0.3056,0.2698,0.2795,0.2999,0.301
S,E7000,KWH1000-2499,KWH,I_TAX,EUR,FR,,0.1433,0.1411,0.1408,0.1397,0.1413,0.1466,0.1542,0.1558,0.1609,0.1569,0.1706,0.1744,0.1816,0.1769,0.1899,0.1885,0.1868,0.1858,0.1894,0.1946,0.2008,0.2019,0.211,0.2077,0.2228,0.224,0.2327,0.2282,0.2398,0.2482,0.2582,0.2741,0.3098,0.3264,0.3371,0.3055,0.3044
S,E7000,KWH1000-2499,KWH,I_TAX,EUR,GE,,,,,,,,,,,,,,,,,,,,,,,0.0639,0.0667,0.0721,0.055,0.0596,0.0512,0.0593,0.0602,,0.08,0.0784,0.0795,0.0629,0.0621,0.0669,0.0648
S,E7000,KWH1000-2499,KWH,I_TAX,EUR,HR,0.1223,0.1093,0.11,0.1282,0.1233,0.1137,0.1134,0.1128,0.1118,0.1239,0.1325,0.1497,0.1494,0.1465,0.143,0.1428,0.1431,0.1412,0.1422,0.1435,0.1304,0.1332,0.1412,0.1423,0.1433,0.1416,0.1396,0.14,0.1373,0.14,0.1462,0.1586,0.1595,0.1587,0.1597,0.1587,0.1749,0.1774
S,E7000,KWH1000-2499,KWH,I_TAX,EUR,HU,,0.1503,0.1608,0.1585,0.1534,0.1739,0.1768,0.1661,0.1728,0.1661,0.1629,0.1685,0.147,0.1381,0.1249,0.1191,0.1167,0.1186,0.1155,0.1169,0.1169,0.1177,0.1199,0.1141,0.1144,0.1114,0.1035,0.1017,0.1013,0.1012,0.094,0.0983,0.0973,0.0957,0.0921,0.0877,0.0878,0.0914
S,E7000,KWH1000-2499,KWH,I_TAX,EUR,IE,,0.2242,0.2087,0.2369,0.2331,0.215,0.2107,0.2194,0.2353,0.2503,0.2618,0.2786,0.2794,0.2987,0.2995,0.3212,0.3098,0.3066,0.2831,0.2979,0.2983,0.3018,0.3062,0.3272,0.3001,0.3169,0.2899,0.3135,0.3343,0.3799,0.2219,0.3272,0.1919,0.3653,0.2037,0.3079,0.3606,0.5076
S,E7000,KWH1000-2499,KWH,I_TAX,EUR,IS,,,,,,,,,,,0.1486,0.1554,0.1322,0.1347,0.1413,0.145,0.1493,0.1575,0.1625,0.1826,0.1957,0.1855,0.1867,0.1761,0.171,0.1714,0.1607,0.1499,0.1628,0.1673,0.1832,0.187,0.1849,0.1966,0.2066,0.2221,0.2445,
S,E7000,KWH1000-2499,KWH,I_TAX,EUR,IT,,,0.1577,0.1779,0.171,0.1674,0.1626,0.162,0.1635,0.1731,0.1855,0.2014,0.1959,0.2005,0.2112,0.2099,0.2082,0.2131,0.2102,0.2127,0.2158,0.2235,0.2176,0.2338,0.2431,0.2521,0.2458,0.248,0.2558,0.2673,0.3357,0.4025,0.4137,0.3616,0.3577,0.3603,0.3698,0.3328
S,E7000,KWH1000-2499,KWH,I_TAX,EUR,LI,,,,,,,,,,,,,,,0.1541,0.1558,0.1852,0.1814,0.1733,0.1751,0.1779,0.1671,0.2153,0.2202,0.223,0.2298,0.2374,0.2328,0.2322,0.3342,0.2468,0.26,0.4635,0.3891,0.3492,0.3381,0.3467,0.35
S,E7000,KWH1000-2499,KWH,I_TAX,EUR,LT,,0.0901,0.0893,0.0894,0.0981,0.0956,0.1182,0.1239,0.1251,0.1275,0.129,0.1291,0.1393,0.1413,0.1351,0.1339,0.1278,0.1263,0.1251,0.1188,0.1131,0.1123,0.1114,0.1113,0.1277,0.1276,0.1451,0.1342,0.1377,0.1504,0.153,0.2716,0.2948,0.2339,0.25,0.2415,0.2355,0.2263
S,E7000,KWH1000-2499,KWH,I_TAX,EUR,LU,0.2219,0.184,0.184,0.1869,0.2052,0.2052,0.1906,0.1931,0.1863,0.1847,0.1886,0.1895,0.1855,0.1797,0.1893,0.1893,0.1924,0.1924,0.1855,0.1855,0.188,0.1889,0.1981,0.2001,0.2138,0.214,0.2358,0.2356,0.2332,0.2333,0.2367,0.2392,0.2481,0.2448,0.2464,0.2458,0.3136,0.3136
S,E7000,KWH1000-2499,KWH,I_TAX,EUR,LV,,0.0729,0.0849,0.1005,0.1052,0.1054,0.1049,0.1048,0.1167,0.1201,0.131,0.1218,0.1307,0.1214,0.1298,0.1151,0.164,0.1657,0.163,0.1662,0.1639,0.1635,0.1618,0.1583,0.1729,0.1736,0.1815,0.1814,0.1702,0.1927,0.1798,0.3015,0.3247,0.3118,0.2288,0.2161,0.2743,0.2802
S,E7000,KWH1000-2499,KWH,I_TAX,EUR,MD,,,,,,,,,,,,,,,,,0.0805,0.0857,0.0949,0.0905,0.096,0.0992,0.1007,0.0985,0.0924,0.1001,0.1031,0.0938,0.0805,0.0817,0.1062,0.1979,0.1761,0.1407,0.1312,0.1292,0.2087,0.1928
S,E7000,KWH1000-2499,KWH,I_TAX,EUR,ME,,,,,,,,,0.0897,0.0876,0.096,0.1079,0.1115,0.115,0.1155,0.1153,0.1145,0.1151,0.1104,0.112,0.1095,0.1112,0.1135,0.1144,0.1135,0.1128,0.1066,0.1084,0.1051,0.1061,0.1038,0.105,0.1038,0.1047,0.105,0.1077,0.1051,0.1076
S,E7000,KWH1000-2499,KWH,I_TAX,EUR,MK,,,,,,,,,,,,0.0791,0.0823,0.08,0.08,0.0825,0.0839,0.0837,0.0828,0.0834,0.0828,0.082,0.0793,0.0795,0.0793,0.0795,0.0791,0.0837,0.0848,0.0845,0.0946,0.1033,0.1054,0.1162,0.1147,0.1271,0.1287,0.1281
S,E7000,KWH1000-2499,KWH,I_TAX,EUR,MT,,0.0459,0.0619,0.1323,0.1906,0.1711,0.1905,0.1927,0.1901,0.1942,0.1924,0.1949,0.1896,0.1956,0.1672,0.1445,0.1424,0.1457,0.1416,0.1457,0.1494,0.1478,0.1453,0.1485,0.1468,0.1492,0.1471,0.15,0.1476,0.1523,0.1498,0.152,0.1449,0.1476,0.1461,0.1516,0.1446,0.1433
S,E7000,KWH1000-2499,KWH,I_TAX,EUR,NL,0.1377,0.1359,0.1343,0.1391,0.1448,0.1365,0.1202,0.1251,0.1282,0.1273,0.1343,0.1335,0.1397,0.1388,0.1252,0.1198,0.1562,0.1347,0.1141,0.1117,0.127,0.125,0.157,0.153,0.201,0.201,0.0794,0.0665,0.0595,0.0736,-0.1697,-0.0801,0.1983,0.1345,0.1911,0.1544,0.2185,0.2349
S,E7000,KWH1000-2499,KWH,I_TAX,EUR,NO,,0.2272,0.2466,0.2474,0.2337,0.237,0.2947,0.2829,0.3074,0.2829,0.285,0.2771,0.2893,0.2701,0.2545,0.2537,0.249,0.225,0.2314,0.2456,0.2481,0.2412,0.2615,0.2773,0.2755,0.262,0.2172,0.2144,0.2721,0.3105,0.2875,0.3376,0.283,0.2926,0.3113,0.3143,0.3238,0.3112
S,E7000,KWH1000-2499,KWH,I_TAX,EUR,PL,,0.1408,0.1329,0.1406,0.1213,0.1303,0.1436,0.1487,0.1587,0.1444,0.1506,0.1575,0.1535,0.1508,0.148,0.1486,0.1535,0.15,0.1408,0.1432,0.1584,0.1589,0.1517,0.1534,0.1442,0.147,0.1582,0.1634,0.1702,0.174,0.1608,0.1767,0.1992,0.2102,0.2027,0.2544,0.2709,0.2928
S,E7000,KWH1000-2499,KWH,I_TAX,EUR,PT,,0.1552,0.1695,0.1742,0.1713,0.1807,0.1798,0.1866,0.1862,0.2114,0.2238,0.228,0.2304,0.2346,0.2375,0.242,0.2471,0.2481,0.2556,0.2496,0.2503,0.2438,0.247,0.2523,0.2375,0.2416,0.234,0.2366,0.2294,0.2376,0.2429,0.2461,0.2264,0.2447,0.2632,0.2877,0.2707,0.2773
S,E7000,KWH1000-2499,KWH,I_TAX,EUR,RO,,0.117,0.1075,0.108,0.098,0.0978,0.1035,0.106,0.11,0.1101,0.1084,0.1104,0.1347,0.1303,0.1322,0.1293,0.133,0.1343,0.1285,0.1255,0.1211,0.1307,0.1352,0.133,0.136,0.1422,0.1462,0.1457,0.1555,0.1629,0.234,0.345,0.1657,0.1659,0.1678,0.166,0.1666,0.2994
S,E7000,KWH1000-2499,KWH,I_TAX,EUR,RS,,,,,,,,,,,,,0.0673,0.0706,0.0658,0.0712,0.061,0.0746,0.075,0.0759,0.0776,0.0805,0.0825,0.082,0.0827,0.0833,0.0863,0.0849,0.093,0.0968,0.0973,0.1028,0.1136,0.1205,0.1239,0.126,0.1271,0.1247
S,E7000,KWH1000-2499,KWH,I_TAX,EUR,SE,0.1567,0.1734,0.1874,0.1949,0.1795,0.1819,0.1992,0.2119,0.2282,0.2225,0.2214,0.2264,0.2318,0.2229,0.2184,0.2162,0.2088,0.2088,0.2161,0.2195,0.2213,0.2251,0.2261,0.2368,0.2388,0.2392,0.212,0.221,0.2389,0.2874,0.2617,0.3051,0.2976,0.2421,0.2688,0.2633,0.3025,0.3074
S,E7000,KWH1000-2499,KWH,I_TAX,EUR,SI,,0.131,0.1296,0.1314,0.1587,0.1595,0.1672,0.17,0.1673,0.1702,0.1749,0.177,0.1885,0.1976,0.195,0.1932,0.19,0.1957,0.1984,0.1993,0.1949,0.1981,0.1998,0.203,0.2021,0.2043,0.1666,0.2075,0.2073,0.2115,0.169,0.2344,0.2238,0.2447,0.2339,0.2313,0.205,0.242
S,E7000,KWH1000-2499,KWH,I_TAX,EUR,SK,,0.1615,0.1672,0.1784,0.1743,0.1703,0.1714,0.1841,0.189,0.1914,0.1948,0.1954,0.1918,0.1908,0.1699,0.1718,0.1742,0.1748,0.1588,0.1788,0.1699,0.168,0.1823,0.1682,0.1831,0.1823,0.1908,0.1949,0.1895,0.1836,0.1999,0.2106,0.2124,0.2178,0.2005,0.1969,0.2079,0.2079
S,E7000,KWH1000-2499,KWH,I_TAX,EUR,TR,,0.0901,0.0998,0.1222,0.1144,0.1179,0.1341,0.1374,0.1218,0.1146,0.1321,0.1481,0.1498,0.1315,0.1196,0.1309,0.1361,0.1224,0.1266,0.1206,0.1048,0.0959,0.0913,0.0859,0.0847,0.1045,0.0995,0.0825,0.0837,0.0789,0.0804,0.089,0.0774,0.0519,0.0453,0.0566,0.0568,0.0559
S,E7000,KWH1000-2499,KWH,I_TAX,EUR,UA,,,,,,,,,,,,,,,,,,,0.0249,0.032,0.0393,0.0383,0.0358,0.0359,0.0385,0.0424,0.0421,0.0337,0.0487,,,,,,,,,
S,E7000,KWH1000-2499,KWH,I_TAX,EUR,UK,,0.163,0.1536,0.1652,0.1533,0.1539,0.1484,0.1568,0.1531,0.1728,0.1823,0.1965,0.1893,0.1958,0.2127,0.223,0.2352,0.2425,0.2221,0.2119,0.1992,0.2084,0.212,0.2275,0.2382,0.2461,0.245,,,,,,,,,,,
S,E7000,KWH1000-2499,KWH,I_TAX,EUR,XK,,,,,,,,,,,,,0.0562,0.0564,0.0556,0.0666,0.0622,0.0693,0.0585,0.0668,0.067,0.069,0.0684,0.0673,0.0639,0.0644,0.0642,0.0646,0.0642,0.0644,0.0646,0.0655,0.0702,0.0761,0.0766,0.0764,0.0801,0.0894
S,E7000,KWH1000-2499,KWH,I_TAX,NAC,AL,,,,,,,,,16.2,16.2,16.2,16.2,16.2,16.2,16.2,16.2,11.4,11.4,11.4,11.4,11.4,11.4,,11.4,11.4,11.4,11.4,11.4,11.4,11.4,11.4,11.4,11.4,11.4,11.4,11.4,11.4,11.4
S,E7000,KWH1000-2499,KWH,I_TAX,NAC,AT,,0.2008,0.2005,0.2033,0.2089,0.2101,0.2172,0.2115,0.221,0.2201,0.2221,0.2254,0.2364,0.2323,0.2341,0.2311,0.2419,0.2393,0.2479,0.2453,0.2428,0.2337,0.232,0.2411,0.2426,0.2453,0.2511,0.2567,0.265,0.2787,0.2616,0.2614,0.2988,0.3055,0.3011,0.2631,0.3165,0.3669
S,E7000,KWH1000-2499,KWH,I_TAX,NAC,BA,,,,,,,,,,,0.1782,0.177,0.1791,0.179,0.1798,0.1726,0.1843,0.1865,0.1859,0.1872,0.1908,0.192,0.1924,0.191,0.1914,0.1916,0.1907,0.1969,0.1916,0.1897,0.1948,0.1962,0.204,0.1936,0.2086,0.2062,0.2151,0.22
S,E7000,KWH1000-2499,KWH,I_TAX,NAC,BE,,0.1867,0.2172,0.2467,0.2156,0.2088,0.2207,0.2194,0.2369,0.2366,0.2327,0.2436,0.2343,0.24,0.2245,0.2157,0.2249,0.2528,0.2823,0.3096,0.3218,0.327,0.3028,0.318,0.3075,0.3099,0.2998,0.2938,0.291,0.3161,0.3633,0.4586,0.4559,0.4111,0.3715,0.3695,0.3939,0.3806
S,E7000,KWH1000-2499,KWH,I_TAX,NAC,BG,,0.141,0.143,0.158,0.163,0.159,0.159,0.1628,0.1622,0.1679,0.1662,0.1861,0.1827,0.1705,0.1638,0.1762,0.1865,0.1879,0.1883,0.1856,0.1882,0.1925,0.1929,0.1964,0.1961,0.1944,0.199,0.1996,0.2043,0.216,0.217,0.2243,0.2241,0.2331,0.2334,0.2393,0.2568,0.2651
S,E7000,KWH1000-2499,KWH,I_TAX,NAC,CY,,0.0908,0.1757,0.1906,0.131,0.1511,0.185,0.201,0.2047,0.2406,0.2784,0.2896,0.2743,0.2468,0.2288,0.2345,0.1943,0.1826,0.1517,0.1616,0.1867,0.1867,0.2021,0.2308,0.2322,0.2362,0.2249,0.1835,0.2125,0.2451,0.2724,0.3377,0.3909,0.3635,0.3432,0.3452,0.3131,0.2995
S,E7000,KWH1000-2499,KWH,I_TAX,NAC,CZ,4.43,4.43,4.76,4.76,5.25,5.25,5.14,5.14,5.32,5.32,5.45,5.45,5.6,5.6,5.06,5.06,5.03,5.03,5.09,5.09,5.11,5.11,5.34,5.45,5.95,5.99,6.26,6.3,6.2,6.2,7.1564,2.3535,8.8204,8.9631,9.9405,9.8606,9.7327,9.562
S,E7000,KWH1000-2499,KWH,I_TAX,NAC,DE,0.2258,0.234,0.2389,0.2439,0.2528,0.2534,0.2622,0.2695,0.2774,0.2777,0.2844,0.2927,0.3169,0.3176,0.3228,0.323,0.3212,0.3207,0.3263,0.3297,0.3362,0.3361,0.3322,0.3342,0.3453,0.3244,0.343,0.3343,0.3527,0.3588,0.3643,0.3738,0.4536,0.4458,0.4423,0.4433,0.4347,0.4383
S,E7000,KWH1000-2499,KWH,I_TAX,NAC,DK,,1.9933,2.177,2.2885,2.2278,2.1193,2.2129,2.2433,2.3972,2.4443,2.4597,2.4426,2.4641,2.3991,2.481,2.4681,2.4881,2.4819,2.4882,2.4873,2.4458,2.4151,2.5047,2.5314,2.4113,2.369,2.3028,2.2885,2.3288,2.7441,3.5697,4.5343,3.0424,2.834,2.9622,3.0045,2.8041,2.6711
S,E7000,KWH1000-2499,KWH,I_TAX,NAC,EA,,0.1721,0.1744,0.1831,0.1837,0.1849,0.1886,0.1946,0.2012,0.2067,0.2096,0.2195,0.2248,0.23,0.2315,0.237,0.2365,0.2382,0.237,0.2419,,,,,,,,,,,,,,,,,,
S,E7000,KWH1000-2499,KWH,I_TAX,NAC,EE,,1.25,1.298,1.353,1.469,1.468,1.547,1.596,0.0995,0.106,0.1121,0.1143,0.1392,0.139,0.1345,0.1355,0.1338,0.1329,0.1241,0.1268,0.1217,0.1352,0.1393,0.1457,0.1452,0.1468,0.1378,0.1422,0.1481,0.1926,0.2161,0.2572,0.2447,0.2591,0.2546,0.2514,0.2546,0.2544
S,E7000,KWH1000-2499,KWH,I_TAX,NAC,EL,,0.0931,0.0906,0.0935,0.0972,0.0919,0.1027,0.1053,0.1078,0.1112,0.1232,0.1279,0.144,0.1631,0.1675,0.1775,0.1803,0.1812,0.1692,0.1747,0.1706,0.166,0.1699,0.1705,0.1613,0.1606,0.1697,0.1707,0.1732,0.2011,0.2103,0.2582,0.2467,0.2506,0.2485,0.2562,0.2613,0.2686
S,E7000,KWH1000-2499,KWH,I_TAX,NAC,ES,,0.1622,0.1583,0.1798,0.1779,0.1916,0.1978,0.2085,0.2193,0.2319,0.2426,0.2516,0.2434,0.2559,0.2591,0.2755,0.2715,0.2852,0.2672,0.2789,0.2859,0.2687,0.2929,0.3044,0.2995,0.2953,0.2831,0.2897,0.2885,0.3272,0.3569,0.3848,0.2883,0.2776,0.2943,0.2893,0.3164,0.3293
S,E7000,KWH1000-2499,KWH,I_TAX,NAC,FI,,0.14,0.1472,0.153,0.1632,0.1646,0.1681,0.1744,0.1929,0.1975,0.1952,0.1972,0.2007,0.1999,0.2015,0.2004,0.202,0.2004,0.2039,0.2065,0.2155,0.2192,0.2219,0.234,0.2389,0.2461,0.2379,0.2431,0.2412,0.2486,0.2607,0.3254,0.3275,0.3056,0.2698,0.2795,0.2999,0.301
S,E7000,KWH1000-2499,KWH,I_TAX,NAC,FR,,0.1433,0.1411,0.1408,0.1397,0.1413,0.1466,0.1542,0.1558,0.1609,0.1569,0.1706,0.1744,0.1816,0.1769,0.1899,0.1885,0.1868,0.1858,0.1894,0.1946,0.2008,0.2019,0.211,0.2077,0.2228,0.224,0.2327,0.2282,0.2398,0.2482,0.2582,0.2741,0.3098,0.3264,0.3371,0.3055,0.3044
S,E7000,KWH1000-2499,KWH,I_TAX,NAC,GE,,,,,,,,,,,,,,,,,,,,,,,0.1907,0.1998,0.2202,0.1789,0.1992,0.1926,0.2375,0.2183,,0.2254,0.2201,0.2286,0.184,0.1841,0.2028,0.2046
S,E7000,KWH1000-2499,KWH,I_TAX,NAC,HR,0.9,0.8,0.8,0.92,0.91,0.83,0.824,0.825,0.827,0.927,0.9991,1.123,1.1309,1.1112,1.0902,1.0917,1.0911,1.0734,1.0751,1.0776,0.9715,0.9961,1.0473,1.0555,1.0635,1.0503,1.052,1.0562,1.0368,1.0511,1.1025,1.1949,0.1595,0.1587,0.1597,0.1587,0.1749,0.1774
S,E7000,KWH1000-2499,KWH,I_TAX,NAC,HU,,37.92,40.79,39.58,44.47,47.15,48.04,46.35,46.5681,48.0496,48.1362,47.7146,43.5033,41.1195,38.3412,36.9696,35.8978,37.0462,36.1082,36.2629,36.1678,36.3819,37.6741,36.9288,36.6475,36.7641,35.739,36.3143,36.237,36.3511,35.2881,40.0103,37.0227,36.6427,35.9062,35.1363,35.5127,35.7502
S,E7000,KWH1000-2499,KWH,I_TAX,NAC,IE,,0.2242,0.2087,0.2369,0.2331,0.215,0.2107,0.2194,0.2353,0.2503,0.2618,0.2786,0.2794,0.2987,0.2995,0.3212,0.3098,0.3066,0.2831,0.2979,0.2983,0.3018,0.3062,0.3272,0.3001,0.3169,0.2899,0.3135,0.3343,0.3799,0.2219,0.3272,0.1919,0.3653,0.2037,0.3079,0.3606,0.5076
S,E7000,KWH1000-2499,KWH,I_TAX,NAC,IS,,,,,,,,,,,24.2371,24.6201,21.53,21.81,22.01,22.37,22.25,22.6412,22.8424,23.1814,22.9054,22.9591,23.0563,23.1556,23.4326,23.5812,23.8671,24.0715,24.6956,24.8861,25.903,26.7648,27.9235,28.9486,30.8787,33.11,35.49,
S,E7000,KWH1000-2499,KWH,I_TAX,NAC,IT,,,0.1577,0.1779,0.171,0.1674,0.1626,0.162,0.1635,0.1731,0.1855,0.2014,0.1959,0.2005,0.2112,0.2099,0.2082,0.2131,0.2102,0.2127,0.2158,0.2235,0.2176,0.2338,0.2431,0.2521,0.2458,0.248,0.2558,0.2673,0.3357,0.4025,0.4137,0.3616,0.3577,0.3603,0.3698,0.3328
S,E7000,KWH1000-2499,KWH,I_TAX,NAC,LI,,,,,,,,,,,,,,,0.1882,0.1882,0.1957,0.1957,0.1899,0.1899,0.1916,0.1916,0.2519,0.2511,0.2519,0.2519,0.2526,0.2525,0.2541,0.357,0.2547,0.2543,0.4567,0.3728,0.3357,0.3191,0.3263,0.3264
S,E7000,KWH1000-2499,KWH,I_TAX,NAC,LT,,0.3112,0.3085,0.3086,0.3388,0.33,0.4082,0.4278,0.432,0.4403,0.4453,0.4459,0.4811,0.488,0.4666,0.4623,0.1278,0.1263,0.1251,0.1188,0.1131,0.1123,0.1114,0.1113,0.1277,0.1276,0.1451,0.1342,0.1377,0.1504,0.153,0.2716,0.2948,0.2339,0.25,0.2415,0.2355,0.2263
S,E7000,KWH1000-2499,KWH,I_TAX,NAC,LU,0.2219,0.184,0.184,0.1869,0.2052,0.2052,0.1906,0.1931,0.1863,0.1847,0.1886,0.1895,0.1855,0.1797,0.1893,0.1893,0.1924,0.1924,0.1855,0.1855,0.188,0.1889,0.1981,0.2001,0.2138,0.214,0.2358,0.2356,0.2332,0.2333,0.2367,0.2392,0.2481,0.2448,0.2464,0.2458,0.3136,0.3136
S,E7000,KWH1000-2499,KWH,I_TAX,NAC,LV,,0.051,0.0593,0.071,0.0743,0.0743,0.0743,0.0743,0.0825,0.0847,0.0915,0.0848,0.0915,0.0853,0.1298,0.1151,0.164,0.1657,0.163,0.1662,0.1639,0.1635,0.1618,0.1583,0.1729,0.1736,0.1815,0.1814,0.1702,0.1927,0.1798,0.3015,0.3247,0.3118,0.2288,0.2161,0.2743,0.2802
S,E7000,KWH1000-2499,KWH,I_TAX,NAC,MD,,,,,,,,,,,,,,,,,1.6256,1.8505,2.11,1.9787,2.0082,2.0565,2.0365,1.9182,1.8316,1.9562,2.006,1.8778,1.7141,1.681,2.1447,3.8799,3.5022,2.7296,2.52,2.4932,4.0686,3.7958
S,E7000,KWH1000-2499,KWH,I_TAX,NAC,ME,,,,,,,,,0.0897,0.0876,0.096,0.1079,0.1115,0.115,0.1155,0.1153,0.1145,0.1151,0.1104,0.112,0.1095,0.1112,0.1135,0.1144,0.1135,0.1128,0.1066,0.1084,0.1051,0.1061,0.1038,0.105,0.1038,0.1047,0.105,0.1077,0.1051,0.1076
S,E7000,KWH1000-2499,KWH,I_TAX,NAC,MK,,,,,,,,,,,,4.8688,5.0726,4.9257,4.9332,5.0832,5.1673,5.159,5.1103,5.1276,5.0983,5.0436,4.882,4.8857,4.8776,4.8897,4.8772,5.1618,5.2304,5.207,5.8365,6.3582,6.4956,7.1455,7.0598,7.8174,7.9302,7.886
S,E7000,KWH1000-2499,KWH,I_TAX,NAC,MT,,0.0197,0.0619,0.1323,0.1906,0.1711,0.1905,0.1927,0.1901,0.1942,0.1924,0.1949,0.1896,0.1956,0.1672,0.1445,0.1424,0.1457,0.1416,0.1457,0.1494,0.1478,0.1453,0.1485,0.1468,0.1492,0.1471,0.15,0.1476,0.1523,0.1498,0.152,0.1449,0.1476,0.1461,0.1516,0.1446,0.1433
S,E7000,KWH1000-2499,KWH,I_TAX,NAC,NL,0.1377,0.1359,0.1343,0.1391,0.1448,0.1365,0.1202,0.1251,0.1282,0.1273,0.1343,0.1335,0.1397,0.1388,0.1252,0.1198,0.1562,0.1347,0.1141,0.1117,0.127,0.125,0.157,0.153,0.201,0.201,0.0794,0.0665,0.0595,0.0736,-0.1697,-0.0801,0.1983,0.1345,0.1911,0.1544,0.2185,0.2349
S,E7000,KWH1000-2499,KWH,I_TAX,NAC,NO,,1.794,1.96,2.1022,2.079,2.03,2.359,2.2642,2.405,2.196,2.1585,2.0444,2.1758,2.1836,2.1063,2.1394,2.153,2.0789,2.1801,2.2499,2.278,2.2861,2.5084,2.6623,2.6808,2.6114,2.3315,2.2968,2.7689,3.1521,2.8703,3.4511,3.2053,3.374,3.578,3.6961,3.7763,3.6631
S,E7000,KWH1000-2499,KWH,I_TAX,NAC,PL,,0.5244,0.4641,0.4973,0.543,0.5453,0.5747,0.593,0.6274,0.6189,0.6396,0.6498,0.6412,0.636,0.6181,0.6232,0.6354,0.6338,0.615,0.6241,0.676,0.6747,0.6403,0.6599,0.6189,0.6325,0.6983,0.731,0.7722,0.7988,0.7456,0.837,0.9207,0.9376,0.875,1.0927,1.1462,1.2435
S,E7000,KWH1000-2499,KWH,I_TAX,NAC,PT,,0.1552,0.1695,0.1742,0.1713,0.1807,0.1798,0.1866,0.1862,0.2114,0.2238,0.228,0.2304,0.2346,0.2375,0.242,0.2471,0.2481,0.2556,0.2496,0.2503,0.2438,0.247,0.2523,0.2375,0.2416,0.234,0.2366,0.2294,0.2376,0.2429,0.2461,0.2264,0.2447,0.2632,0.2877,0.2707,0.2773
S,E7000,KWH1000-2499,KWH,I_TAX,NAC,RO,,0.3907,0.3945,0.3994,0.4149,0.4152,0.4296,0.4528,0.4599,0.4733,0.4758,0.4998,0.5914,0.5793,0.5902,0.572,0.5914,0.5966,0.5778,0.563,0.5493,0.6013,0.6291,0.6188,0.645,0.6751,0.7041,0.7077,0.7624,0.8047,1.1571,1.6965,0.8174,0.8227,0.8347,0.8258,0.8337,1.5206
S,E7000,KWH1000-2499,KWH,I_TAX,NAC,RS,,,,,,,,,,,,,7.5334,8.0619,7.612,8.464,7.3809,8.9887,9.2242,9.3523,9.5763,9.6133,9.7635,9.7021,9.7617,9.8006,10.1448,9.9859,10.9302,11.3809,11.4428,12.0564,13.325,14.1248,14.5137,14.7408,14.8938,14.6152
S,E7000,KWH1000-2499,KWH,I_TAX,NAC,SE,1.445,1.609,1.757,1.92,1.95,1.89,1.95,1.97,2.04,2.0285,1.9665,1.9309,1.9771,1.9544,1.9554,1.9975,1.9502,1.9555,2.0102,2.1144,2.1241,2.1777,2.2947,2.4535,2.5124,2.5495,2.2602,2.2801,2.4206,2.9201,2.7423,3.2884,3.3737,2.8138,3.0615,3.0206,3.3565,3.3923
S,E7000,KWH1000-2499,KWH,I_TAX,NAC,SI,,0.131,0.1296,0.1314,0.1587,0.1595,0.1672,0.17,0.1673,0.1702,0.1749,0.177,0.1885,0.1976,0.195,0.1932,0.19,0.1957,0.1984,0.1993,0.1949,0.1981,0.1998,0.203,0.2021,0.2043,0.1666,0.2075,0.2073,0.2115,0.169,0.2344,0.2238,0.2447,0.2339,0.2313,0.205,0.242
S,E7000,KWH1000-2499,KWH,I_TAX,NAC,SK,,5.41,5.39,5.41,0.1743,0.1703,0.1714,0.1841,0.189,0.1914,0.1948,0.1954,0.1918,0.1908,0.1699,0.1718,0.1742,0.1748,0.1588,0.1788,0.1699,0.168,0.1823,0.1682,0.1831,0.1823,0.1908,0.1949,0.1895,0.1836,0.1999,0.2106,0.2124,0.2178,0.2005,0.1969,0.2079,0.2079
S,E7000,KWH1000-2499,KWH,I_TAX,NAC,TR,,0.1575,0.1884,0.2353,0.2463,0.2562,0.2711,0.271,0.2689,0.2825,0.3085,0.3393,0.3566,0.3527,0.3548,0.3726,0.3897,0.3894,0.4127,0.4132,0.4128,0.4127,0.4525,0.5529,0.5387,0.6649,0.7123,0.7363,0.7969,0.9041,1.3068,1.6503,1.6721,1.5522,1.5518,2.0857,2.3353,2.704
S,E7000,KWH1000-2499,KWH,I_TAX,NAC,UA,,,,,,,,,,,,,,,,,,,0.71,0.9,1.14,1.19,1.16,1.1446,1.1714,1.1663,1.204,1.1115,1.6298,,,,,,,,,
S,E7000,KWH1000-2499,KWH,I_TAX,NAC,UK,,0.1131,0.119,0.135,0.137,0.1367,0.1291,0.1327,0.1329,0.1499,0.1499,0.1571,0.1611,0.166,0.1747,0.1765,0.1722,0.1745,0.1729,0.1821,0.1714,0.186,0.1865,0.2024,0.2081,0.2169,0.2143,,,,,,,,,,,
S,E7000,KWH1000-2499,KWH,I_TAX,NAC,XK,,,,,,,,,,,,,0.0562,0.0564,0.0556,0.0666,0.0622,0.0693,0.0585,0.0668,0.067,0.069,0.0684,0.0673,0.0639,0.0644,0.0642,0.0646,0.0642,0.0644,0.0646,0.0655,0.0702,0.0761,0.0766,0.0764,0.0801,0.0894
S,E7000,KWH1000-2499,KWH,I_TAX,PPS,AL,,,,,,,,,0.2632,0.2632,0.2586,0.2586,0.2578,0.2578,0.2619,0.2619,0.1843,0.1957,0.1967,0.1964,0.1844,0.1844,,0.1835,0.1852,0.1852,0.1792,0.1792,0.1771,0.1771,0.1778,0.1778,0.1789,0.1792,0.1812,0.1822,0.1834,0.1834
S,E7000,KWH1000-2499,KWH,I_TAX,PPS,AT,,0.1878,0.1837,0.1863,0.1861,0.1872,0.197,0.1918,0.1996,0.1988,0.2015,0.2045,0.2115,0.2079,0.2118,0.2091,0.2189,0.2203,0.2307,0.2299,0.2151,0.2071,0.2059,0.2139,0.2134,0.2158,0.2196,0.2245,0.2318,0.2413,0.2265,0.2291,0.2667,0.2721,0.2658,0.2322,0.2756,0.3195
S,E7000,KWH1000-2499,KWH,I_TAX,PPS,BA,,,,,,,,,,,0.1889,0.1876,0.1878,0.1877,0.1902,0.1826,0.195,0.2023,0.2011,0.2023,0.1925,0.1937,0.1934,0.192,0.1905,0.1907,0.1904,0.1966,0.1913,0.1865,0.1915,0.1926,0.1917,0.1789,0.1956,0.1922,0.1864,0.1907
S,E7000,KWH1000-2499,KWH,I_TAX,PPS,BE,,0.1708,0.1943,0.2206,0.189,0.183,0.199,0.1978,0.2134,0.2132,0.21,0.2199,0.2081,0.2132,0.2023,0.1943,0.2026,0.229,0.2609,0.2897,0.2849,0.2895,0.2684,0.2818,0.2725,0.2746,0.2687,0.2633,0.2608,0.284,0.3269,0.4127,0.4096,0.3673,0.3311,0.3274,0.3509,0.3391
S,E7000,KWH1000-2499,KWH,I_TAX,PPS,BG,,0.1797,0.171,0.189,0.1864,0.1818,0.1834,0.1878,0.1752,0.1813,0.1807,0.2024,0.1964,0.1833,0.1776,0.1911,0.2022,0.2079,0.2088,0.2047,0.1911,0.1955,0.1918,0.1953,0.1885,0.1869,0.1888,0.1894,0.1939,0.2001,0.201,0.2068,0.1901,0.1977,0.1977,0.2027,0.214,0.2209
S,E7000,KWH1000-2499,KWH,I_TAX,PPS,CY,,0.178,0.2003,0.2173,0.1474,0.17,0.2085,0.2265,0.2224,0.2615,0.3067,0.319,0.3074,0.2766,0.2603,0.2668,0.221,0.2005,0.1716,0.1827,0.2092,0.2092,0.2252,0.2571,0.2562,0.2606,0.2455,0.2003,0.232,0.2673,0.2971,0.3727,0.4274,0.3987,0.382,0.3791,0.3428,0.3279
S,E7000,KWH1000-2499,KWH,I_TAX,PPS,CZ,0.2578,0.2578,0.2607,0.2607,0.2841,0.2841,0.2811,0.2811,0.2995,0.2995,0.308,0.308,0.3202,0.3202,0.2901,0.2901,0.2909,0.2909,0.2944,0.2969,0.2824,0.2824,0.2926,0.2987,0.319,0.3212,0.327,0.3291,0.3238,0.3203,0.3602,0.1184,0.4451,0.4523,0.4955,0.4855,0.4795,0.4711
S,E7000,KWH1000-2499,KWH,I_TAX,PPS,DE,0.2206,0.2286,0.2299,0.2348,0.235,0.2356,0.2513,0.2583,0.2669,0.2672,0.2752,0.2833,0.3015,0.3021,0.3098,0.31,0.3083,0.3075,0.3163,0.3182,0.31,0.3099,0.3057,0.3076,0.3123,0.2934,0.3104,0.3025,0.3192,0.323,0.3279,0.3366,0.4051,0.3984,0.3933,0.3961,0.3892,0.3924
S,E7000,KWH1000-2499,KWH,I_TAX,PPS,DK,,0.1964,0.2123,0.2231,0.2139,0.2035,0.2178,0.2208,0.238,0.2427,0.2442,0.2425,0.2425,0.2361,0.247,0.2457,0.2564,0.2558,0.2489,0.2488,0.2444,0.2413,0.2509,0.2535,0.2433,0.239,0.232,0.2306,0.2346,0.2778,0.3613,0.4562,0.309,0.2859,0.3035,0.3048,0.2874,0.2737
S,E7000,KWH1000-2499,KWH,I_TAX,PPS,EA,,0.1713,0.1696,0.1781,0.1751,0.1763,0.1812,0.187,0.1938,0.1991,0.2038,0.2135,0.2177,0.2228,0.2262,0.2315,0.2354,0.2371,0.231,0.2357,0.2378,0.2374,0.2408,0.2482,0.2504,0.2511,0.2478,0.2498,0.2528,0.2706,0.2765,0.3045,0.3218,0.3218,0.3277,0.33,0.3307,0.3332
S,E7000,KWH1000-2499,KWH,I_TAX,PPS,EE,,0.1176,0.1169,0.1218,0.134,0.1339,0.1458,0.1504,0.1432,0.1526,0.1581,0.1612,0.1909,0.1907,0.1801,0.1815,0.1792,0.1833,0.1704,0.1714,0.1562,0.1736,0.1749,0.1829,0.1787,0.1807,0.1717,0.1772,0.1846,0.2351,0.2638,0.3138,0.2763,0.2888,0.2829,0.2738,0.2784,0.2783
S,E7000,KWH1000-2499,KWH,I_TAX,PPS,EL,,0.1051,0.101,0.1042,0.1048,0.0991,0.1117,0.1145,0.1162,0.1198,0.1378,0.143,0.1687,0.1911,0.202,0.2141,0.2175,0.2216,0.205,0.2117,0.2037,0.1982,0.2042,0.2049,0.1955,0.1946,0.2051,0.2063,0.2094,0.245,0.2556,0.3138,0.3008,0.3055,0.3068,0.3163,0.3215,0.3305
S,E7000,KWH1000-2499,KWH,I_TAX,PPS,ES,,0.1807,0.1717,0.1951,0.1886,0.2032,0.2105,0.2218,0.2351,0.2486,0.268,0.278,0.2703,0.2842,0.2897,0.308,0.3035,0.3186,0.3018,0.3119,0.3112,0.2925,0.3142,0.3266,0.3213,0.3168,0.3015,0.3086,0.3073,0.3497,0.3814,0.4076,0.3092,0.2977,0.3215,0.3224,0.3527,0.3671
S,E7000,KWH1000-2499,KWH,I_TAX,PPS,EU27_2020,,,,,,,,,,,,,,,,,,,,,0.2332,0.2336,0.2364,0.2435,0.2448,0.2459,0.2429,0.2452,0.2492,0.2648,0.2733,0.2997,0.3132,0.3097,0.3169,0.3185,0.3228,0.3308
S,E7000,KWH1000-2499,KWH,I_TAX,PPS,FI,,0.1208,0.1253,0.1303,0.1359,0.1371,0.1409,0.1461,0.1604,0.1642,0.1617,0.1634,0.1627,0.1621,0.162,0.1611,0.1624,0.1615,0.1669,0.1704,0.1734,0.1764,0.1767,0.1863,0.1901,0.1958,0.1881,0.1922,0.1907,0.2,0.2091,0.2603,0.2641,0.2465,0.2247,0.2328,0.2498,0.2506
S,E7000,KWH1000-2499,KWH,I_TAX,PPS,FR,,0.1302,0.1249,0.1247,0.1221,0.1235,0.1306,0.1374,0.1392,0.1438,0.1398,0.152,0.1542,0.1606,0.1611,0.1732,0.1759,0.1743,0.1719,0.1768,0.1735,0.1791,0.1812,0.1894,0.191,0.2048,0.2058,0.2138,0.2097,0.2207,0.229,0.2382,0.2524,0.2836,0.2988,0.3086,0.2805,0.2796
S,E7000,KWH1000-2499,KWH,I_TAX,PPS,HR,0.1902,0.1691,0.1631,0.1876,0.1777,0.1621,0.1607,0.1609,0.1652,0.1852,0.2071,0.2328,0.235,0.231,0.2254,0.2257,0.2256,0.223,0.2266,0.2276,0.2007,0.2057,0.2151,0.2168,0.2183,0.2156,0.2164,0.2173,0.2133,0.2143,0.2248,0.2434,0.2396,0.2356,0.2311,0.2226,0.2454,0.2488
S,E7000,KWH1000-2499,KWH,I_TAX,PPS,HU,,0.2343,0.2462,0.2389,0.2664,0.2825,0.2923,0.282,0.2815,0.2905,0.286,0.2835,0.2541,0.2402,0.2194,0.2115,0.2054,0.2118,0.2056,0.2072,0.1826,0.1837,0.1834,0.1797,0.1718,0.1724,0.1605,0.1631,0.1552,0.1557,0.1396,0.1582,0.1464,0.1449,0.132,0.1313,0.1267,0.1276
S,E7000,KWH1000-2499,KWH,I_TAX,PPS,IE,,0.1898,0.1713,0.1945,0.1966,0.1813,0.1908,0.1986,0.2134,0.227,0.2388,0.2541,0.2535,0.2711,0.2691,0.2886,0.2784,0.2751,0.2626,0.2764,0.2579,0.2609,0.2624,0.2804,0.2498,0.2638,0.2385,0.258,0.2789,0.3169,0.1851,0.2752,0.1614,0.3073,0.1721,0.2601,0.3046,0.4288
S,E7000,KWH1000-2499,KWH,I_TAX,PPS,IS,,,,,,,,,,,0.1347,0.1368,0.1176,0.1192,0.1185,0.1205,0.1198,0.122,0.1224,0.1233,0.1183,0.1186,0.113,0.1135,0.112,0.1127,0.1065,0.1075,0.1102,0.1103,0.1147,0.1185,0.1272,0.1299,0.1378,0.1493,0.1554,
S,E7000,KWH1000-2499,KWH,I_TAX,PPS,IT,,,0.1562,0.1762,0.165,0.1616,0.1591,0.1585,0.1605,0.1699,0.1847,0.2005,0.1942,0.1988,0.2104,0.2091,0.2074,0.2118,0.2141,0.2167,0.2148,0.2225,0.217,0.2331,0.2442,0.2533,0.2474,0.2496,0.2575,0.2726,0.3424,0.4121,0.4303,0.3768,0.3704,0.3746,0.3866,0.3479
S,E7000,KWH1000-2499,KWH,I_TAX,PPS,LT,,0.1567,0.1419,0.1419,0.1583,0.1542,0.1999,0.2095,0.2073,0.2113,0.2139,0.2142,0.2272,0.2305,0.2204,0.2183,0.2075,0.2094,0.2069,0.1995,0.1754,0.1742,0.1691,0.1689,0.1903,0.1902,0.2128,0.1968,0.202,0.2162,0.2199,0.3934,0.3918,0.3109,0.3237,0.309,0.3014,0.2896
S,E7000,KWH1000-2499,KWH,I_TAX,PPS,LU,0.1947,0.1615,0.1586,0.1611,0.1702,0.1702,0.1577,0.1598,0.1572,0.1558,0.1597,0.1604,0.153,0.1482,0.1588,0.1588,0.1614,0.1604,0.1575,0.157,0.1522,0.1529,0.1586,0.1602,0.1695,0.1697,0.1823,0.1821,0.1803,0.1829,0.1856,0.1846,0.1912,0.1851,0.1863,0.1862,0.2376,0.2376
S,E7000,KWH1000-2499,KWH,I_TAX,PPS,LV,,0.1094,0.1174,0.1406,0.1544,0.1544,0.1604,0.1604,0.1747,0.1793,0.1906,0.1766,0.1883,0.1755,0.1893,0.1678,0.2391,0.2455,0.2448,0.2507,0.2323,0.2317,0.2234,0.2186,0.2338,0.2347,0.2459,0.2458,0.2306,0.254,0.2342,0.3927,0.4067,0.3895,0.2837,0.2804,0.3559,0.3635
S,E7000,KWH1000-2499,KWH,I_TAX,PPS,ME,,,,,,,,,0.1827,0.1785,0.1955,0.2197,0.2222,0.2292,0.2249,0.2245,0.223,0.2319,0.2253,0.2321,0.2196,0.223,0.2213,0.223,0.2236,0.2222,0.2114,0.2149,0.2084,0.2038,0.1994,0.2039,0.1901,0.1918,0.1845,0.1915,0.1874,0.1917
S,E7000,KWH1000-2499,KWH,I_TAX,PPS,MK,,,,,,,,,,,,0.1949,0.1982,0.1924,0.1933,0.1992,0.2052,0.2049,0.201,0.1998,0.1846,0.1826,0.1739,0.1741,0.1741,0.1745,0.1722,0.1822,0.1846,0.1778,0.1993,0.2217,0.2205,0.2446,0.2368,0.2506,0.2543,0.2528
S,E7000,KWH1000-2499,KWH,I_TAX,PPS,MT,,0.0656,0.0863,0.1845,0.2621,0.2352,0.2608,0.2638,0.2514,0.2568,0.251,0.2542,0.2431,0.2508,0.2086,0.1803,0.1776,0.1817,0.1766,0.1816,0.1797,0.1777,0.1687,0.1724,0.171,0.1738,0.1677,0.171,0.1683,0.1725,0.1716,0.1716,0.1616,0.1646,0.1609,0.167,0.159,0.1575
S,E7000,KWH1000-2499,KWH,I_TAX,PPS,NL,0.1303,0.1286,0.1246,0.129,0.1294,0.122,0.108,0.1124,0.1165,0.1157,0.1225,0.1218,0.1277,0.1268,0.1144,0.1095,0.144,0.1242,0.1052,0.1034,0.1115,0.1098,0.1371,0.1336,0.1703,0.1703,0.0681,0.0571,0.0512,0.0634,-0.145,-0.0684,0.1687,0.1144,0.163,0.1317,0.1864,0.2004
S,E7000,KWH1000-2499,KWH,I_TAX,PPS,NO,,0.1659,0.175,0.1876,0.1746,0.1705,0.1998,0.1917,0.202,0.1844,0.1839,0.1742,0.1785,0.1792,0.1683,0.1709,0.172,0.1655,0.1695,0.1735,0.1629,0.1635,0.1772,0.1881,0.1844,0.1796,0.1539,0.1517,0.1828,0.2174,0.198,0.2405,0.2347,0.2488,0.2516,0.2606,0.2611,0.2533
S,E7000,KWH1000-2499,KWH,I_TAX,PPS,PL,,0.2309,0.1953,0.2093,0.2191,0.22,0.241,0.2487,0.259,0.2555,0.2652,0.2694,0.2658,0.2637,0.2553,0.2574,0.2625,0.2634,0.2601,0.2641,0.2663,0.2658,0.2485,0.2561,0.2356,0.2408,0.2606,0.2728,0.2882,0.2902,0.2569,0.2884,0.3197,0.3256,0.2852,0.3561,0.3701,0.4015
S,E7000,KWH1000-2499,KWH,I_TAX,PPS,PT,,0.1908,0.204,0.2096,0.2035,0.2146,0.2171,0.2253,0.2268,0.2575,0.2809,0.2861,0.2955,0.3009,0.3053,0.3111,0.3176,0.3184,0.3283,0.3192,0.2986,0.2908,0.2932,0.2995,0.2828,0.2877,0.275,0.2781,0.2696,0.2774,0.2836,0.2874,0.2648,0.2902,0.3183,0.3496,0.3283,0.3363
S,E7000,KWH1000-2499,KWH,I_TAX,PPS,RO,,0.2096,0.193,0.1954,0.197,0.1971,0.206,0.2172,0.2181,0.2244,0.224,0.2353,0.2683,0.2628,0.2583,0.2503,0.2588,0.2697,0.2651,0.2583,0.2338,0.2559,0.2553,0.2511,0.2562,0.2681,0.2755,0.2769,0.2983,0.3076,0.4196,0.6151,0.2964,0.2983,0.2969,0.2913,0.2809,0.5124
S,E7000,KWH1000-2499,KWH,I_TAX,PPS,RS,,,,,,,,,,,,,0.1369,0.1465,0.1338,0.1488,0.1297,0.1672,0.1693,0.1727,0.1611,0.1617,0.1616,0.1606,0.1591,0.1597,0.1623,0.1598,0.1749,0.1777,0.1787,0.1886,0.1976,0.2063,0.202,0.2065,0.2071,0.2032
S,E7000,KWH1000-2499,KWH,I_TAX,PPS,SE,0.132,0.1469,0.1565,0.171,0.1645,0.1595,0.1655,0.1672,0.1739,0.1729,0.1695,0.1664,0.1695,0.1676,0.165,0.1686,0.1646,0.1631,0.163,0.1769,0.1648,0.1689,0.1756,0.1877,0.1901,0.1929,0.1708,0.1723,0.184,0.222,0.2085,0.25,0.2504,0.2083,0.2251,0.2246,0.2496,0.2522
S,E7000,KWH1000-2499,KWH,I_TAX,PPS,SI,,0.1689,0.1596,0.1618,0.1852,0.1862,0.199,0.2023,0.2003,0.2037,0.2161,0.2187,0.2341,0.2454,0.244,0.2417,0.2377,0.2447,0.252,0.2544,0.2347,0.2386,0.2384,0.2422,0.2413,0.2439,0.1982,0.2468,0.2466,0.2494,0.1993,0.2759,0.2604,0.2884,0.2703,0.2685,0.235,0.2774
S,E7000,KWH1000-2499,KWH,I_TAX,PPS,SK,,0.2384,0.2522,0.2532,0.2565,0.2506,0.2564,0.2754,0.275,0.2785,0.2853,0.2861,0.2823,0.2808,0.255,0.2579,0.2615,0.2642,0.2428,0.2752,0.2259,0.2234,0.2374,0.219,0.2326,0.2315,0.237,0.2421,0.2354,0.2269,0.247,0.2618,0.2564,0.2747,0.2475,0.2461,0.2593,0.2593
S,E7000,KWH1000-2499,KWH,I_TAX,PPS,TR,,0.1479,0.1654,0.2065,0.2031,0.2113,0.22,0.2199,0.2046,0.2149,0.223,0.2453,0.2422,0.2395,0.2236,0.2348,0.2456,0.2492,0.2485,0.2484,0.2048,0.2048,0.1878,0.2295,0.1909,0.2356,0.2166,0.2239,0.2424,0.2169,0.3135,0.2275,0.2306,0.2092,0.1392,0.1841,0.129,0.1494
S,E7000,KWH1000-2499,KWH,I_TAX,PPS,UK,,0.1422,0.1428,0.162,0.1571,0.1568,0.1426,0.1465,0.1433,0.1617,0.1639,0.1718,0.1742,0.1795,0.1863,0.1882,0.1867,0.1892,0.1875,0.1975,0.1719,0.1866,0.185,0.2008,0.2043,0.213,0.2078,,,,,,,,,,,
S,E7000,KWH1000-2499,KWH,X_TAX,EUR,AL,,,,,,,,,0.096,0.0964,0.0969,0.0973,0.0963,0.0962,0.0963,0.0967,0.0676,0.0683,0.0687,0.0695,0.0703,0.0713,,0.0759,0.0767,0.0778,0.0768,0.0767,0.0771,0.0781,0.0784,0.0813,0.0842,0.0907,0.0929,0.0958,0.0963,0.0979
S,E7000,KWH1000-2499,KWH,X_TAX,EUR,AT,,0.1426,0.141,0.1432,0.1475,0.1486,0.1543,0.1496,0.1574,0.1585,0.1582,0.1556,0.1593,0.156,0.1528,0.1503,0.1464,0.1442,0.1463,0.1442,0.1454,0.1391,0.1407,0.1472,0.1528,0.1554,0.1571,0.1595,0.1611,0.1701,0.1787,0.236,0.3014,0.3308,0.3285,0.2943,0.2827,0.2819
S,E7000,KWH1000-2499,KWH,X_TAX,EUR,BA,,,,,,,,,,,0.0777,0.0772,0.0781,0.0781,0.0784,0.0753,0.0805,0.0815,0.0812,0.0818,0.082,0.0825,0.0825,0.0819,0.0819,0.0817,0.0811,0.0835,0.081,0.0801,0.0826,0.0833,0.0887,0.0841,0.0906,0.0896,0.0935,0.0951
S,E7000,KWH1000-2499,KWH,X_TAX,EUR,BE,,0.1424,0.1663,0.1879,0.1629,0.1576,0.1653,0.1641,0.1765,0.1805,0.1756,0.1863,0.1742,0.1809,0.1812,0.1814,0.1938,0.1991,0.1773,0.1967,0.2084,0.1959,0.2044,0.2166,0.2139,0.2147,0.2035,0.1986,0.1933,0.2154,0.2805,0.3892,0.3797,0.3094,0.2718,0.2793,0.3075,0.2979
S,E7000,KWH1000-2499,KWH,X_TAX,EUR,BG,,0.0603,0.0608,0.0675,0.069,0.068,0.068,0.0692,0.0691,0.0715,0.0708,0.0793,0.0778,0.0727,0.0698,0.0751,0.0795,0.0801,0.0802,0.0791,0.0802,0.082,0.0822,0.0836,0.0835,0.0828,0.0848,0.085,0.087,0.092,0.0924,0.0956,0.0955,0.0993,0.0994,0.102,0.1094,0.1129
S,E7000,KWH1000-2499,KWH,X_TAX,EUR,CY,,0.1331,0.1509,0.1639,0.112,0.1295,0.1589,0.1679,0.1728,0.2029,0.234,0.2402,0.2263,0.2018,0.1857,0.1904,0.1559,0.145,0.1181,0.1277,0.1448,0.1453,0.1552,0.1849,0.1643,0.1679,0.1594,0.1294,0.1393,0.156,0.1787,0.2689,0.2449,0.2249,0.2257,0.2244,0.2097,0.206
S,E7000,KWH1000-2499,KWH,X_TAX,EUR,CZ,0.1321,0.1358,0.1576,0.1606,0.1614,0.17,0.1652,0.171,0.1807,0.1772,0.1791,0.1795,0.179,0.1752,0.1512,0.1502,0.1502,0.1526,0.1546,0.1546,0.1565,0.162,0.1718,0.1733,0.1709,0.1723,0.1761,0.1761,0.1775,0.1926,0.2197,0.247,0.3066,0.3019,0.3061,0.3003,0.298,0.2978
S,E7000,KWH1000-2499,KWH,X_TAX,EUR,DE,0.1418,0.1474,0.1497,0.1538,0.1607,0.1562,0.1584,0.1579,0.1609,0.1597,0.1644,0.1642,0.1702,0.1704,0.1647,0.1647,0.1647,0.1642,0.162,0.1619,0.1641,0.1638,0.1654,0.1658,0.1772,0.1621,0.1742,0.1723,0.1827,0.1877,0.2188,0.2637,0.3302,0.3234,0.3185,0.3192,0.301,0.3039
S,E7000,KWH1000-2499,KWH,X_TAX,EUR,DK,,0.1247,0.1352,0.149,0.1349,0.1197,0.1283,0.1337,0.1418,0.1447,0.1379,0.1307,0.1307,0.1245,0.1264,0.1233,0.111,0.107,0.1068,0.1124,0.1131,0.1111,0.1201,0.1306,0.1281,0.1241,0.1152,0.1112,0.1225,0.1679,0.2562,0.3815,0.3195,0.2043,0.2094,0.2139,0.2042,0.1898
S,E7000,KWH1000-2499,KWH,X_TAX,EUR,EA,0.1433,0.1287,0.129,0.1348,0.1381,0.1385,0.139,0.1398,0.1433,0.1466,0.1487,0.1538,0.1529,0.1565,0.1539,0.1589,0.1559,0.1567,0.1514,0.1545,0.1579,0.1581,0.1638,0.1687,0.1608,0.1611,0.162,0.1649,0.1685,0.19,0.2354,0.2837,0.2965,0.2852,0.2746,0.2724,0.2608,0.2584
S,E7000,KWH1000-2499,KWH,X_TAX,EUR,EE,,0.0665,0.0652,0.0681,0.0725,0.0711,0.0708,0.0725,0.0723,0.0777,0.0793,0.0811,0.1028,0.1026,0.0991,0.1007,0.0981,0.0989,0.0961,0.0985,0.0927,0.0978,0.1027,0.108,0.1061,0.1074,0.1001,0.1062,0.1111,0.1482,0.1678,0.202,0.1905,0.2036,0.1971,0.1941,0.1986,0.1947
S,E7000,KWH1000-2499,KWH,X_TAX,EUR,EL,,0.0851,0.0828,0.0855,0.0888,0.0838,0.0877,0.086,0.0905,0.093,0.0962,0.0964,0.109,0.1143,0.1155,0.1216,0.1273,0.1275,0.1204,0.1216,0.1171,0.12,0.1175,0.1182,0.1179,0.1247,0.1332,0.1344,0.1366,0.1627,0.3058,0.4721,0.1964,0.2093,0.2153,0.2189,0.226,0.2258
S,E7000,KWH1000-2499,KWH,X_TAX,EUR,ES,,0.1332,0.1299,0.1475,0.1459,0.1571,0.1622,0.1681,0.1768,0.187,0.1956,0.1978,0.1913,0.2012,0.2037,0.2166,0.2135,0.2242,0.2101,0.2193,0.2248,0.2113,0.2303,0.2393,0.1639,0.1561,0.1471,0.1572,0.1648,0.2089,0.3005,0.3405,0.2543,0.2446,0.2232,0.2274,0.2198,0.2292
S,E7000,KWH1000-2499,KWH,X_TAX,EUR,EU27_2020,0.1333,0.1246,0.1261,0.1321,0.1328,0.1335,0.1353,0.1371,0.1411,0.143,0.1448,0.1494,0.1488,0.1508,0.1477,0.1515,0.1487,0.1494,0.1451,0.1481,0.1501,0.1507,0.1553,0.1599,0.1535,0.1536,0.1531,0.1558,0.1597,0.1837,0.2202,0.2675,0.2703,0.2566,0.2561,0.2539,0.2422,0.2429
S,E7000,KWH1000-2499,KWH,X_TAX,EUR,FI,,0.1073,0.1118,0.1166,0.1249,0.1261,0.129,0.133,0.1398,0.1435,0.1417,0.1433,0.1449,0.1442,0.1435,0.1426,0.1404,0.139,0.1419,0.144,0.1513,0.1543,0.1564,0.1662,0.1701,0.1736,0.1693,0.1735,0.172,0.1779,0.1877,0.2437,0.253,0.2239,0.195,0.201,0.2164,0.2173
S,E7000,KWH1000-2499,KWH,X_TAX,EUR,FR,,0.1098,0.1078,0.1079,0.1065,0.1081,0.1095,0.1159,0.1158,0.1194,0.1153,0.1263,0.1256,0.1307,0.1236,0.1348,0.1306,0.1289,0.1252,0.1282,0.1274,0.1328,0.1391,0.1418,0.1384,0.1515,0.1519,0.1588,0.1558,0.1665,0.1893,0.2049,0.2258,0.2579,0.2562,0.2588,0.22,0.215
S,E7000,KWH1000-2499,KWH,X_TAX,EUR,GE,,,,,,,,,,,,,,,,,,,,,,,0.0541,0.0565,0.0611,0.0466,0.0505,0.0434,0.0503,0.051,,0.0678,0.0664,0.0674,0.0533,0.0527,0.0567,0.0549
S,E7000,KWH1000-2499,KWH,X_TAX,EUR,HR,0.1006,0.0875,0.088,0.1059,0.103,0.0918,0.0919,0.0911,0.0902,0.1001,0.1059,0.1191,0.1188,0.1152,0.1098,0.1097,0.1099,0.1084,0.1091,0.1101,0.1107,0.1095,0.1109,0.1118,0.1127,0.1112,0.1096,0.11,0.1076,0.1099,0.1156,0.1264,0.1272,0.1265,0.1277,0.1272,0.1415,0.1437
S,E7000,KWH1000-2499,KWH,X_TAX,EUR,HU,,0.1129,0.1327,0.1307,0.1269,0.1382,0.1403,0.1317,0.1373,0.1278,0.1244,0.1286,0.1118,0.1062,0.0984,0.0938,0.0919,0.0934,0.0909,0.0921,0.092,0.0927,0.0944,0.0899,0.0901,0.0877,0.0815,0.0801,0.0797,0.0797,0.0741,0.0774,0.0766,0.0754,0.0725,0.069,0.0691,0.072
S,E7000,KWH1000-2499,KWH,X_TAX,EUR,IE,,0.1975,0.1839,0.2087,0.2054,0.1894,0.1856,0.1891,0.1892,0.2041,0.2207,0.233,0.2317,0.2446,0.241,0.2536,0.2389,0.2371,0.2218,0.2278,0.2257,0.2254,0.2219,0.243,0.2434,0.2575,0.2396,0.2528,0.2575,0.2956,0.3323,0.4647,0.5307,0.5401,0.4513,0.4637,0.4226,0.4447
S,E7000,KWH1000-2499,KWH,X_TAX,EUR,IS,,,,,,,,,,,0.1177,0.123,0.1046,0.1066,0.1118,0.1147,0.1189,0.1248,0.1287,0.1447,0.1552,0.1472,0.1481,0.1397,0.1357,0.1361,0.1276,0.119,0.1291,0.1327,0.1449,0.1479,0.1464,0.1558,0.1638,0.1764,0.1944,
S,E7000,KWH1000-2499,KWH,X_TAX,EUR,IT,,,,,,,,0.1253,0.1251,0.1286,0.1364,0.1441,0.1381,0.1398,0.1433,0.1421,0.138,0.139,0.137,0.1397,0.1525,0.1613,0.1572,0.1715,0.1723,0.175,0.1695,0.167,0.1766,0.2108,0.2998,0.364,0.3638,0.2846,0.2788,0.2725,0.2886,0.2562
S,E7000,KWH1000-2499,KWH,X_TAX,EUR,LI,,,,,,,,,,,,,,,0.1402,0.1417,0.162,0.1587,0.1513,0.1529,0.1508,0.1416,0.1871,0.1912,0.1937,0.1997,0.2063,0.2023,0.2018,0.2,0.2147,0.226,0.4152,0.3457,0.3074,0.2968,0.3047,0.3077
S,E7000,KWH1000-2499,KWH,X_TAX,EUR,LT,,0.0764,0.0757,0.0757,0.0825,0.0792,0.0977,0.1024,0.1034,0.1054,0.1066,0.1067,0.088,0.0897,0.091,0.09,0.0892,0.088,0.0876,0.0833,0.0797,0.0789,0.0785,0.0785,0.0964,0.0964,0.1131,0.0989,0.1026,0.1142,0.1231,0.2244,0.2517,0.2015,0.2066,0.1996,0.1957,0.1875
S,E7000,KWH1000-2499,KWH,X_TAX,EUR,LU,0.2013,0.1626,0.1626,0.1634,0.178,0.1814,0.1606,0.1622,0.1625,0.161,0.1647,0.1656,0.1625,0.1571,0.1577,0.1577,0.1477,0.1477,0.1473,0.1473,0.1411,0.1421,0.157,0.1589,0.1641,0.1641,0.181,0.1808,0.1786,0.1787,0.1996,0.202,0.3455,0.3272,0.3427,0.3421,0.327,0.327
S,E7000,KWH1000-2499,KWH,X_TAX,EUR,LV,,0.0695,0.0809,0.0956,0.0957,0.0959,0.0954,0.0953,0.0956,0.0984,0.1083,0.0829,0.0904,0.0735,0.0805,0.073,0.1087,0.1101,0.1079,0.1106,0.1086,0.1083,0.1078,0.1081,0.1198,0.1203,0.123,0.1229,0.1207,0.1417,0.1827,0.2463,0.2679,0.2867,0.2529,0.2414,0.2258,0.2307
S,E7000,KWH1000-2499,KWH,X_TAX,EUR,MD,,,,,,,,,,,,,,,,,0.0805,0.0857,0.0949,0.0905,0.096,0.0992,0.1007,0.0945,0.0924,0.1001,0.1031,0.0938,0.0805,0.0817,0.0985,0.1827,0.1761,0.1407,0.1312,0.1292,0.2087,0.1925
S,E7000,KWH1000-2499,KWH,X_TAX,EUR,ME,,,,,,,,,0.0766,0.0749,0.0797,0.0922,0.0948,0.0968,0.0973,0.098,0.0982,0.0986,0.0957,0.0967,0.0864,0.0865,0.0887,0.0888,0.0893,0.0915,0.088,0.0893,0.087,0.0879,0.0859,0.0869,0.0885,0.0888,0.0932,0.0934,0.0958,0.0963
S,E7000,KWH1000-2499,KWH,X_TAX,EUR,MK,,,,,,,,,,,,0.0369,0.039,0.041,0.0418,0.0414,0.0711,0.0709,0.0702,0.0707,0.0701,0.0694,0.0672,0.0673,0.0672,0.0674,0.067,0.0709,0.0719,0.0805,0.0901,0.0984,0.0958,0.0985,0.1043,0.1077,0.1091,0.1085
S,E7000,KWH1000-2499,KWH,X_TAX,EUR,MT,,0.0438,0.059,0.126,0.1816,0.163,0.1814,0.1831,0.181,0.1842,0.1832,0.1849,0.1806,0.1856,0.1592,0.1376,0.1356,0.1388,0.1349,0.1388,0.1408,0.1393,0.1369,0.1399,0.1383,0.1406,0.1386,0.1414,0.1391,0.1435,0.1412,0.1433,0.1365,0.1391,0.1376,0.1429,0.1362,0.135
S,E7000,KWH1000-2499,KWH,X_TAX,EUR,NL,0.1506,0.1501,0.1516,0.1556,0.1909,0.1872,0.1698,0.1713,0.1758,0.1759,0.1825,0.1892,0.1863,0.1924,0.1845,0.1858,0.1789,0.1748,0.172,0.1702,0.182,0.182,0.196,0.199,0.203,0.204,0.2095,0.208,0.2109,0.2239,0.2903,0.4023,0.5293,0.3622,0.4139,0.3821,0.3859,0.4024
S,E7000,KWH1000-2499,KWH,X_TAX,EUR,NO,,0.1688,0.184,0.1856,0.1748,0.177,0.222,0.2126,0.2316,0.2119,0.213,0.2063,0.216,0.2017,0.1886,0.1883,0.1834,0.1647,0.1681,0.179,0.1851,0.18,0.1962,0.2091,0.2087,0.1981,0.1623,0.16,0.2059,0.2489,0.2727,0.3631,0.2429,0.239,0.2497,0.2479,0.263,0.2583
S,E7000,KWH1000-2499,KWH,X_TAX,EUR,PL,,0.1088,0.1016,0.1096,0.095,0.102,0.1127,0.1169,0.124,0.1127,0.1178,0.1232,0.12,0.1179,0.1156,0.1161,0.1199,0.1172,0.1099,0.1118,0.1038,0.1026,0.0956,0.0966,0.0966,0.0934,0.0999,0.1038,0.1006,0.0967,0.0991,0.1093,0.1021,0.1114,0.1003,0.1455,0.1583,0.1653
S,E7000,KWH1000-2499,KWH,X_TAX,EUR,PT,,0.118,0.1242,0.1257,0.1451,0.1575,0.1231,0.1192,0.1139,0.1184,0.1256,0.1316,0.1308,0.1343,0.1366,0.1392,0.1229,0.1234,0.133,0.1299,0.1197,0.1166,0.1078,0.1101,0.1287,0.1323,0.1251,0.1258,0.1267,0.1311,0.19,0.2325,0.3059,0.2351,0.2013,0.1868,0.1818,0.1863
S,E7000,KWH1000-2499,KWH,X_TAX,EUR,RO,,0.0978,0.0897,0.0902,0.0817,0.0814,0.086,0.0845,0.0862,0.0836,0.0822,0.0772,0.091,0.0917,0.0933,0.0942,0.0948,0.0958,0.0934,0.0911,0.0882,0.0961,0.1005,0.0975,0.0984,0.1026,0.1046,0.1046,0.113,0.1189,0.1759,0.2715,0.1236,0.1229,0.1219,0.1219,0.1234,0.2304
S,E7000,KWH1000-2499,KWH,X_TAX,EUR,RS,,,,,,,,,,,,,0.0558,0.0584,0.0541,0.0587,0.0501,0.0578,0.0575,0.0582,0.0595,0.0617,0.0633,0.0629,0.0634,0.0638,0.0661,0.065,0.0682,0.0713,0.0717,0.0741,0.0821,0.0877,0.0904,0.091,0.0921,0.0903
S,E7000,KWH1000-2499,KWH,X_TAX,EUR,SE,0.0976,0.1111,0.1226,0.1299,0.1188,0.1194,0.1318,0.1409,0.1521,0.1484,0.1462,0.1489,0.1532,0.1467,0.1437,0.143,0.1356,0.1373,0.1415,0.1467,0.1463,0.1496,0.1482,0.1575,0.1581,0.1588,0.1365,0.1426,0.156,0.1949,0.2086,0.2737,0.2035,0.16,0.1774,0.1733,0.2025,0.2061
S,E7000,KWH1000-2499,KWH,X_TAX,EUR,SI,,0.0992,0.1027,0.1041,0.1212,0.1216,0.1212,0.1214,0.1211,0.1284,0.1326,0.1344,0.1319,0.1336,0.1313,0.1295,0.1273,0.1271,0.1269,0.1273,0.1247,0.1253,0.1276,0.1304,0.1296,0.1313,0.1169,0.1355,0.1341,0.1372,0.119,0.177,0.1821,0.1813,0.1892,0.1871,0.1656,0.1814
S,E7000,KWH1000-2499,KWH,X_TAX,EUR,SK,,0.1358,0.1405,0.15,0.1465,0.1431,0.144,0.1547,0.1545,0.1565,0.1593,0.1597,0.1567,0.1558,0.1384,0.14,0.142,0.1425,0.1291,0.1458,0.1052,0.1036,0.1156,0.1033,0.1174,0.1167,0.1259,0.1293,0.1246,0.1197,0.1411,0.15,0.1515,0.1426,0.1416,0.1386,0.1431,0.1431
S,E7000,KWH1000-2499,KWH,X_TAX,EUR,TR,,0.0706,0.0782,0.0969,0.0909,0.0936,0.1067,0.1092,0.0977,0.0919,0.1053,0.1178,0.1189,0.1054,0.0957,0.1039,0.1082,0.0974,0.102,0.097,0.0845,0.0773,0.0735,0.0689,0.0684,0.0843,0.0805,0.0661,0.0673,0.0637,0.0697,0.0796,0.07,0.0463,0.0404,0.0507,0.051,0.0502
S,E7000,KWH1000-2499,KWH,X_TAX,EUR,UA,,,,,,,,,,,,,,,,,,,0.0207,0.0267,0.0328,0.0318,0.0296,0.03,0.0321,0.0354,0.0351,0.0281,0.0406,,,,,,,,,
S,E7000,KWH1000-2499,KWH,X_TAX,EUR,UK,,0.1552,0.1458,0.1579,0.1466,0.1467,0.1414,0.1495,0.1458,0.1647,0.1738,0.1873,0.1804,0.1865,0.2026,0.2124,0.1946,0.2008,0.1793,0.171,0.153,0.1519,0.1513,0.1567,0.1629,0.1681,0.1709,,,,,,,,,,,
S,E7000,KWH1000-2499,KWH,X_TAX,EUR,XK,,,,,,,,,,,,,0.0406,0.0408,0.0413,0.0509,0.0478,0.0554,0.0478,0.0555,0.0554,0.0621,0.0615,0.0612,0.0573,0.0564,0.056,0.056,0.0556,0.0569,0.0587,0.0599,0.0632,0.0673,0.0679,0.0677,0.0711,0.0798
S,E7000,KWH1000-2499,KWH,X_TAX,NAC,AL,,,,,,,,,13.5,13.5,13.5,13.5,13.5,13.5,13.5,13.5,9.5,9.5,9.5,9.5,9.5,9.5,,9.5,9.5,9.5,9.5,9.5,9.5,9.5,9.5,9.5,9.5,9.5,9.5,9.5,9.5,9.5
S,E7000,KWH1000-2499,KWH,X_TAX,NAC,AT,,0.1426,0.141,0.1432,0.1475,0.1486,0.1543,0.1496,0.1574,0.1585,0.1582,0.1556,0.1593,0.156,0.1528,0.1503,0.1464,0.1442,0.1463,0.1442,0.1454,0.1391,0.1407,0.1472,0.1528,0.1554,0.1571,0.1595,0.1611,0.1701,0.1787,0.236,0.3014,0.3308,0.3285,0.2943,0.2827,0.2819
S,E7000,KWH1000-2499,KWH,X_TAX,NAC,BA,,,,,,,,,,,0.1523,0.1513,0.1531,0.153,0.1537,0.1476,0.1575,0.1594,0.1589,0.16,0.1603,0.1613,0.1614,0.1602,0.1602,0.1598,0.1587,0.1634,0.1585,0.1567,0.1615,0.1629,0.1734,0.1644,0.1773,0.1753,0.1828,0.1859
S,E7000,KWH1000-2499,KWH,X_TAX,NAC,BE,,0.1424,0.1663,0.1879,0.1629,0.1576,0.1653,0.1641,0.1765,0.1805,0.1756,0.1863,0.1742,0.1809,0.1812,0.1814,0.1938,0.1991,0.1773,0.1967,0.2084,0.1959,0.2044,0.2166,0.2139,0.2147,0.2035,0.1986,0.1933,0.2154,0.2805,0.3892,0.3797,0.3094,0.2718,0.2793,0.3075,0.2979
S,E7000,KWH1000-2499,KWH,X_TAX,NAC,BG,,0.118,0.119,0.132,0.135,0.133,0.133,0.1354,0.1352,0.1399,0.1384,0.155,0.1522,0.1421,0.1365,0.1468,0.1554,0.1566,0.1569,0.1547,0.1569,0.1604,0.1608,0.1636,0.1634,0.162,0.1658,0.1663,0.1702,0.18,0.1808,0.1869,0.1868,0.1943,0.1945,0.1994,0.214,0.2209
S,E7000,KWH1000-2499,KWH,X_TAX,NAC,CY,,0.0778,0.1509,0.1639,0.112,0.1295,0.1589,0.1679,0.1728,0.2029,0.234,0.2402,0.2263,0.2018,0.1857,0.1904,0.1559,0.145,0.1181,0.1277,0.1448,0.1453,0.1552,0.1849,0.1643,0.1679,0.1594,0.1294,0.1393,0.156,0.1787,0.2689,0.2449,0.2249,0.2257,0.2244,0.2097,0.206
S,E7000,KWH1000-2499,KWH,X_TAX,NAC,CZ,3.72,3.72,3.97,3.97,4.38,4.38,4.25,4.25,4.4,4.4,4.51,4.51,4.6,4.6,4.15,4.15,4.13,4.13,4.18,4.18,4.19,4.19,4.38,4.47,4.39,4.42,4.64,4.68,4.59,4.9,5.4157,6.0486,7.2613,7.3432,7.6569,7.5731,7.45,7.262
S,E7000,KWH1000-2499,KWH,X_TAX,NAC,DE,0.1418,0.1474,0.1497,0.1538,0.1607,0.1562,0.1584,0.1579,0.1609,0.1597,0.1644,0.1642,0.1702,0.1704,0.1647,0.1647,0.1647,0.1642,0.162,0.1619,0.1641,0.1638,0.1654,0.1658,0.1772,0.1621,0.1742,0.1723,0.1827,0.1877,0.2188,0.2637,0.3302,0.3234,0.3185,0.3192,0.301,0.3039
S,E7000,KWH1000-2499,KWH,X_TAX,NAC,DK,,0.9287,1.0083,1.1109,1.0047,0.8906,0.9551,0.9967,1.0573,1.077,1.0252,0.9741,0.9748,0.9283,0.9433,0.918,0.8276,0.7986,0.7953,0.8367,0.8414,0.8264,0.8946,0.9744,0.9563,0.9265,0.86,0.8281,0.9109,1.2486,1.9061,2.8378,2.3792,1.5235,1.5621,1.5959,1.5233,1.4169
S,E7000,KWH1000-2499,KWH,X_TAX,NAC,EA,,0.1272,0.1287,0.1357,0.138,0.138,0.138,0.1404,0.1439,0.1473,0.149,0.1542,0.1533,0.157,0.1544,0.1593,0.1561,0.1568,0.1527,0.1559,,,,,,,,,,,,,,,,,,
S,E7000,KWH1000-2499,KWH,X_TAX,NAC,EE,,1.04,1.02,1.066,1.135,1.112,1.107,1.134,0.0723,0.0777,0.0793,0.0811,0.1028,0.1026,0.0991,0.1007,0.0981,0.0989,0.0961,0.0985,0.0927,0.0978,0.1027,0.108,0.1061,0.1074,0.1001,0.1062,0.1111,0.1482,0.1678,0.202,0.1905,0.2036,0.1971,0.1941,0.1986,0.1947
S,E7000,KWH1000-2499,KWH,X_TAX,NAC,EL,,0.0851,0.0828,0.0855,0.0888,0.0838,0.0877,0.086,0.0905,0.093,0.0962,0.0964,0.109,0.1143,0.1155,0.1216,0.1273,0.1275,0.1204,0.1216,0.1171,0.12,0.1175,0.1182,0.1179,0.1247,0.1332,0.1344,0.1366,0.1627,0.3058,0.4721,0.1964,0.2093,0.2153,0.2189,0.226,0.2258
S,E7000,KWH1000-2499,KWH,X_TAX,NAC,ES,,0.1332,0.1299,0.1475,0.1459,0.1571,0.1622,0.1681,0.1768,0.187,0.1956,0.1978,0.1913,0.2012,0.2037,0.2166,0.2135,0.2242,0.2101,0.2193,0.2248,0.2113,0.2303,0.2393,0.1639,0.1561,0.1471,0.1572,0.1648,0.2089,0.3005,0.3405,0.2543,0.2446,0.2232,0.2274,0.2198,0.2292
S,E7000,KWH1000-2499,KWH,X_TAX,NAC,FI,,0.1073,0.1118,0.1166,0.1249,0.1261,0.129,0.133,0.1398,0.1435,0.1417,0.1433,0.1449,0.1442,0.1435,0.1426,0.1404,0.139,0.1419,0.144,0.1513,0.1543,0.1564,0.1662,0.1701,0.1736,0.1693,0.1735,0.172,0.1779,0.1877,0.2437,0.253,0.2239,0.195,0.201,0.2164,0.2173
S,E7000,KWH1000-2499,KWH,X_TAX,NAC,FR,,0.1098,0.1078,0.1079,0.1065,0.1081,0.1095,0.1159,0.1158,0.1194,0.1153,0.1263,0.1256,0.1307,0.1236,0.1348,0.1306,0.1289,0.1252,0.1282,0.1274,0.1328,0.1391,0.1418,0.1384,0.1515,0.1519,0.1588,0.1558,0.1665,0.1893,0.2049,0.2258,0.2579,0.2562,0.2588,0.22,0.215
S,E7000,KWH1000-2499,KWH,X_TAX,NAC,GE,,,,,,,,,,,,,,,,,,,,,,,0.1616,0.1693,0.1866,0.1516,0.1688,0.1632,0.2013,0.185,,0.191,0.1865,0.1937,0.1559,0.156,0.1719,0.1734
S,E7000,KWH1000-2499,KWH,X_TAX,NAC,HR,0.74,0.64,0.64,0.76,0.76,0.67,0.668,0.666,0.667,0.749,0.7986,0.8934,0.8997,0.874,0.8371,0.8383,0.8379,0.8237,0.825,0.827,0.8247,0.8192,0.8229,0.8291,0.8362,0.8245,0.826,0.8297,0.8126,0.8252,0.8721,0.9525,0.1272,0.1265,0.1277,0.1272,0.1415,0.1437
S,E7000,KWH1000-2499,KWH,X_TAX,NAC,HU,,28.48,33.66,32.65,36.79,37.46,38.11,36.76,36.9945,36.9797,36.7529,36.421,33.1049,31.6112,30.1899,29.11,28.266,29.1703,28.4317,28.5535,28.4785,28.6472,29.6646,29.0778,28.8563,28.9481,28.1409,28.5939,28.5331,28.6229,27.7859,31.5041,29.1517,28.8525,28.2726,27.6664,27.9628,28.1498
S,E7000,KWH1000-2499,KWH,X_TAX,NAC,IE,,0.1975,0.1839,0.2087,0.2054,0.1894,0.1856,0.1891,0.1892,0.2041,0.2207,0.233,0.2317,0.2446,0.241,0.2536,0.2389,0.2371,0.2218,0.2278,0.2257,0.2254,0.2219,0.243,0.2434,0.2575,0.2396,0.2528,0.2575,0.2956,0.3323,0.4647,0.5307,0.5401,0.4513,0.4637,0.4226,0.4447
S,E7000,KWH1000-2499,KWH,X_TAX,NAC,IS,,,,,,,,,,,19.1924,19.4916,17.03,17.25,17.41,17.7,17.71,17.93,18.0923,18.3657,18.1721,18.2154,18.2938,18.3739,18.5973,18.7171,18.9477,19.1125,19.5758,19.7294,20.4795,21.1745,22.109,22.9356,24.4922,26.3,28.22,
S,E7000,KWH1000-2499,KWH,X_TAX,NAC,IT,,,,,,,,0.1253,0.1251,0.1286,0.1364,0.1441,0.1381,0.1398,0.1433,0.1421,0.138,0.139,0.137,0.1397,0.1525,0.1613,0.1572,0.1715,0.1723,0.175,0.1695,0.167,0.1766,0.2108,0.2998,0.364,0.3638,0.2846,0.2788,0.2725,0.2886,0.2562
S,E7000,KWH1000-2499,KWH,X_TAX,NAC,LI,,,,,,,,,,,,,,,0.1712,0.1712,0.1712,0.1712,0.1658,0.1658,0.1624,0.1624,0.2189,0.2181,0.2188,0.2189,0.2195,0.2194,0.2209,0.2137,0.2215,0.2211,0.4091,0.3312,0.2956,0.2802,0.2869,0.287
S,E7000,KWH1000-2499,KWH,X_TAX,NAC,LT,,0.2638,0.2614,0.2615,0.2847,0.2733,0.3373,0.3535,0.357,0.3639,0.368,0.3685,0.3038,0.3096,0.3142,0.3107,0.0892,0.088,0.0876,0.0833,0.0797,0.0789,0.0785,0.0785,0.0964,0.0964,0.1131,0.0989,0.1026,0.1142,0.1231,0.2244,0.2517,0.2015,0.2066,0.1996,0.1957,0.1875
S,E7000,KWH1000-2499,KWH,X_TAX,NAC,LU,0.2013,0.1626,0.1626,0.1634,0.178,0.1814,0.1606,0.1622,0.1625,0.161,0.1647,0.1656,0.1625,0.1571,0.1577,0.1577,0.1477,0.1477,0.1473,0.1473,0.1411,0.1421,0.157,0.1589,0.1641,0.1641,0.181,0.1808,0.1786,0.1787,0.1996,0.202,0.3455,0.3272,0.3427,0.3421,0.327,0.327
S,E7000,KWH1000-2499,KWH,X_TAX,NAC,LV,,0.0486,0.0565,0.0676,0.0676,0.0676,0.0676,0.0676,0.0676,0.0694,0.0756,0.0577,0.0633,0.0516,0.0805,0.073,0.1087,0.1101,0.1079,0.1106,0.1086,0.1083,0.1078,0.1081,0.1198,0.1203,0.123,0.1229,0.1207,0.1417,0.1827,0.2463,0.2679,0.2867,0.2529,0.2414,0.2258,0.2307
S,E7000,KWH1000-2499,KWH,X_TAX,NAC,MD,,,,,,,,,,,,,,,,,1.6256,1.8505,2.11,1.9787,2.0082,2.0565,2.0365,1.8406,1.8316,1.9562,2.006,1.8778,1.7141,1.681,1.9904,3.5813,3.5022,2.7296,2.52,2.4932,4.0686,3.7887
S,E7000,KWH1000-2499,KWH,X_TAX,NAC,ME,,,,,,,,,0.0766,0.0749,0.0797,0.0922,0.0948,0.0968,0.0973,0.098,0.0982,0.0986,0.0957,0.0967,0.0864,0.0865,0.0887,0.0888,0.0893,0.0915,0.088,0.0893,0.087,0.0879,0.0859,0.0869,0.0885,0.0888,0.0932,0.0934,0.0958,0.0963
S,E7000,KWH1000-2499,KWH,X_TAX,NAC,MK,,,,,,,,,,,,2.2711,2.4033,2.5245,2.5783,2.5494,4.3791,4.372,4.3308,4.3455,4.3206,4.2742,4.1373,4.1404,4.1336,4.1438,4.1332,4.3744,4.4325,4.959,5.5586,6.0554,5.9051,6.0555,6.418,6.6249,6.7205,6.683
S,E7000,KWH1000-2499,KWH,X_TAX,NAC,MT,,0.0188,0.059,0.126,0.1816,0.163,0.1814,0.1831,0.181,0.1842,0.1832,0.1849,0.1806,0.1856,0.1592,0.1376,0.1356,0.1388,0.1349,0.1388,0.1408,0.1393,0.1369,0.1399,0.1383,0.1406,0.1386,0.1414,0.1391,0.1435,0.1412,0.1433,0.1365,0.1391,0.1376,0.1429,0.1362,0.135
S,E7000,KWH1000-2499,KWH,X_TAX,NAC,NL,0.1506,0.1501,0.1516,0.1556,0.1909,0.1872,0.1698,0.1713,0.1758,0.1759,0.1825,0.1892,0.1863,0.1924,0.1845,0.1858,0.1789,0.1748,0.172,0.1702,0.182,0.182,0.196,0.199,0.203,0.204,0.2095,0.208,0.2109,0.2239,0.2903,0.4023,0.5293,0.3622,0.4139,0.3821,0.3859,0.4024
S,E7000,KWH1000-2499,KWH,X_TAX,NAC,NO,,1.333,1.463,1.5767,1.555,1.516,1.777,1.7013,1.812,1.645,1.6132,1.5219,1.6246,1.6308,1.5611,1.5876,1.5859,1.5216,1.5841,1.6399,1.6994,1.706,1.8817,2.0077,2.0307,1.9751,1.743,1.7145,2.0954,2.5264,2.7217,3.7117,2.752,2.7561,2.8693,2.9157,3.0672,3.0403
S,E7000,KWH1000-2499,KWH,X_TAX,NAC,PL,,0.4051,0.3549,0.3876,0.4251,0.427,0.4511,0.4661,0.4901,0.4832,0.5,0.5083,0.5013,0.4971,0.4825,0.4867,0.4966,0.4953,0.48,0.4874,0.4432,0.4354,0.4037,0.4156,0.4144,0.4017,0.4409,0.4644,0.4564,0.4441,0.4594,0.5178,0.4719,0.4969,0.4331,0.625,0.6697,0.702
S,E7000,KWH1000-2499,KWH,X_TAX,NAC,PT,,0.118,0.1242,0.1257,0.1451,0.1575,0.1231,0.1192,0.1139,0.1184,0.1256,0.1316,0.1308,0.1343,0.1366,0.1392,0.1229,0.1234,0.133,0.1299,0.1197,0.1166,0.1078,0.1101,0.1287,0.1323,0.1251,0.1258,0.1267,0.1311,0.19,0.2325,0.3059,0.2351,0.2013,0.1868,0.1818,0.1863
S,E7000,KWH1000-2499,KWH,X_TAX,NAC,RO,,0.3267,0.3292,0.3334,0.3458,0.3458,0.3567,0.361,0.3603,0.3594,0.3609,0.3493,0.3997,0.4076,0.4164,0.4168,0.4217,0.4256,0.4201,0.4087,0.4003,0.4421,0.4677,0.4536,0.4668,0.4871,0.5041,0.508,0.5539,0.5872,0.87,1.3349,0.6098,0.6095,0.6063,0.6067,0.6175,1.1702
S,E7000,KWH1000-2499,KWH,X_TAX,NAC,RS,,,,,,,,,,,,,6.2406,6.6742,6.2623,6.9724,6.0578,6.9648,7.0699,7.1698,7.3443,7.3692,7.4885,7.4408,7.4875,7.5023,7.7709,7.645,8.0175,8.3855,8.4335,8.6904,9.6254,10.2775,10.5862,10.646,10.7942,10.5889
S,E7000,KWH1000-2499,KWH,X_TAX,NAC,SE,0.9,1.031,1.149,1.28,1.29,1.24,1.29,1.31,1.36,1.3533,1.2988,1.2703,1.3072,1.2862,1.287,1.3207,1.2661,1.2862,1.3162,1.4134,1.4043,1.4472,1.5048,1.6318,1.6629,1.6926,1.4552,1.4711,1.5805,1.9801,2.1858,2.9506,2.307,1.859,2.0212,1.9885,2.2462,2.2748
S,E7000,KWH1000-2499,KWH,X_TAX,NAC,SI,,0.0992,0.1027,0.1041,0.1212,0.1216,0.1212,0.1214,0.1211,0.1284,0.1326,0.1344,0.1319,0.1336,0.1313,0.1295,0.1273,0.1271,0.1269,0.1273,0.1247,0.1253,0.1276,0.1304,0.1296,0.1313,0.1169,0.1355,0.1341,0.1372,0.119,0.177,0.1821,0.1813,0.1892,0.1871,0.1656,0.1814
S,E7000,KWH1000-2499,KWH,X_TAX,NAC,SK,,4.55,4.53,4.55,0.1465,0.1431,0.144,0.1547,0.1545,0.1565,0.1593,0.1597,0.1567,0.1558,0.1384,0.14,0.142,0.1425,0.1291,0.1458,0.1052,0.1036,0.1156,0.1033,0.1174,0.1167,0.1259,0.1293,0.1246,0.1197,0.1411,0.15,0.1515,0.1426,0.1416,0.1386,0.1431,0.1431
S,E7000,KWH1000-2499,KWH,X_TAX,NAC,TR,,0.1234,0.1476,0.1866,0.1957,0.2035,0.2156,0.2155,0.2158,0.2266,0.2459,0.2699,0.283,0.2826,0.2841,0.2957,0.3098,0.3097,0.3324,0.3324,0.3327,0.3325,0.3644,0.4438,0.4347,0.5363,0.5758,0.5901,0.6405,0.73,1.1337,1.4761,1.5109,1.3863,1.3847,1.8698,2.0965,2.4305
S,E7000,KWH1000-2499,KWH,X_TAX,NAC,UA,,,,,,,,,,,,,,,,,,,0.59,0.75,0.95,0.99,0.96,0.9538,0.9762,0.9719,1.0033,0.9263,1.3582,,,,,,,,,
S,E7000,KWH1000-2499,KWH,X_TAX,NAC,UK,,0.1077,0.113,0.129,0.131,0.1303,0.123,0.1265,0.1266,0.1429,0.1429,0.1497,0.1535,0.1581,0.1664,0.1681,0.1425,0.1445,0.1396,0.147,0.1317,0.1356,0.1331,0.1394,0.1423,0.1482,0.1495,,,,,,,,,,,
S,E7000,KWH1000-2499,KWH,X_TAX,NAC,XK,,,,,,,,,,,,,0.0406,0.0408,0.0413,0.0509,0.0478,0.0554,0.0478,0.0555,0.0554,0.0621,0.0615,0.0612,0.0573,0.0564,0.056,0.056,0.0556,0.0569,0.0587,0.0599,0.0632,0.0673,0.0679,0.0677,0.0711,0.0798
S,E7000,KWH1000-2499,KWH,X_TAX,PPS,AL,,,,,,,,,0.2193,0.2193,0.2155,0.2155,0.2148,0.2148,0.2182,0.2182,0.1536,0.1631,0.1639,0.1637,0.1537,0.1537,,0.1529,0.1543,0.1543,0.1494,0.1494,0.1476,0.1476,0.1482,0.1482,0.1491,0.1493,0.151,0.1519,0.1529,0.1529
S,E7000,KWH1000-2499,KWH,X_TAX,PPS,AT,,0.1334,0.1292,0.1312,0.1314,0.1324,0.14,0.1357,0.1422,0.1432,0.1435,0.1412,0.1425,0.1396,0.1383,0.136,0.1325,0.1328,0.1361,0.1351,0.1288,0.1233,0.1249,0.1306,0.1344,0.1367,0.1374,0.1395,0.1409,0.1473,0.1547,0.2069,0.269,0.2946,0.29,0.2597,0.2462,0.2455
S,E7000,KWH1000-2499,KWH,X_TAX,PPS,BA,,,,,,,,,,,0.1614,0.1603,0.1605,0.1604,0.1626,0.1562,0.1666,0.1729,0.1719,0.1729,0.1617,0.1627,0.1622,0.161,0.1595,0.1591,0.1584,0.1631,0.1582,0.154,0.1588,0.1599,0.163,0.1519,0.1662,0.1633,0.1584,0.1611
S,E7000,KWH1000-2499,KWH,X_TAX,PPS,BE,,0.1303,0.1487,0.168,0.1428,0.1381,0.1491,0.148,0.159,0.1626,0.1585,0.1682,0.1547,0.1607,0.1633,0.1634,0.1746,0.1804,0.1639,0.184,0.1845,0.1734,0.1811,0.192,0.1896,0.1903,0.1824,0.178,0.1733,0.1936,0.2524,0.3503,0.3411,0.2765,0.2422,0.2474,0.2739,0.2654
S,E7000,KWH1000-2499,KWH,X_TAX,PPS,BG,,0.1504,0.1423,0.1579,0.1544,0.1521,0.1534,0.1562,0.146,0.1511,0.1505,0.1686,0.1636,0.1528,0.148,0.1592,0.1685,0.1732,0.174,0.1707,0.1593,0.1629,0.1599,0.1627,0.1571,0.1558,0.1573,0.1578,0.1615,0.1667,0.1675,0.1723,0.1584,0.1648,0.1648,0.1689,0.1783,0.1841
S,E7000,KWH1000-2499,KWH,X_TAX,PPS,CY,,0.1525,0.1721,0.1869,0.126,0.1457,0.1791,0.1892,0.1878,0.2205,0.2578,0.2646,0.2536,0.2262,0.2113,0.2166,0.1774,0.1592,0.1336,0.1444,0.1623,0.1628,0.1729,0.206,0.1813,0.1853,0.174,0.1413,0.1521,0.1702,0.1949,0.2967,0.2677,0.2467,0.2512,0.2464,0.2296,0.2256
S,E7000,KWH1000-2499,KWH,X_TAX,PPS,CZ,0.2165,0.2165,0.2174,0.2174,0.237,0.237,0.2324,0.2324,0.2477,0.2477,0.2548,0.2548,0.263,0.263,0.2379,0.2379,0.2389,0.2389,0.2417,0.2438,0.2316,0.2316,0.24,0.245,0.2354,0.237,0.2424,0.2445,0.2398,0.2531,0.2726,0.3044,0.3664,0.3706,0.3817,0.3729,0.3671,0.3578
S,E7000,KWH1000-2499,KWH,X_TAX,PPS,DE,0.1385,0.144,0.1441,0.148,0.1494,0.1452,0.1518,0.1513,0.1548,0.1537,0.1591,0.1589,0.1619,0.1621,0.1581,0.1581,0.1581,0.1574,0.157,0.1562,0.1513,0.151,0.1522,0.1526,0.1603,0.1466,0.1577,0.1559,0.1653,0.1689,0.1969,0.2374,0.2949,0.289,0.2832,0.2852,0.2695,0.2722
S,E7000,KWH1000-2499,KWH,X_TAX,PPS,DK,,0.0915,0.0983,0.1083,0.0965,0.0855,0.094,0.0981,0.105,0.1069,0.1018,0.0967,0.0959,0.0914,0.0939,0.0914,0.0853,0.0823,0.0796,0.0837,0.0841,0.0826,0.0896,0.0976,0.0965,0.0935,0.0866,0.0834,0.0918,0.1264,0.1929,0.2855,0.2416,0.1537,0.16,0.1619,0.1561,0.1452
S,E7000,KWH1000-2499,KWH,X_TAX,PPS,EA,,0.1266,0.1252,0.132,0.1316,0.1316,0.1326,0.1349,0.1386,0.1419,0.1449,0.15,0.1485,0.1521,0.1508,0.1556,0.1553,0.156,0.1488,0.1519,0.1528,0.1528,0.158,0.1628,0.1542,0.1545,0.155,0.1578,0.1614,0.1807,0.2288,0.2762,0.2842,0.2708,0.2624,0.2615,0.2512,0.2487
S,E7000,KWH1000-2499,KWH,X_TAX,PPS,EE,,0.0979,0.0918,0.096,0.1036,0.1015,0.1044,0.1069,0.1041,0.1119,0.1118,0.1144,0.141,0.1407,0.1327,0.1349,0.1314,0.1364,0.1319,0.1332,0.119,0.1256,0.1289,0.1356,0.1306,0.1322,0.1248,0.1324,0.1385,0.1809,0.2049,0.2464,0.2151,0.2269,0.219,0.2114,0.2172,0.2129
S,E7000,KWH1000-2499,KWH,X_TAX,PPS,EL,,0.0961,0.0923,0.0953,0.0958,0.0904,0.0954,0.0935,0.0975,0.1002,0.1076,0.1078,0.1277,0.1339,0.1393,0.1467,0.1535,0.1559,0.1459,0.1474,0.1398,0.1433,0.1412,0.142,0.1429,0.1511,0.161,0.1625,0.1651,0.1982,0.3716,0.5737,0.2394,0.2552,0.2658,0.2703,0.2781,0.2779
S,E7000,KWH1000-2499,KWH,X_TAX,PPS,ES,,0.1484,0.1409,0.16,0.1547,0.1666,0.1726,0.1789,0.1895,0.2004,0.2161,0.2185,0.2124,0.2234,0.2277,0.2422,0.2387,0.2504,0.2373,0.2453,0.2447,0.23,0.2471,0.2567,0.1758,0.1675,0.1567,0.1674,0.1755,0.2233,0.3212,0.3606,0.2727,0.2623,0.2439,0.2534,0.245,0.2555
S,E7000,KWH1000-2499,KWH,X_TAX,PPS,EU27_2020,,,,,,,,,,,,,,,,,,,,,0.152,0.1525,0.1564,0.1612,0.154,0.1542,0.1541,0.1569,0.1604,0.1799,0.2206,0.2685,0.2659,0.2515,0.2497,0.2488,0.2403,0.2425
S,E7000,KWH1000-2499,KWH,X_TAX,PPS,FI,,0.0926,0.0952,0.0993,0.104,0.105,0.1081,0.1114,0.1162,0.1193,0.1174,0.1187,0.1175,0.1169,0.1154,0.1147,0.1129,0.112,0.1162,0.1189,0.1217,0.1242,0.1245,0.1323,0.1354,0.1381,0.1339,0.1372,0.136,0.1431,0.1505,0.195,0.204,0.1806,0.1624,0.1674,0.1802,0.181
S,E7000,KWH1000-2499,KWH,X_TAX,PPS,FR,,0.0998,0.0955,0.0955,0.0931,0.0944,0.0975,0.1032,0.1035,0.1067,0.1027,0.1125,0.1111,0.1156,0.1126,0.123,0.1219,0.1203,0.1158,0.1197,0.1136,0.1184,0.1248,0.1273,0.1272,0.1393,0.1396,0.1459,0.1431,0.1532,0.1746,0.189,0.2079,0.2361,0.2345,0.2369,0.202,0.1974
S,E7000,KWH1000-2499,KWH,X_TAX,PPS,HR,0.1564,0.1352,0.1305,0.155,0.1484,0.1308,0.1303,0.1299,0.1333,0.1496,0.1656,0.1852,0.187,0.1817,0.1731,0.1733,0.1732,0.1711,0.1739,0.1747,0.1703,0.1692,0.169,0.1703,0.1716,0.1692,0.1699,0.1707,0.1672,0.1682,0.1778,0.194,0.1911,0.1878,0.1848,0.1784,0.1985,0.2016
S,E7000,KWH1000-2499,KWH,X_TAX,PPS,HU,,0.176,0.2032,0.1971,0.2204,0.2244,0.2319,0.2236,0.2236,0.2235,0.2184,0.2164,0.1934,0.1847,0.1727,0.1666,0.1617,0.1668,0.1619,0.1631,0.1438,0.1446,0.1444,0.1415,0.1353,0.1357,0.1264,0.1284,0.1222,0.1226,0.1099,0.1246,0.1153,0.1141,0.1039,0.1034,0.0998,0.1004
S,E7000,KWH1000-2499,KWH,X_TAX,PPS,IE,,0.1672,0.151,0.1713,0.1732,0.1597,0.168,0.1712,0.1716,0.1851,0.2013,0.2125,0.2103,0.222,0.2165,0.2279,0.2147,0.2128,0.2058,0.2113,0.1951,0.1948,0.1902,0.2082,0.2026,0.2143,0.1972,0.208,0.2148,0.2466,0.2772,0.3909,0.4464,0.4543,0.3812,0.3917,0.357,0.3757
S,E7000,KWH1000-2499,KWH,X_TAX,PPS,IS,,,,,,,,,,,0.1066,0.1083,0.0931,0.0943,0.0938,0.0953,0.0954,0.0966,0.097,0.0977,0.0939,0.0941,0.0897,0.0901,0.0889,0.0894,0.0846,0.0853,0.0874,0.0874,0.0907,0.0938,0.1007,0.1029,0.1093,0.1186,0.1236,
S,E7000,KWH1000-2499,KWH,X_TAX,PPS,IT,,,,,,,,0.1226,0.1228,0.1262,0.1358,0.1435,0.1369,0.1386,0.1428,0.1416,0.1375,0.1382,0.1396,0.1423,0.1518,0.1606,0.1568,0.171,0.1731,0.1758,0.1706,0.1681,0.1778,0.215,0.3058,0.3727,0.3784,0.2966,0.2888,0.2833,0.3017,0.2678
S,E7000,KWH1000-2499,KWH,X_TAX,PPS,LT,,0.1329,0.1202,0.1202,0.133,0.1277,0.1652,0.1731,0.1713,0.1746,0.1768,0.177,0.1435,0.1462,0.1484,0.1467,0.1448,0.1459,0.1449,0.1399,0.1236,0.1224,0.1191,0.1191,0.1437,0.1437,0.1659,0.1451,0.1505,0.1641,0.1769,0.325,0.3345,0.2678,0.2675,0.2554,0.2505,0.2399
S,E7000,KWH1000-2499,KWH,X_TAX,PPS,LU,0.1767,0.1427,0.1402,0.1409,0.1476,0.1504,0.1329,0.1342,0.1371,0.1358,0.1394,0.1402,0.134,0.1296,0.1323,0.1323,0.1239,0.1231,0.1251,0.1247,0.1142,0.115,0.1257,0.1272,0.1301,0.1301,0.1399,0.1398,0.1381,0.1401,0.1565,0.1559,0.2662,0.2474,0.2591,0.2592,0.2478,0.2478
S,E7000,KWH1000-2499,KWH,X_TAX,PPS,LV,,0.1042,0.1119,0.1338,0.1405,0.1405,0.1459,0.1459,0.1431,0.1469,0.1575,0.1202,0.1303,0.1062,0.1174,0.1064,0.1585,0.1631,0.1621,0.1668,0.1539,0.1535,0.1489,0.1493,0.162,0.1627,0.1666,0.1665,0.1635,0.1868,0.238,0.3208,0.3355,0.3581,0.3136,0.3132,0.293,0.2993
S,E7000,KWH1000-2499,KWH,X_TAX,PPS,ME,,,,,,,,,0.1561,0.1526,0.1623,0.1877,0.1889,0.1929,0.1895,0.1908,0.1912,0.1986,0.1953,0.2004,0.1733,0.1735,0.1729,0.1731,0.1759,0.1802,0.1745,0.1771,0.1725,0.1689,0.165,0.1688,0.1621,0.1627,0.1638,0.166,0.1708,0.1716
S,E7000,KWH1000-2499,KWH,X_TAX,PPS,MK,,,,,,,,,,,,0.0909,0.0939,0.0986,0.101,0.0999,0.1739,0.1737,0.1703,0.1693,0.1564,0.1547,0.1474,0.1475,0.1475,0.1479,0.1459,0.1544,0.1565,0.1693,0.1898,0.2111,0.2005,0.2073,0.2153,0.2124,0.2155,0.2143
S,E7000,KWH1000-2499,KWH,X_TAX,PPS,MT,,0.0626,0.0823,0.1757,0.2497,0.2241,0.2484,0.2507,0.2394,0.2436,0.239,0.2412,0.2316,0.238,0.1986,0.1717,0.1691,0.1731,0.1682,0.173,0.1693,0.1675,0.159,0.1624,0.1611,0.1638,0.158,0.1612,0.1586,0.1625,0.1617,0.1617,0.1522,0.1551,0.1516,0.1574,0.1497,0.1484
S,E7000,KWH1000-2499,KWH,X_TAX,PPS,NL,0.1425,0.142,0.1406,0.1443,0.1706,0.1673,0.1525,0.1539,0.1597,0.1598,0.1665,0.1726,0.1702,0.1758,0.1686,0.1698,0.1649,0.1611,0.1585,0.1576,0.1598,0.1598,0.1711,0.1737,0.172,0.1729,0.1798,0.1785,0.1816,0.1928,0.248,0.3437,0.4503,0.3081,0.3531,0.326,0.3292,0.3433
S,E7000,KWH1000-2499,KWH,X_TAX,PPS,NO,,0.1232,0.1306,0.1407,0.1306,0.1273,0.1505,0.1441,0.1522,0.1381,0.1375,0.1297,0.1333,0.1338,0.1247,0.1268,0.1267,0.1212,0.1231,0.1264,0.1215,0.122,0.1329,0.1418,0.1397,0.1359,0.1151,0.1132,0.1384,0.1743,0.1878,0.2587,0.2015,0.2032,0.2018,0.2056,0.2121,0.2102
S,E7000,KWH1000-2499,KWH,X_TAX,PPS,PL,,0.1783,0.1493,0.1631,0.1715,0.1723,0.1892,0.1955,0.2023,0.1995,0.2073,0.2107,0.2078,0.2061,0.1993,0.201,0.2051,0.2059,0.203,0.2063,0.1746,0.1715,0.1567,0.1613,0.1577,0.1529,0.1645,0.1733,0.1703,0.1613,0.1583,0.1784,0.1639,0.1726,0.1411,0.2037,0.2162,0.2267
S,E7000,KWH1000-2499,KWH,X_TAX,PPS,PT,,0.1451,0.1495,0.1513,0.1724,0.1871,0.1487,0.1439,0.1387,0.1442,0.1576,0.1651,0.1677,0.1722,0.1756,0.1789,0.158,0.1584,0.1708,0.1661,0.1428,0.1391,0.128,0.1307,0.1532,0.1575,0.147,0.1479,0.1489,0.1531,0.2219,0.2715,0.3578,0.2788,0.2434,0.227,0.2204,0.2259
S,E7000,KWH1000-2499,KWH,X_TAX,PPS,RO,,0.1753,0.1611,0.1631,0.1642,0.1642,0.1711,0.1731,0.1708,0.1704,0.1699,0.1644,0.1813,0.1849,0.1822,0.1824,0.1846,0.1924,0.1927,0.1875,0.1704,0.1881,0.1898,0.1841,0.1854,0.1934,0.1973,0.1988,0.2168,0.2245,0.3155,0.484,0.2211,0.221,0.2156,0.214,0.2081,0.3943
S,E7000,KWH1000-2499,KWH,X_TAX,PPS,RS,,,,,,,,,,,,,0.1134,0.1213,0.1101,0.1226,0.1065,0.1295,0.1298,0.1324,0.1235,0.124,0.1239,0.1232,0.122,0.1223,0.1243,0.1223,0.1283,0.131,0.1317,0.1359,0.1427,0.1501,0.1474,0.1492,0.1501,0.1472
S,E7000,KWH1000-2499,KWH,X_TAX,PPS,SE,0.0822,0.0942,0.1023,0.114,0.1088,0.1046,0.1095,0.1112,0.1159,0.1153,0.112,0.1095,0.1121,0.1103,0.1086,0.1115,0.1068,0.1073,0.1067,0.1183,0.1089,0.1123,0.1151,0.1249,0.1258,0.1281,0.11,0.1112,0.1201,0.1505,0.1662,0.2243,0.1712,0.1376,0.1486,0.1478,0.167,0.1691
S,E7000,KWH1000-2499,KWH,X_TAX,PPS,SI,,0.1279,0.1265,0.1282,0.1415,0.1419,0.1442,0.1445,0.145,0.1537,0.1639,0.1661,0.1638,0.1659,0.1643,0.162,0.1593,0.1589,0.1612,0.1625,0.1502,0.1509,0.1522,0.1556,0.1547,0.1568,0.1391,0.1612,0.1595,0.1618,0.1403,0.2084,0.2119,0.2137,0.2187,0.2172,0.1898,0.2079
S,E7000,KWH1000-2499,KWH,X_TAX,PPS,SK,,0.2005,0.212,0.2129,0.2156,0.2106,0.2154,0.2314,0.2248,0.2278,0.2333,0.2339,0.2306,0.2293,0.2077,0.2101,0.2131,0.2154,0.1974,0.2244,0.1399,0.1378,0.1505,0.1345,0.1491,0.1482,0.1564,0.1606,0.1548,0.1479,0.1744,0.1864,0.1829,0.1798,0.1748,0.1732,0.1784,0.1784
S,E7000,KWH1000-2499,KWH,X_TAX,PPS,TR,,0.1159,0.1295,0.1638,0.1614,0.1678,0.175,0.1749,0.1642,0.1724,0.1778,0.1951,0.1922,0.1919,0.179,0.1863,0.1952,0.1982,0.2001,0.1999,0.1651,0.165,0.1513,0.1842,0.154,0.19,0.1751,0.1795,0.1948,0.1751,0.272,0.2035,0.2083,0.1868,0.1242,0.1651,0.1159,0.1343
S,E7000,KWH1000-2499,KWH,X_TAX,PPS,UK,,0.1354,0.1356,0.1548,0.1502,0.1494,0.1358,0.1397,0.1365,0.1541,0.1563,0.1637,0.1659,0.1709,0.1775,0.1793,0.1545,0.1567,0.1514,0.1594,0.1321,0.136,0.132,0.1383,0.1397,0.1455,0.145,,,,,,,,,,,
S,E7000,KWH1000-2499,KWH,X_VAT,EUR,AL,,,,,,,,,0.096,0.0964,0.0969,0.0973,0.0963,0.0962,0.0963,0.0967,0.0676,0.0683,0.0687,0.0695,0.0703,0.0713,,0.0759,0.0767,0.0778,0.0768,0.0767,0.0771,0.0781,0.0784,0.0813,0.0842,0.0907,0.0929,0.0958,0.0963,0.0979
S,E7000,KWH1000-2499,KWH,X_VAT,EUR,AT,,0.1688,0.1671,0.1695,0.174,0.1751,0.181,0.1763,0.1842,0.1834,0.185,0.1879,0.197,0.1936,0.1951,0.1926,0.2016,0.1995,0.2066,0.2044,0.2023,0.1948,0.1933,0.2009,0.2022,0.2044,0.2093,0.2139,0.2209,0.2323,0.2182,0.2178,0.249,0.2545,0.2509,0.2192,0.2637,0.3057
S,E7000,KWH1000-2499,KWH,X_VAT,EUR,BA,,,,,,,,,,,0.0777,0.0772,0.0781,0.0781,0.0784,0.0753,0.0805,0.0815,0.0812,0.0818,0.0833,0.0839,0.0841,0.0834,0.0836,0.0837,0.0833,0.0861,0.0837,0.0829,0.0851,0.0857,0.0892,0.0846,0.0912,0.0901,0.094,0.0962
S,E7000,KWH1000-2499,KWH,X_VAT,EUR,BE,,0.1664,0.1795,0.2039,0.1782,0.1726,0.1823,0.1813,0.1958,0.1965,0.1924,0.2013,0.1921,0.1977,0.1986,0.2004,0.2122,0.2197,0.2342,0.2606,0.266,0.2737,0.2514,0.2639,0.255,0.2571,0.2489,0.2439,0.2417,0.2624,0.3243,0.4327,0.4303,0.388,0.3506,0.3487,0.3716,0.3591
S,E7000,KWH1000-2499,KWH,X_VAT,EUR,BG,,0.0603,0.0608,0.0675,0.069,0.068,0.068,0.0692,0.0691,0.0715,0.0708,0.0793,0.0778,0.0727,0.0698,0.0751,0.0795,0.0801,0.0802,0.0791,0.0802,0.082,0.0822,0.0836,0.0835,0.0828,0.0848,0.085,0.087,0.092,0.0924,0.0956,0.0955,0.0993,0.0994,0.102,0.1094,0.1129
S,E7000,KWH1000-2499,KWH,X_VAT,EUR,CY,,0.1354,0.1531,0.1661,0.1142,0.1317,0.1611,0.1753,0.1786,0.2098,0.2408,0.2482,0.2338,0.2099,0.1935,0.1978,0.1639,0.1543,0.1281,0.1365,0.1581,0.1585,0.1714,0.1955,0.1967,0.2,0.19,0.155,0.1794,0.2068,0.2468,0.2852,0.3293,0.3062,0.2892,0.2909,0.2726,0.2747
S,E7000,KWH1000-2499,KWH,X_VAT,EUR,CZ,0.1321,0.1358,0.1587,0.1618,0.1625,0.1712,0.1663,0.1722,0.1819,0.1784,0.1803,0.1807,0.1802,0.1763,0.1523,0.1513,0.1513,0.1537,0.1557,0.1558,0.1576,0.1631,0.1729,0.1745,0.1916,0.1929,0.1962,0.1961,0.198,0.2139,0.2399,0.0419,0.3078,0.304,0.3284,0.3231,0.3217,0.3241
S,E7000,KWH1000-2499,KWH,X_VAT,EUR,DE,0.1903,0.1961,0.2001,0.205,0.2126,0.213,0.2203,0.2265,0.2331,0.2334,0.239,0.246,0.2663,0.2669,0.2713,0.2714,0.2699,0.2695,0.2742,0.2771,0.2825,0.2824,0.2792,0.2808,0.2902,0.2726,0.289,0.2881,0.2964,0.3015,0.3061,0.3141,0.3812,0.3747,0.3717,0.3726,0.3653,0.3683
S,E7000,KWH1000-2499,KWH,X_VAT,EUR,DK,,0.214,0.2336,0.2456,0.2393,0.2278,0.2379,0.2408,0.2572,0.2627,0.2647,0.2622,0.2643,0.2573,0.266,0.2651,0.267,0.2661,0.2672,0.2674,0.2631,0.2597,0.2691,0.2715,0.2584,0.2538,0.2468,0.2459,0.2505,0.2952,0.3838,0.4876,0.3269,0.3041,0.3177,0.3222,0.3007,0.2862
S,E7000,KWH1000-2499,KWH,X_VAT,EUR,EA,0.1802,0.1494,0.1487,0.1565,0.1569,0.1581,0.1611,0.1658,0.1712,0.1758,0.1783,0.1862,0.1905,0.1949,0.1964,0.2015,0.2016,0.2026,0.1998,0.204,0.2101,0.2105,0.2131,0.2199,0.2223,0.2235,0.2209,0.2242,0.2257,0.2468,0.25,0.278,0.2944,0.2962,0.2959,0.2981,0.2941,0.2955
S,E7000,KWH1000-2499,KWH,X_VAT,EUR,EE,,0.0677,0.0704,0.0732,0.0796,0.0782,0.0823,0.085,0.0829,0.0883,0.0934,0.0953,0.116,0.1158,0.1121,0.113,0.1115,0.1122,0.1102,0.1126,0.1076,0.1127,0.1161,0.1214,0.121,0.1223,0.1148,0.1185,0.1234,0.1605,0.1801,0.2143,0.2039,0.2159,0.2087,0.2061,0.2087,0.2052
S,E7000,KWH1000-2499,KWH,X_VAT,EUR,EL,,0.0851,0.0831,0.0855,0.0888,0.0843,0.0938,0.0949,0.0954,0.0984,0.109,0.1132,0.1274,0.1443,0.1482,0.1571,0.1595,0.1603,0.154,0.1548,0.151,0.15,0.1505,0.151,0.145,0.1516,0.1601,0.1611,0.1634,0.1898,0.1984,0.2434,0.2328,0.2365,0.2345,0.2417,0.2462,0.2534
S,E7000,KWH1000-2499,KWH,X_VAT,EUR,ES,,0.14,0.1365,0.155,0.1534,0.1652,0.1705,0.1767,0.1859,0.1965,0.2056,0.2079,0.2011,0.2115,0.2141,0.2276,0.2244,0.2357,0.2209,0.2305,0.2362,0.2221,0.242,0.2516,0.2475,0.2441,0.2339,0.2394,0.2384,0.2919,0.329,0.3666,0.2741,0.2641,0.2564,0.2639,0.2632,0.2738
S,E7000,KWH1000-2499,KWH,X_VAT,EUR,EU27_2020,0.1651,0.1447,0.1458,0.1532,0.1518,0.1532,0.1571,0.1617,0.1674,0.1704,0.1727,0.1799,0.1837,0.1863,0.1863,0.1903,0.1901,0.1909,0.1886,0.1923,0.1971,0.1979,0.2003,0.2063,0.2081,0.2092,0.206,0.2092,0.2117,0.2342,0.2364,0.2599,0.2738,0.2721,0.2788,0.2802,0.2761,0.2805
S,E7000,KWH1000-2499,KWH,X_VAT,EUR,FI,,0.1147,0.1207,0.1254,0.1337,0.1349,0.1378,0.1418,0.1568,0.1605,0.1587,0.1603,0.1619,0.1612,0.1625,0.1617,0.1629,0.1616,0.1644,0.1666,0.1738,0.1768,0.1789,0.1887,0.1927,0.1984,0.1918,0.196,0.1945,0.2005,0.2103,0.2663,0.2755,0.2464,0.2176,0.2235,0.239,0.2398
S,E7000,KWH1000-2499,KWH,X_VAT,EUR,FR,,0.1241,0.1218,0.1219,0.1204,0.1226,0.1264,0.1334,0.1348,0.1398,0.1358,0.1483,0.1507,0.1566,0.1525,0.164,0.1627,0.1614,0.1604,0.1638,0.1684,0.1737,0.1755,0.1831,0.1803,0.194,0.1948,0.2027,0.199,0.2098,0.2165,0.2262,0.2386,0.2699,0.2832,0.2925,0.262,0.2576
S,E7000,KWH1000-2499,KWH,X_VAT,EUR,GE,,,,,,,,,,,,,,,,,,,,,,,0.0541,0.0565,0.0611,0.0466,0.0505,0.0434,0.0503,0.051,,0.0678,0.0664,0.0674,0.0533,0.0527,0.0567,0.0549
S,E7000,KWH1000-2499,KWH,X_VAT,EUR,HR,0.1006,0.0888,0.0894,0.1073,0.1043,0.0932,0.0923,0.0918,0.0908,0.1008,0.1065,0.1198,0.1195,0.1172,0.1144,0.1142,0.1144,0.113,0.1137,0.1149,0.1154,0.1179,0.1249,0.1259,0.1268,0.1253,0.1236,0.1239,0.1215,0.1239,0.1296,0.1404,0.1411,0.1404,0.1413,0.1405,0.1548,0.157
S,E7000,KWH1000-2499,KWH,X_VAT,EUR,HU,,0.1252,0.134,0.1321,0.128,0.1394,0.1415,0.1329,0.1383,0.1329,0.1294,0.1338,0.1168,0.1095,0.0984,0.0938,0.0919,0.0934,0.0909,0.0921,0.092,0.0927,0.0944,0.0899,0.0901,0.0877,0.0815,0.0801,0.0797,0.0797,0.0741,0.0774,0.0766,0.0754,0.0725,0.069,0.0691,0.072
S,E7000,KWH1000-2499,KWH,X_VAT,EUR,IE,,0.1975,0.1839,0.2087,0.2054,0.1894,0.1856,0.1933,0.2073,0.2205,0.2307,0.2454,0.2462,0.2633,0.2639,0.283,0.273,0.2701,0.2495,0.2624,0.2628,0.266,0.2698,0.2882,0.2644,0.2792,0.2554,0.2762,0.294,0.3349,0.2003,0.3002,0.1761,0.3351,0.187,0.2824,0.3308,0.4657
S,E7000,KWH1000-2499,KWH,X_VAT,EUR,IS,,,,,,,,,,,0.1184,0.1238,0.1054,0.1074,0.1126,0.1156,0.1204,0.1271,0.131,0.1473,0.1578,0.1496,0.1505,0.142,0.1379,0.1383,0.1296,0.1209,0.1313,0.1349,0.1478,0.1508,0.1491,0.1586,0.1666,0.1791,0.1973,
S,E7000,KWH1000-2499,KWH,X_VAT,EUR,IT,,,0.1435,0.1618,0.1555,0.1522,0.148,0.1474,0.1488,0.1575,0.1685,0.1827,0.178,0.1822,0.192,0.1907,0.1893,0.1937,0.191,0.1933,0.1956,0.203,0.1966,0.2128,0.2208,0.2293,0.2236,0.2254,0.2325,0.2434,0.3057,0.3695,0.3792,0.3282,0.3251,0.3262,0.3358,0.302
S,E7000,KWH1000-2499,KWH,X_VAT,EUR,LI,,,,,,,,,,,,,,,0.1426,0.1442,0.1715,0.168,0.1604,0.1621,0.1647,0.1547,0.2,0.2044,0.207,0.2134,0.2204,0.2161,0.2155,0.2141,0.2292,0.2415,0.4304,0.3613,0.323,0.3127,0.3207,0.3237
S,E7000,KWH1000-2499,KWH,X_VAT,EUR,LT,,0.0764,0.0757,0.0757,0.0825,0.0792,0.0977,0.1024,0.1034,0.1054,0.1066,0.1067,0.1152,0.1168,0.1117,0.1107,0.1056,0.1044,0.1034,0.0982,0.0935,0.0928,0.092,0.092,0.1055,0.1054,0.12,0.111,0.1138,0.1243,0.1264,0.2244,0.2436,0.1933,0.2066,0.1996,0.195,0.1875
S,E7000,KWH1000-2499,KWH,X_VAT,EUR,LU,0.2093,0.1739,0.1739,0.1765,0.1939,0.1936,0.1798,0.1822,0.1757,0.1742,0.1779,0.1788,0.1749,0.1695,0.1786,0.1786,0.1782,0.1782,0.1718,0.1718,0.1739,0.1749,0.1834,0.1853,0.1981,0.1981,0.2183,0.2181,0.2159,0.216,0.2191,0.2215,0.2319,0.2287,0.2282,0.2276,0.2904,0.2904
S,E7000,KWH1000-2499,KWH,X_VAT,EUR,LV,,0.0695,0.0809,0.0956,0.0957,0.0959,0.0954,0.0953,0.0956,0.0984,0.1083,0.1005,0.108,0.1005,0.1073,0.0998,0.1355,0.1369,0.1347,0.1374,0.1354,0.1351,0.1337,0.1308,0.1429,0.1435,0.15,0.1499,0.1406,0.1593,0.1486,0.2492,0.2684,0.2577,0.2274,0.2158,0.2267,0.2315
S,E7000,KWH1000-2499,KWH,X_VAT,EUR,MD,,,,,,,,,,,,,,,,,0.0805,0.0857,0.0949,0.0905,0.096,0.0992,0.1007,0.0945,0.0924,0.1001,0.1031,0.0938,0.0805,0.0817,0.0985,0.1827,0.1761,0.1407,0.1312,0.1292,0.2087,0.1925
S,E7000,KWH1000-2499,KWH,X_VAT,EUR,ME,,,,,,,,,0.0766,0.0749,0.0825,0.0926,0.0958,0.097,0.0973,0.097,0.0963,0.0967,0.0927,0.0939,0.0921,0.0936,0.094,0.0946,0.0939,0.0934,0.0891,0.0896,0.0889,0.0895,0.0885,0.0889,0.0859,0.0867,0.0868,0.0891,0.0869,0.0889
S,E7000,KWH1000-2499,KWH,X_VAT,EUR,MK,,,,,,,,,,,,0.0671,0.0698,0.0678,0.0678,0.0699,0.0711,0.0709,0.0702,0.0707,0.0701,0.0694,0.0672,0.0673,0.0672,0.0674,0.067,0.0709,0.0719,0.0805,0.0901,0.0984,0.0958,0.0985,0.1043,0.1077,0.1091,0.1085
S,E7000,KWH1000-2499,KWH,X_VAT,EUR,MT,,0.0438,0.059,0.126,0.1816,0.163,0.1814,0.1831,0.181,0.1842,0.1832,0.1849,0.1806,0.1856,0.1592,0.1376,0.1356,0.1388,0.1349,0.1388,0.1423,0.1408,0.1384,0.1414,0.1398,0.1421,0.1401,0.1429,0.1406,0.145,0.1427,0.1448,0.138,0.1406,0.1391,0.1444,0.1377,0.1365
S,E7000,KWH1000-2499,KWH,X_VAT,EUR,NL,0.1157,0.1142,0.1129,0.1169,0.1217,0.1147,0.101,0.1051,0.1077,0.107,0.1129,0.1112,0.1155,0.1147,0.1035,0.099,0.1291,0.1114,0.0943,0.0924,0.105,0.103,0.129,0.126,0.166,0.166,0.0656,0.055,0.0492,0.0608,-0.1403,-0.0735,0.1638,0.1112,0.158,0.1276,0.1806,0.1941
S,E7000,KWH1000-2499,KWH,X_VAT,EUR,NO,,0.1817,0.1973,0.1979,0.1871,0.1896,0.2357,0.2263,0.2459,0.2263,0.228,0.2217,0.2315,0.2161,0.2036,0.203,0.1992,0.18,0.1851,0.1964,0.2035,0.1979,0.2141,0.2271,0.2256,0.2146,0.1779,0.1756,0.2229,0.2659,0.2356,0.2765,0.2319,0.2399,0.255,0.2576,0.2656,0.2557
S,E7000,KWH1000-2499,KWH,X_VAT,EUR,PL,,0.1154,0.109,0.1152,0.0995,0.1068,0.1177,0.1219,0.129,0.1174,0.1225,0.1281,0.1248,0.1226,0.1203,0.1208,0.1248,0.1219,0.1144,0.1164,0.1288,0.1292,0.1233,0.1247,0.1172,0.1195,0.1286,0.1329,0.1384,0.1414,0.1511,0.1663,0.1619,0.1709,0.1648,0.2068,0.2202,0.238
S,E7000,KWH1000-2499,KWH,X_VAT,EUR,PT,,0.1478,0.1615,0.1659,0.1633,0.1722,0.1709,0.1767,0.1761,0.1838,0.1828,0.186,0.1876,0.191,0.1934,0.197,0.2012,0.2019,0.2078,0.203,0.2035,0.1982,0.2008,0.2051,0.1931,0.1978,0.192,0.1948,0.1943,0.2055,0.2067,0.2112,0.1968,0.2151,0.2302,0.2518,0.241,0.2472
S,E7000,KWH1000-2499,KWH,X_VAT,EUR,RO,,0.0978,0.0897,0.0902,0.0817,0.0814,0.086,0.0845,0.0862,0.0836,0.0822,0.089,0.1086,0.1051,0.1066,0.1043,0.1072,0.1083,0.1073,0.1046,0.1016,0.1098,0.1136,0.1117,0.1143,0.1195,0.1228,0.1224,0.1307,0.1369,0.1966,0.29,0.1392,0.1394,0.141,0.1395,0.14,0.2481
S,E7000,KWH1000-2499,KWH,X_VAT,EUR,RS,,,,,,,,,,,,,0.0561,0.0588,0.0548,0.0594,0.0508,0.0622,0.0625,0.0632,0.0647,0.0671,0.0688,0.0684,0.0689,0.0694,0.0719,0.0708,0.0775,0.0807,0.0811,0.0862,0.0953,0.1012,0.104,0.1051,0.1063,0.1044
S,E7000,KWH1000-2499,KWH,X_VAT,EUR,SE,0.1253,0.1387,0.15,0.1563,0.1436,0.1454,0.1594,0.1689,0.1823,0.178,0.1771,0.1811,0.1854,0.1783,0.1747,0.173,0.167,0.167,0.1729,0.1756,0.177,0.1801,0.1809,0.1894,0.1911,0.1914,0.1696,0.1768,0.1911,0.2299,0.2009,0.2283,0.2381,0.1937,0.215,0.2106,0.242,0.2459
S,E7000,KWH1000-2499,KWH,X_VAT,EUR,SI,,0.1091,0.108,0.1095,0.1322,0.1329,0.1394,0.1417,0.1394,0.1418,0.1457,0.1475,0.1571,0.162,0.1598,0.1583,0.1557,0.1604,0.1626,0.1633,0.1598,0.1624,0.1637,0.1664,0.1656,0.1675,0.1366,0.1701,0.1699,0.1733,0.1385,0.202,0.2015,0.2006,0.1917,0.1896,0.168,0.1984
S,E7000,KWH1000-2499,KWH,X_VAT,EUR,SK,,0.1358,0.1405,0.15,0.1465,0.1431,0.144,0.1547,0.1575,0.1595,0.1623,0.1628,0.1598,0.159,0.1416,0.1432,0.1452,0.1457,0.1323,0.149,0.1416,0.14,0.1519,0.1402,0.1526,0.1519,0.159,0.1624,0.1579,0.153,0.1666,0.1755,0.177,0.1815,0.1671,0.1641,0.1747,0.1747
S,E7000,KWH1000-2499,KWH,X_VAT,EUR,TR,,0.0764,0.0846,0.1036,0.097,0.0999,0.1137,0.1164,0.1032,0.0971,0.112,0.1255,0.1269,0.1115,0.1013,0.1109,0.1154,0.1037,0.1073,0.1022,0.0888,0.0813,0.0774,0.0728,0.0718,0.0886,0.0844,0.0695,0.0706,0.0668,0.0721,0.0824,0.0717,0.0472,0.0412,0.0514,0.0516,0.0508
S,E7000,KWH1000-2499,KWH,X_VAT,EUR,UA,,,,,,,,,,,,,,,,,,,0.0207,0.0267,0.0328,0.0318,0.0296,0.03,0.0321,0.0354,0.0351,0.0281,0.0406,,,,,,,,,
S,E7000,KWH1000-2499,KWH,X_VAT,EUR,UK,,0.1552,0.1458,0.1579,0.1466,0.1467,0.1414,0.1495,0.1458,0.1647,0.1738,0.1873,0.1804,0.1865,0.2026,0.2124,0.224,0.2309,0.2115,0.2018,0.1896,0.1984,0.2019,0.2167,0.2268,0.2344,0.2332,,,,,,,,,,,
S,E7000,KWH1000-2499,KWH,X_VAT,EUR,XK,,,,,,,,,,,,,0.0485,0.0486,0.0479,0.0574,0.0536,0.0612,0.0541,0.0618,0.0621,0.0639,0.0633,0.0623,0.0592,0.0596,0.0594,0.0598,0.0594,0.0597,0.0598,0.0606,0.065,0.0704,0.071,0.0708,0.0741,0.0828
S,E7000,KWH1000-2499,KWH,X_VAT,NAC,AL,,,,,,,,,13.5,13.5,13.5,13.5,13.5,13.5,13.5,13.5,9.5,9.5,9.5,9.5,9.5,9.5,,9.5,9.5,9.5,9.5,9.5,9.5,9.5,9.5,9.5,9.5,9.5,9.5,9.5,9.5,9.5
S,E7000,KWH1000-2499,KWH,X_VAT,NAC,AT,,0.1688,0.1671,0.1695,0.174,0.1751,0.181,0.1763,0.1842,0.1834,0.185,0.1879,0.197,0.1936,0.1951,0.1926,0.2016,0.1995,0.2066,0.2044,0.2023,0.1948,0.1933,0.2009,0.2022,0.2044,0.2093,0.2139,0.2209,0.2323,0.2182,0.2178,0.249,0.2545,0.2509,0.2192,0.2637,0.3057
S,E7000,KWH1000-2499,KWH,X_VAT,NAC,BA,,,,,,,,,,,0.1523,0.1513,0.1531,0.153,0.1537,0.1476,0.1575,0.1594,0.1589,0.16,0.163,0.1641,0.1644,0.1632,0.1636,0.1638,0.163,0.1683,0.1637,0.1621,0.1665,0.1677,0.1744,0.1654,0.1783,0.1763,0.1838,0.1881
S,E7000,KWH1000-2499,KWH,X_VAT,NAC,BE,,0.1664,0.1795,0.2039,0.1782,0.1726,0.1823,0.1813,0.1958,0.1965,0.1924,0.2013,0.1921,0.1977,0.1986,0.2004,0.2122,0.2197,0.2342,0.2606,0.266,0.2737,0.2514,0.2639,0.255,0.2571,0.2489,0.2439,0.2417,0.2624,0.3243,0.4327,0.4303,0.388,0.3506,0.3487,0.3716,0.3591
S,E7000,KWH1000-2499,KWH,X_VAT,NAC,BG,,0.118,0.119,0.132,0.135,0.133,0.133,0.1354,0.1352,0.1399,0.1384,0.155,0.1522,0.1421,0.1365,0.1468,0.1554,0.1566,0.1569,0.1547,0.1569,0.1604,0.1608,0.1636,0.1634,0.162,0.1658,0.1663,0.1702,0.18,0.1808,0.1869,0.1868,0.1943,0.1945,0.1994,0.214,0.2209
S,E7000,KWH1000-2499,KWH,X_VAT,NAC,CY,,0.0791,0.1531,0.1661,0.1142,0.1317,0.1611,0.1753,0.1786,0.2098,0.2408,0.2482,0.2338,0.2099,0.1935,0.1978,0.1639,0.1543,0.1281,0.1365,0.1581,0.1585,0.1714,0.1955,0.1967,0.2,0.19,0.155,0.1794,0.2068,0.2468,0.2852,0.3293,0.3062,0.2892,0.2909,0.2726,0.2747
S,E7000,KWH1000-2499,KWH,X_VAT,NAC,CZ,3.72,3.72,4.0,4.0,4.41,4.41,4.28,4.28,4.43,4.43,4.54,4.54,4.63,4.63,4.18,4.18,4.16,4.16,4.21,4.21,4.22,4.22,4.41,4.5,4.92,4.95,5.17,5.21,5.12,5.44,5.9144,1.0254,7.2896,7.3933,8.2153,8.1493,8.0436,7.902
S,E7000,KWH1000-2499,KWH,X_VAT,NAC,DE,0.1903,0.1961,0.2001,0.205,0.2126,0.213,0.2203,0.2265,0.2331,0.2334,0.239,0.246,0.2663,0.2669,0.2713,0.2714,0.2699,0.2695,0.2742,0.2771,0.2825,0.2824,0.2792,0.2808,0.2902,0.2726,0.289,0.2881,0.2964,0.3015,0.3061,0.3141,0.3812,0.3747,0.3717,0.3726,0.3653,0.3683
S,E7000,KWH1000-2499,KWH,X_VAT,NAC,DK,,1.5946,1.7416,1.8308,1.7823,1.6954,1.7703,1.7946,1.9178,1.9555,1.9677,1.9541,1.9713,1.9193,1.9848,1.9745,1.9905,1.9855,1.9905,1.9899,1.9566,1.9321,2.0038,2.0252,1.929,1.8952,1.8422,1.8308,1.8631,2.1953,2.8557,3.6275,2.4339,2.2672,2.3697,2.4036,2.2433,2.1369
S,E7000,KWH1000-2499,KWH,X_VAT,NAC,EA,,0.1482,0.1497,0.1575,0.1578,0.159,0.1619,0.1666,0.1722,0.1768,0.1788,0.1868,0.191,0.1954,0.1971,0.2022,0.2018,0.2028,0.2015,0.2058,,,,,,,,,,,,,,,,,,
S,E7000,KWH1000-2499,KWH,X_VAT,NAC,EE,,1.06,1.101,1.146,1.245,1.223,1.288,1.33,0.0829,0.0883,0.0934,0.0953,0.116,0.1158,0.1121,0.113,0.1115,0.1122,0.1102,0.1126,0.1076,0.1127,0.1161,0.1214,0.121,0.1223,0.1148,0.1185,0.1234,0.1605,0.1801,0.2143,0.2039,0.2159,0.2087,0.2061,0.2087,0.2052
S,E7000,KWH1000-2499,KWH,X_VAT,NAC,EL,,0.0851,0.0831,0.0855,0.0888,0.0843,0.0938,0.0949,0.0954,0.0984,0.109,0.1132,0.1274,0.1443,0.1482,0.1571,0.1595,0.1603,0.154,0.1548,0.151,0.15,0.1505,0.151,0.145,0.1516,0.1601,0.1611,0.1634,0.1898,0.1984,0.2434,0.2328,0.2365,0.2345,0.2417,0.2462,0.2534
S,E7000,KWH1000-2499,KWH,X_VAT,NAC,ES,,0.14,0.1365,0.155,0.1534,0.1652,0.1705,0.1767,0.1859,0.1965,0.2056,0.2079,0.2011,0.2115,0.2141,0.2276,0.2244,0.2357,0.2209,0.2305,0.2362,0.2221,0.242,0.2516,0.2475,0.2441,0.2339,0.2394,0.2384,0.2919,0.329,0.3666,0.2741,0.2641,0.2564,0.2639,0.2632,0.2738
S,E7000,KWH1000-2499,KWH,X_VAT,NAC,FI,,0.1147,0.1207,0.1254,0.1337,0.1349,0.1378,0.1418,0.1568,0.1605,0.1587,0.1603,0.1619,0.1612,0.1625,0.1617,0.1629,0.1616,0.1644,0.1666,0.1738,0.1768,0.1789,0.1887,0.1927,0.1984,0.1918,0.196,0.1945,0.2005,0.2103,0.2663,0.2755,0.2464,0.2176,0.2235,0.239,0.2398
S,E7000,KWH1000-2499,KWH,X_VAT,NAC,FR,,0.1241,0.1218,0.1219,0.1204,0.1226,0.1264,0.1334,0.1348,0.1398,0.1358,0.1483,0.1507,0.1566,0.1525,0.164,0.1627,0.1614,0.1604,0.1638,0.1684,0.1737,0.1755,0.1831,0.1803,0.194,0.1948,0.2027,0.199,0.2098,0.2165,0.2262,0.2386,0.2699,0.2832,0.2925,0.262,0.2576
S,E7000,KWH1000-2499,KWH,X_VAT,NAC,GE,,,,,,,,,,,,,,,,,,,,,,,0.1616,0.1693,0.1866,0.1516,0.1688,0.1632,0.2013,0.185,,0.191,0.1865,0.1937,0.1559,0.156,0.1719,0.1734
S,E7000,KWH1000-2499,KWH,X_VAT,NAC,HR,0.74,0.65,0.65,0.77,0.77,0.68,0.671,0.671,0.672,0.754,0.8036,0.8984,0.9047,0.889,0.8721,0.8733,0.8729,0.8587,0.86,0.8624,0.8597,0.8815,0.9268,0.9341,0.9412,0.9295,0.931,0.9347,0.9176,0.9302,0.9771,1.0575,0.1411,0.1404,0.1413,0.1405,0.1548,0.157
S,E7000,KWH1000-2499,KWH,X_VAT,NAC,HU,,31.6,33.99,32.98,37.11,37.78,38.43,37.08,37.2545,38.4397,38.2129,37.881,34.5649,32.5845,30.1899,29.11,28.266,29.1703,28.4317,28.5535,28.4785,28.6472,29.6646,29.0778,28.8563,28.9481,28.1409,28.5939,28.5331,28.6229,27.7859,31.5041,29.1517,28.8525,28.2726,27.6664,27.9628,28.1498
S,E7000,KWH1000-2499,KWH,X_VAT,NAC,IE,,0.1975,0.1839,0.2087,0.2054,0.1894,0.1856,0.1933,0.2073,0.2205,0.2307,0.2454,0.2462,0.2633,0.2639,0.283,0.273,0.2701,0.2495,0.2624,0.2628,0.266,0.2698,0.2882,0.2644,0.2792,0.2554,0.2762,0.294,0.3349,0.2003,0.3002,0.1761,0.3351,0.187,0.2824,0.3308,0.4657
S,E7000,KWH1000-2499,KWH,X_VAT,NAC,IS,,,,,,,,,,,19.3124,19.6176,17.16,17.38,17.53,17.83,17.94,18.259,18.4213,18.6947,18.4721,18.5154,18.5938,18.6739,18.8973,19.0171,19.2477,19.4125,19.9158,20.0694,20.8895,21.5845,22.519,23.3456,24.9022,26.71,28.63,
S,E7000,KWH1000-2499,KWH,X_VAT,NAC,IT,,,0.1435,0.1618,0.1555,0.1522,0.148,0.1474,0.1488,0.1575,0.1685,0.1827,0.178,0.1822,0.192,0.1907,0.1893,0.1937,0.191,0.1933,0.1956,0.203,0.1966,0.2128,0.2208,0.2293,0.2236,0.2254,0.2325,0.2434,0.3057,0.3695,0.3792,0.3282,0.3251,0.3262,0.3358,0.302
S,E7000,KWH1000-2499,KWH,X_VAT,NAC,LI,,,,,,,,,,,,,,,0.1742,0.1742,0.1812,0.1812,0.1758,0.1758,0.1774,0.1774,0.2339,0.2331,0.2338,0.2339,0.2345,0.2344,0.2359,0.2287,0.2365,0.2362,0.4241,0.3462,0.3106,0.2952,0.3019,0.302
S,E7000,KWH1000-2499,KWH,X_VAT,NAC,LT,,0.2638,0.2614,0.2615,0.2847,0.2733,0.3373,0.3535,0.357,0.3639,0.368,0.3685,0.3976,0.4033,0.3856,0.3821,0.1056,0.1044,0.1034,0.0982,0.0935,0.0928,0.092,0.092,0.1055,0.1054,0.12,0.111,0.1138,0.1243,0.1264,0.2244,0.2436,0.1933,0.2066,0.1996,0.195,0.1875
S,E7000,KWH1000-2499,KWH,X_VAT,NAC,LU,0.2093,0.1739,0.1739,0.1765,0.1939,0.1936,0.1798,0.1822,0.1757,0.1742,0.1779,0.1788,0.1749,0.1695,0.1786,0.1786,0.1782,0.1782,0.1718,0.1718,0.1739,0.1749,0.1834,0.1853,0.1981,0.1981,0.2183,0.2181,0.2159,0.216,0.2191,0.2215,0.2319,0.2287,0.2282,0.2276,0.2904,0.2904
S,E7000,KWH1000-2499,KWH,X_VAT,NAC,LV,,0.0486,0.0565,0.0676,0.0676,0.0676,0.0676,0.0676,0.0676,0.0694,0.0756,0.07,0.0756,0.0706,0.1073,0.0998,0.1355,0.1369,0.1347,0.1374,0.1354,0.1351,0.1337,0.1308,0.1429,0.1435,0.15,0.1499,0.1406,0.1593,0.1486,0.2492,0.2684,0.2577,0.2274,0.2158,0.2267,0.2315
S,E7000,KWH1000-2499,KWH,X_VAT,NAC,MD,,,,,,,,,,,,,,,,,1.6256,1.8505,2.11,1.9787,2.0082,2.0565,2.0365,1.8406,1.8316,1.9562,2.006,1.8778,1.7141,1.681,1.9904,3.5813,3.5022,2.7296,2.52,2.4932,4.0686,3.7887
S,E7000,KWH1000-2499,KWH,X_VAT,NAC,ME,,,,,,,,,0.0766,0.0749,0.0825,0.0926,0.0958,0.097,0.0973,0.097,0.0963,0.0967,0.0927,0.0939,0.0921,0.0936,0.094,0.0946,0.0939,0.0934,0.0891,0.0896,0.0889,0.0895,0.0885,0.0889,0.0859,0.0867,0.0868,0.0891,0.0869,0.0889
S,E7000,KWH1000-2499,KWH,X_VAT,NAC,MK,,,,,,,,,,,,4.126,4.2988,4.1743,4.1807,4.3078,4.3791,4.372,4.3308,4.3455,4.3206,4.2742,4.1373,4.1404,4.1336,4.1438,4.1332,4.3744,4.4325,4.959,5.5586,6.0554,5.9051,6.0555,6.418,6.6249,6.7205,6.683
S,E7000,KWH1000-2499,KWH,X_VAT,NAC,MT,,0.0188,0.059,0.126,0.1816,0.163,0.1814,0.1831,0.181,0.1842,0.1832,0.1849,0.1806,0.1856,0.1592,0.1376,0.1356,0.1388,0.1349,0.1388,0.1423,0.1408,0.1384,0.1414,0.1398,0.1421,0.1401,0.1429,0.1406,0.145,0.1427,0.1448,0.138,0.1406,0.1391,0.1444,0.1377,0.1365
S,E7000,KWH1000-2499,KWH,X_VAT,NAC,NL,0.1157,0.1142,0.1129,0.1169,0.1217,0.1147,0.101,0.1051,0.1077,0.107,0.1129,0.1112,0.1155,0.1147,0.1035,0.099,0.1291,0.1114,0.0943,0.0924,0.105,0.103,0.129,0.126,0.166,0.166,0.0656,0.055,0.0492,0.0608,-0.1403,-0.0735,0.1638,0.1112,0.158,0.1276,0.1806,0.1941
S,E7000,KWH1000-2499,KWH,X_VAT,NAC,NO,,1.435,1.568,1.6817,1.664,1.624,1.887,1.8114,1.924,1.757,1.7268,1.6355,1.7407,1.7469,1.685,1.7115,1.7224,1.6631,1.7441,1.7999,1.8691,1.8757,2.0542,2.1802,2.1954,2.1392,1.9099,1.8815,2.2682,2.6992,2.3513,2.8271,2.6274,2.7662,2.9303,3.0295,3.0974,3.0095
S,E7000,KWH1000-2499,KWH,X_VAT,NAC,PL,,0.4298,0.3804,0.4076,0.4451,0.4469,0.4711,0.4861,0.5101,0.5032,0.52,0.5283,0.5213,0.5171,0.5025,0.5067,0.5166,0.5153,0.5,0.5074,0.5496,0.5485,0.5206,0.5365,0.5032,0.5142,0.5677,0.5943,0.6278,0.6494,0.7004,0.7876,0.7485,0.7623,0.7114,0.8884,0.9319,1.011
S,E7000,KWH1000-2499,KWH,X_VAT,NAC,PT,,0.1478,0.1615,0.1659,0.1633,0.1722,0.1709,0.1767,0.1761,0.1838,0.1828,0.186,0.1876,0.191,0.1934,0.197,0.2012,0.2019,0.2078,0.203,0.2035,0.1982,0.2008,0.2051,0.1931,0.1978,0.192,0.1948,0.1943,0.2055,0.2067,0.2112,0.1968,0.2151,0.2302,0.2518,0.241,0.2472
S,E7000,KWH1000-2499,KWH,X_VAT,NAC,RO,,0.3267,0.3292,0.3334,0.3458,0.3458,0.3567,0.361,0.3603,0.3594,0.3609,0.4031,0.477,0.4671,0.476,0.4613,0.4769,0.4814,0.4823,0.4692,0.4612,0.5053,0.5287,0.52,0.542,0.5673,0.5917,0.5947,0.6407,0.6762,0.9723,1.4259,0.6869,0.6914,0.7015,0.694,0.7006,1.2603
S,E7000,KWH1000-2499,KWH,X_VAT,NAC,RS,,,,,,,,,,,,,6.2779,6.7182,6.3433,7.0534,6.1508,7.4906,7.6868,7.7936,7.9803,8.0111,8.1363,8.0851,8.1348,8.1671,8.454,8.3216,9.1085,9.4841,9.5357,10.1097,11.1747,11.8633,12.1863,12.3039,12.4594,12.2351
S,E7000,KWH1000-2499,KWH,X_VAT,NAC,SE,1.156,1.287,1.406,1.54,1.56,1.51,1.56,1.57,1.63,1.6228,1.5732,1.5447,1.5817,1.5635,1.5643,1.598,1.5601,1.5644,1.6082,1.6915,1.6993,1.7422,1.8358,1.9628,2.0099,2.0396,1.8082,1.8241,1.9365,2.3361,2.1058,2.4606,2.699,2.251,2.4492,2.4165,2.6852,2.7138
S,E7000,KWH1000-2499,KWH,X_VAT,NAC,SI,,0.1091,0.108,0.1095,0.1322,0.1329,0.1394,0.1417,0.1394,0.1418,0.1457,0.1475,0.1571,0.162,0.1598,0.1583,0.1557,0.1604,0.1626,0.1633,0.1598,0.1624,0.1637,0.1664,0.1656,0.1675,0.1366,0.1701,0.1699,0.1733,0.1385,0.202,0.2015,0.2006,0.1917,0.1896,0.168,0.1984
S,E7000,KWH1000-2499,KWH,X_VAT,NAC,SK,,4.55,4.53,4.55,0.1465,0.1431,0.144,0.1547,0.1575,0.1595,0.1623,0.1628,0.1598,0.159,0.1416,0.1432,0.1452,0.1457,0.1323,0.149,0.1416,0.14,0.1519,0.1402,0.1526,0.1519,0.159,0.1624,0.1579,0.153,0.1666,0.1755,0.177,0.1815,0.1671,0.1641,0.1747,0.1747
S,E7000,KWH1000-2499,KWH,X_VAT,NAC,TR,,0.1335,0.1597,0.1994,0.2088,0.2171,0.2298,0.2297,0.2279,0.2394,0.2615,0.2875,0.3022,0.2989,0.3007,0.3158,0.3303,0.33,0.3498,0.3502,0.3499,0.3497,0.3835,0.4686,0.4565,0.5635,0.6036,0.6207,0.6724,0.7659,1.1721,1.5277,1.5479,1.4126,1.4106,1.8954,2.1224,2.4578
S,E7000,KWH1000-2499,KWH,X_VAT,NAC,UA,,,,,,,,,,,,,,,,,,,0.59,0.75,0.95,0.99,0.96,0.9538,0.9762,0.9719,1.0033,0.9263,1.3582,,,,,,,,,
S,E7000,KWH1000-2499,KWH,X_VAT,NAC,UK,,0.1077,0.113,0.129,0.131,0.1303,0.123,0.1265,0.1266,0.1429,0.1429,0.1497,0.1535,0.1581,0.1664,0.1681,0.164,0.1662,0.1647,0.1734,0.1632,0.1771,0.1776,0.1928,0.1981,0.2066,0.204,,,,,,,,,,,
S,E7000,KWH1000-2499,KWH,X_VAT,NAC,XK,,,,,,,,,,,,,0.0485,0.0486,0.0479,0.0574,0.0536,0.0612,0.0541,0.0618,0.0621,0.0639,0.0633,0.0623,0.0592,0.0596,0.0594,0.0598,0.0594,0.0597,0.0598,0.0606,0.065,0.0704,0.071,0.0708,0.0741,0.0828
S,E7000,KWH1000-2499,KWH,X_VAT,PPS,AL,,,,,,,,,0.2193,0.2193,0.2155,0.2155,0.2148,0.2148,0.2182,0.2182,0.1536,0.1631,0.1639,0.1637,0.1537,0.1537,,0.1529,0.1543,0.1543,0.1494,0.1494,0.1476,0.1476,0.1482,0.1482,0.1491,0.1493,0.151,0.1519,0.1529,0.1529
S,E7000,KWH1000-2499,KWH,X_VAT,PPS,AT,,0.1579,0.1531,0.1553,0.155,0.156,0.1642,0.1599,0.1664,0.1656,0.1679,0.1705,0.1763,0.1732,0.1765,0.1743,0.1824,0.1837,0.1922,0.1915,0.1792,0.1726,0.1715,0.1783,0.1779,0.1798,0.1831,0.1871,0.1932,0.2011,0.1889,0.1909,0.2223,0.2267,0.2215,0.1934,0.2296,0.2662
S,E7000,KWH1000-2499,KWH,X_VAT,PPS,BA,,,,,,,,,,,0.1614,0.1603,0.1605,0.1604,0.1626,0.1562,0.1666,0.1729,0.1719,0.1729,0.1644,0.1656,0.1652,0.164,0.1629,0.163,0.1627,0.168,0.1634,0.1594,0.1637,0.1647,0.1639,0.1528,0.1672,0.1643,0.1593,0.163
S,E7000,KWH1000-2499,KWH,X_VAT,PPS,BE,,0.1522,0.1605,0.1824,0.1562,0.1513,0.1644,0.1635,0.1764,0.177,0.1737,0.1817,0.1706,0.1756,0.1789,0.1806,0.1912,0.1991,0.2164,0.2438,0.2355,0.2423,0.2228,0.2339,0.226,0.2279,0.2231,0.2186,0.2166,0.2358,0.2919,0.3894,0.3866,0.3467,0.3125,0.3089,0.3311,0.3199
S,E7000,KWH1000-2499,KWH,X_VAT,PPS,BG,,0.1504,0.1423,0.1579,0.1544,0.1521,0.1534,0.1562,0.146,0.1511,0.1505,0.1686,0.1636,0.1528,0.148,0.1592,0.1685,0.1732,0.174,0.1707,0.1593,0.1629,0.1599,0.1627,0.1571,0.1558,0.1573,0.1578,0.1615,0.1667,0.1675,0.1723,0.1584,0.1648,0.1648,0.1689,0.1783,0.1841
S,E7000,KWH1000-2499,KWH,X_VAT,PPS,CY,,0.1551,0.1746,0.1894,0.1285,0.1482,0.1816,0.1976,0.1941,0.228,0.2653,0.2734,0.262,0.2352,0.2201,0.225,0.1865,0.1694,0.1449,0.1543,0.1772,0.1776,0.191,0.2178,0.217,0.2207,0.2074,0.1692,0.1958,0.2256,0.2692,0.3147,0.36,0.3359,0.3219,0.3195,0.2985,0.3008
S,E7000,KWH1000-2499,KWH,X_VAT,PPS,CZ,0.2165,0.2165,0.2191,0.2191,0.2386,0.2386,0.2341,0.2341,0.2494,0.2494,0.2565,0.2565,0.2647,0.2647,0.2396,0.2396,0.2406,0.2406,0.2435,0.2455,0.2332,0.2332,0.2417,0.2466,0.2638,0.2654,0.27,0.2721,0.2674,0.281,0.2976,0.0516,0.3678,0.3731,0.4095,0.4013,0.3963,0.3893
S,E7000,KWH1000-2499,KWH,X_VAT,PPS,DE,0.1859,0.1916,0.1926,0.1973,0.1976,0.198,0.2111,0.2171,0.2243,0.2246,0.2313,0.2381,0.2533,0.2539,0.2604,0.2605,0.259,0.2584,0.2658,0.2674,0.2605,0.2604,0.257,0.2584,0.2624,0.2465,0.2616,0.2607,0.2682,0.2714,0.2755,0.2828,0.3405,0.3349,0.3305,0.3329,0.3271,0.3298
S,E7000,KWH1000-2499,KWH,X_VAT,PPS,DK,,0.1571,0.1698,0.1785,0.1712,0.1628,0.1742,0.1766,0.1904,0.1942,0.1953,0.194,0.194,0.1889,0.1976,0.1966,0.2051,0.2046,0.1991,0.1991,0.1955,0.1931,0.2007,0.2028,0.1946,0.1912,0.1856,0.1844,0.1877,0.2222,0.2891,0.3649,0.2472,0.2287,0.2428,0.2438,0.2299,0.219
S,E7000,KWH1000-2499,KWH,X_VAT,PPS,EA,,0.1475,0.1456,0.1532,0.1505,0.1516,0.1555,0.1601,0.1658,0.1703,0.1739,0.1817,0.185,0.1893,0.1926,0.1975,0.2008,0.2018,0.1964,0.2006,0.2023,0.2024,0.2049,0.2114,0.2135,0.2147,0.2121,0.2154,0.2167,0.2352,0.243,0.2707,0.2838,0.2831,0.2843,0.2881,0.2847,0.2857
S,E7000,KWH1000-2499,KWH,X_VAT,PPS,EE,,0.0998,0.0991,0.1032,0.1136,0.1116,0.1214,0.1254,0.1193,0.1271,0.1317,0.1344,0.1591,0.1588,0.1501,0.1513,0.1493,0.1547,0.1513,0.1522,0.1381,0.1447,0.1457,0.1524,0.1489,0.1505,0.1431,0.1477,0.1538,0.1959,0.2199,0.2614,0.2302,0.2406,0.2319,0.2245,0.2282,0.2244
S,E7000,KWH1000-2499,KWH,X_VAT,PPS,EL,,0.0961,0.0926,0.0953,0.0958,0.0909,0.102,0.1032,0.1028,0.106,0.1219,0.1266,0.1493,0.1691,0.1788,0.1895,0.1924,0.1961,0.1866,0.1876,0.1803,0.1791,0.1809,0.1815,0.1757,0.1837,0.1935,0.1947,0.1975,0.2312,0.2411,0.2958,0.2838,0.2883,0.2895,0.2984,0.303,0.3118
S,E7000,KWH1000-2499,KWH,X_VAT,PPS,ES,,0.1559,0.1481,0.1681,0.1626,0.1752,0.1814,0.188,0.1993,0.2106,0.2271,0.2297,0.2233,0.2349,0.2394,0.2545,0.2509,0.2633,0.2495,0.2578,0.2571,0.2418,0.2596,0.2699,0.2655,0.2619,0.2491,0.255,0.2539,0.312,0.3516,0.3883,0.2939,0.2832,0.2801,0.2941,0.2934,0.3052
S,E7000,KWH1000-2499,KWH,X_VAT,PPS,EU27_2020,,,,,,,,,,,,,,,,,,,,,0.1968,0.1975,0.1996,0.2057,0.207,0.2085,0.2062,0.2093,0.2116,0.2285,0.2379,0.262,0.2723,0.2689,0.2727,0.2756,0.2752,0.2809
S,E7000,KWH1000-2499,KWH,X_VAT,PPS,FI,,0.0989,0.1028,0.1068,0.1114,0.1124,0.1155,0.1188,0.1303,0.1334,0.1315,0.1328,0.1313,0.1307,0.1307,0.13,0.131,0.1302,0.1346,0.1375,0.1398,0.1423,0.1424,0.1502,0.1533,0.1579,0.1517,0.155,0.1538,0.1613,0.1687,0.2131,0.2222,0.1987,0.1812,0.1861,0.199,0.1997
S,E7000,KWH1000-2499,KWH,X_VAT,PPS,FR,,0.1128,0.1079,0.1079,0.1052,0.1071,0.1126,0.1188,0.1205,0.1249,0.121,0.1321,0.1332,0.1385,0.1389,0.1496,0.1519,0.1506,0.1484,0.1529,0.1502,0.1549,0.1575,0.1643,0.1658,0.1784,0.179,0.1862,0.1828,0.1931,0.1997,0.2087,0.2197,0.2471,0.2592,0.2678,0.2406,0.2366
S,E7000,KWH1000-2499,KWH,X_VAT,PPS,HR,0.1564,0.1374,0.1325,0.157,0.1504,0.1328,0.1308,0.1308,0.1343,0.1506,0.1666,0.1862,0.188,0.1848,0.1803,0.1805,0.1805,0.1784,0.1813,0.1822,0.1776,0.1821,0.1903,0.1918,0.1932,0.1908,0.1915,0.1923,0.1888,0.1896,0.1992,0.2154,0.2119,0.2084,0.2045,0.197,0.2172,0.2202
S,E7000,KWH1000-2499,KWH,X_VAT,PPS,HU,,0.1952,0.2052,0.1991,0.2223,0.2263,0.2338,0.2256,0.2252,0.2324,0.2271,0.2251,0.2019,0.1903,0.1727,0.1666,0.1617,0.1668,0.1619,0.1631,0.1438,0.1446,0.1444,0.1415,0.1353,0.1357,0.1264,0.1284,0.1222,0.1226,0.1099,0.1246,0.1153,0.1141,0.1039,0.1034,0.0998,0.1004
S,E7000,KWH1000-2499,KWH,X_VAT,PPS,IE,,0.1672,0.151,0.1713,0.1732,0.1597,0.168,0.175,0.188,0.1999,0.2104,0.2238,0.2234,0.2389,0.2371,0.2543,0.2453,0.2424,0.2315,0.2434,0.2272,0.2299,0.2312,0.247,0.2201,0.2324,0.2102,0.2273,0.2453,0.2794,0.1671,0.2525,0.1481,0.2819,0.158,0.2386,0.2794,0.3934
S,E7000,KWH1000-2499,KWH,X_VAT,PPS,IS,,,,,,,,,,,0.1073,0.109,0.0938,0.095,0.0944,0.096,0.0966,0.0984,0.0987,0.0994,0.0954,0.0956,0.0912,0.0915,0.0903,0.0909,0.0859,0.0867,0.0889,0.0889,0.0925,0.0956,0.1026,0.1047,0.1112,0.1205,0.1254,
S,E7000,KWH1000-2499,KWH,X_VAT,PPS,IT,,,0.1421,0.1602,0.1501,0.1469,0.1448,0.1442,0.146,0.1546,0.1678,0.1819,0.1764,0.1806,0.1913,0.19,0.1886,0.1925,0.1946,0.1969,0.1947,0.2021,0.196,0.2122,0.2218,0.2304,0.2251,0.2269,0.234,0.2483,0.3118,0.3783,0.3944,0.342,0.3368,0.3391,0.351,0.3157
S,E7000,KWH1000-2499,KWH,X_VAT,PPS,LT,,0.1329,0.1202,0.1202,0.133,0.1277,0.1652,0.1731,0.1713,0.1746,0.1768,0.177,0.1878,0.1905,0.1821,0.1805,0.1714,0.1731,0.171,0.1649,0.145,0.1439,0.1396,0.1396,0.1572,0.1571,0.176,0.1628,0.1669,0.1786,0.1817,0.325,0.3238,0.2569,0.2675,0.2554,0.2495,0.2399
S,E7000,KWH1000-2499,KWH,X_VAT,PPS,LU,0.1837,0.1526,0.1499,0.1522,0.1608,0.1606,0.1488,0.1508,0.1482,0.1469,0.1506,0.1514,0.1443,0.1398,0.1498,0.1498,0.1495,0.1485,0.1459,0.1454,0.1408,0.1416,0.1468,0.1484,0.1571,0.1571,0.1687,0.1686,0.1669,0.1693,0.1718,0.171,0.1787,0.1729,0.1725,0.1725,0.22,0.22
S,E7000,KWH1000-2499,KWH,X_VAT,PPS,LV,,0.1042,0.1119,0.1338,0.1405,0.1405,0.1459,0.1459,0.1431,0.1469,0.1575,0.1458,0.1556,0.1453,0.1565,0.1455,0.1976,0.2028,0.2023,0.2073,0.1919,0.1915,0.1846,0.1806,0.1932,0.194,0.2032,0.2031,0.1905,0.21,0.1936,0.3246,0.3362,0.3219,0.282,0.28,0.2941,0.3004
S,E7000,KWH1000-2499,KWH,X_VAT,PPS,ME,,,,,,,,,0.1561,0.1526,0.168,0.1886,0.1909,0.1933,0.1895,0.1889,0.1875,0.1948,0.1891,0.1945,0.1847,0.1877,0.1832,0.1844,0.185,0.184,0.1767,0.1777,0.1763,0.1719,0.17,0.1726,0.1573,0.1588,0.1525,0.1584,0.1549,0.1584
S,E7000,KWH1000-2499,KWH,X_VAT,PPS,MK,,,,,,,,,,,,0.1652,0.1679,0.1631,0.1638,0.1688,0.1739,0.1737,0.1703,0.1693,0.1564,0.1547,0.1474,0.1475,0.1475,0.1479,0.1459,0.1544,0.1565,0.1693,0.1898,0.2111,0.2005,0.2073,0.2153,0.2124,0.2155,0.2143
S,E7000,KWH1000-2499,KWH,X_VAT,PPS,MT,,0.0626,0.0823,0.1757,0.2497,0.2241,0.2484,0.2507,0.2394,0.2436,0.239,0.2412,0.2316,0.238,0.1986,0.1717,0.1691,0.1731,0.1682,0.173,0.1711,0.1693,0.1607,0.1642,0.1628,0.1655,0.1597,0.1629,0.1603,0.1642,0.1634,0.1634,0.1539,0.1568,0.1532,0.159,0.1514,0.1501
S,E7000,KWH1000-2499,KWH,X_VAT,PPS,NL,0.1095,0.1081,0.1047,0.1084,0.1088,0.1025,0.0907,0.0944,0.0979,0.0972,0.103,0.1015,0.1055,0.1048,0.0946,0.0905,0.119,0.1027,0.0869,0.0856,0.0922,0.0904,0.1126,0.11,0.1407,0.1407,0.0563,0.0472,0.0424,0.0524,-0.1198,-0.0628,0.1393,0.0946,0.1348,0.1089,0.1541,0.1656
S,E7000,KWH1000-2499,KWH,X_VAT,PPS,NO,,0.1327,0.14,0.1501,0.1398,0.1364,0.1598,0.1534,0.1616,0.1476,0.1471,0.1394,0.1428,0.1433,0.1346,0.1367,0.1376,0.1324,0.1356,0.1388,0.1337,0.1342,0.1451,0.154,0.151,0.1472,0.1261,0.1242,0.1498,0.1862,0.1622,0.197,0.1924,0.204,0.2061,0.2136,0.2142,0.2081
S,E7000,KWH1000-2499,KWH,X_VAT,PPS,PL,,0.1892,0.1601,0.1715,0.1796,0.1803,0.1976,0.2038,0.2106,0.2078,0.2156,0.219,0.2161,0.2144,0.2076,0.2093,0.2134,0.2142,0.2114,0.2148,0.2165,0.2161,0.202,0.2082,0.1915,0.1957,0.2119,0.2218,0.2343,0.2359,0.2414,0.2714,0.2599,0.2647,0.2318,0.2895,0.3009,0.3265
S,E7000,KWH1000-2499,KWH,X_VAT,PPS,PT,,0.1817,0.1943,0.1996,0.194,0.2045,0.2064,0.2134,0.2145,0.2238,0.2294,0.2334,0.2406,0.2449,0.2486,0.2532,0.2586,0.2591,0.2669,0.2596,0.2427,0.2364,0.2384,0.2435,0.2299,0.2355,0.2257,0.2289,0.2284,0.2399,0.2414,0.2467,0.2302,0.2551,0.2784,0.3059,0.2922,0.2998
S,E7000,KWH1000-2499,KWH,X_VAT,PPS,RO,,0.1753,0.1611,0.1631,0.1642,0.1642,0.1711,0.1731,0.1708,0.1704,0.1699,0.1898,0.2164,0.2119,0.2083,0.2019,0.2087,0.2176,0.2212,0.2152,0.1963,0.215,0.2145,0.211,0.2152,0.2253,0.2315,0.2327,0.2507,0.2585,0.3526,0.517,0.2491,0.2507,0.2495,0.2448,0.2361,0.4247
S,E7000,KWH1000-2499,KWH,X_VAT,PPS,RS,,,,,,,,,,,,,0.1141,0.1221,0.1115,0.124,0.1081,0.1393,0.1411,0.144,0.1342,0.1348,0.1347,0.1338,0.1326,0.1331,0.1352,0.1331,0.1457,0.1481,0.1489,0.1581,0.1657,0.1733,0.1696,0.1724,0.1733,0.1701
S,E7000,KWH1000-2499,KWH,X_VAT,PPS,SE,0.1056,0.1175,0.1252,0.1371,0.1316,0.1274,0.1324,0.1332,0.1389,0.1383,0.1356,0.1332,0.1356,0.1341,0.132,0.1349,0.1316,0.1305,0.1304,0.1415,0.1318,0.1351,0.1405,0.1502,0.1521,0.1543,0.1366,0.1378,0.1472,0.1776,0.1601,0.187,0.2003,0.1666,0.1801,0.1797,0.1996,0.2018
S,E7000,KWH1000-2499,KWH,X_VAT,PPS,SI,,0.1407,0.133,0.1349,0.1543,0.1551,0.1659,0.1686,0.1669,0.1697,0.1801,0.1823,0.1951,0.2012,0.1999,0.198,0.1948,0.2006,0.2065,0.2085,0.1925,0.1956,0.1953,0.1985,0.1977,0.2,0.1625,0.2023,0.2021,0.2044,0.1633,0.2378,0.2344,0.2364,0.2215,0.2201,0.1926,0.2274
S,E7000,KWH1000-2499,KWH,X_VAT,PPS,SK,,0.2005,0.212,0.2129,0.2156,0.2106,0.2154,0.2314,0.2292,0.2321,0.2377,0.2384,0.2352,0.234,0.2125,0.2149,0.2179,0.2202,0.2023,0.2293,0.1883,0.1862,0.1978,0.1825,0.1938,0.1929,0.1975,0.2017,0.1961,0.1891,0.2059,0.2181,0.2136,0.2289,0.2062,0.2051,0.2178,0.2178
S,E7000,KWH1000-2499,KWH,X_VAT,PPS,TR,,0.1253,0.1402,0.175,0.1722,0.179,0.1865,0.1864,0.1734,0.1821,0.189,0.2078,0.2052,0.203,0.1895,0.199,0.2081,0.2111,0.2106,0.2106,0.1736,0.1735,0.1592,0.1945,0.1618,0.1997,0.1836,0.1888,0.2045,0.1838,0.2812,0.2106,0.2134,0.1904,0.1265,0.1673,0.1173,0.1358
S,E7000,KWH1000-2499,KWH,X_VAT,PPS,UK,,0.1354,0.1356,0.1548,0.1502,0.1494,0.1358,0.1397,0.1365,0.1541,0.1563,0.1637,0.1659,0.1709,0.1775,0.1793,0.1778,0.1802,0.1786,0.188,0.1637,0.1776,0.1762,0.1912,0.1945,0.2029,0.1979,,,,,,,,,,,
S,E7000,KWH2500-4999,KWH,I_TAX,EUR,AL,,,,,,,,,0.1152,0.1157,0.1163,0.1167,0.1156,0.1154,0.1156,0.116,0.0812,0.0819,0.0824,0.0835,0.0844,0.0856,,0.091,0.092,0.0933,0.0922,0.092,0.0925,0.0937,0.0941,0.0976,0.101,0.1089,0.1114,0.115,0.1156,0.1175
S,E7000,KWH2500-4999,KWH,I_TAX,EUR,AT,,0.174,0.1779,0.1772,0.1909,0.1909,0.1967,0.193,0.1986,0.1965,0.1975,0.2024,0.2082,0.2018,0.2021,0.1987,0.2009,0.1983,0.2034,0.201,0.195,0.1978,0.1966,0.2012,0.2034,0.2074,0.2111,0.2167,0.2216,0.2285,0.2249,0.237,0.2653,0.2748,0.2731,0.2437,0.2905,0.3272
S,E7000,KWH2500-4999,KWH,I_TAX,EUR,BA,,,,,,,0.0741,0.0735,0.0745,0.0785,0.0798,0.0804,0.0803,0.0796,0.0791,0.0805,0.0812,0.0828,0.0831,0.0844,0.0859,0.0864,0.0864,0.0871,0.0873,0.0875,0.087,0.0901,0.0875,0.0868,0.0887,0.0893,0.0874,0.0845,0.0853,0.0905,0.0934,0.0966
S,E7000,KWH2500-4999,KWH,I_TAX,EUR,BE,,0.1683,0.1972,0.2152,0.1916,0.1864,0.1959,0.1974,0.2136,0.2119,0.2327,0.2223,0.2173,0.2215,0.2097,0.2043,0.2126,0.2352,0.2544,0.2745,0.2857,0.2877,0.2824,0.2936,0.2839,0.286,0.2792,0.2702,0.2702,0.2994,0.3437,0.4489,0.435,0.3778,0.3354,0.3313,0.3571,0.3499
S,E7000,KWH2500-4999,KWH,I_TAX,EUR,BG,,0.0721,0.0711,0.0823,0.0823,0.0818,0.0813,0.083,0.0826,0.0874,0.0846,0.0955,0.0924,0.0882,0.0832,0.0895,0.0942,0.0957,0.0956,0.0938,0.0955,0.0983,0.0979,0.1005,0.0997,0.0958,0.0997,0.0982,0.1024,0.1091,0.1093,0.1147,0.1138,0.1192,0.1187,0.1217,0.13,0.1355
S,E7000,KWH2500-4999,KWH,I_TAX,EUR,CY,,0.1573,0.178,0.204,0.1558,0.1642,0.1858,0.2021,0.205,0.2413,0.2781,0.2909,0.276,0.2481,0.2291,0.2356,0.1957,0.1838,0.1527,0.1621,0.1863,0.1826,0.1893,0.2183,0.2203,0.2236,0.2133,0.1698,0.1976,0.2304,0.2607,0.3261,0.3739,0.3452,0.3241,0.3251,0.2932,0.2774
S,E7000,KWH2500-4999,KWH,I_TAX,EUR,CZ,0.1144,0.1176,0.1401,0.1428,0.1455,0.1533,0.1496,0.1549,0.1659,0.1627,0.1664,0.1668,0.1681,0.1645,0.1388,0.1379,0.1385,0.1408,0.142,0.1421,0.1438,0.1488,0.1573,0.1586,0.1748,0.177,0.1841,0.1795,0.1802,0.1883,0.2445,0.1721,0.319,0.3151,0.3381,0.3302,0.3179,0.3217
S,E7000,KWH2500-4999,KWH,I_TAX,EUR,DE,0.2025,0.2105,0.2148,0.2195,0.2282,0.2294,0.2375,0.2438,0.2528,0.2531,0.2595,0.2676,0.2919,0.2921,0.2981,0.2974,0.2951,0.2946,0.2969,0.2977,0.3048,0.3048,0.2987,0.3,0.3088,0.2878,0.3043,0.3006,0.3193,0.3234,0.3279,0.3357,0.4125,0.402,0.3951,0.3943,0.3835,0.3869
S,E7000,KWH2500-4999,KWH,I_TAX,EUR,DK,,0.2401,0.2635,0.2785,0.2699,0.2555,0.267,0.2708,0.2908,0.2976,0.2997,0.2972,0.3,0.2936,0.3042,0.3035,0.3068,0.3042,0.3088,0.3084,0.3049,0.301,0.3126,0.3123,0.2984,0.2924,0.2833,0.2819,0.29,0.3448,0.4559,0.5871,0.3811,0.3554,0.3708,0.3763,0.3485,0.3312
S,E7000,KWH2500-4999,KWH,I_TAX,EUR,EA,0.1987,0.1569,0.1635,0.1709,0.1727,0.1722,0.1761,0.1813,0.1893,0.1938,0.1972,0.2056,0.2112,0.2147,0.2161,0.2203,0.2199,0.2206,0.2162,0.2179,0.221,0.2201,0.2224,0.2274,0.2296,0.2294,0.2264,0.2274,0.2324,0.252,0.2607,0.288,0.3062,0.3036,0.3053,0.3027,0.3016,0.2999
S,E7000,KWH2500-4999,KWH,I_TAX,EUR,EE,,0.0786,0.0814,0.085,0.0922,0.092,0.097,0.1004,0.0973,0.1042,0.1096,0.1123,0.1351,0.1367,0.1307,0.1325,0.1302,0.1291,0.1208,0.1238,0.1207,0.1319,0.1348,0.1418,0.1357,0.1411,0.1236,0.1291,0.1324,0.1939,0.2056,0.265,0.216,0.2339,0.23,0.2214,0.2298,0.2303
S,E7000,KWH2500-4999,KWH,I_TAX,EUR,EL,,0.0984,0.1047,0.1099,0.1154,0.1032,0.1181,0.1211,0.125,0.1238,0.1391,0.1418,0.1563,0.1697,0.1767,0.1785,0.1767,0.1771,0.1716,0.1723,0.1711,0.162,0.1672,0.1646,0.1595,0.1551,0.1674,0.1641,0.168,0.1974,0.2101,0.2438,0.2327,0.2309,0.2218,0.2311,0.2294,0.2378
S,E7000,KWH2500-4999,KWH,I_TAX,EUR,ES,,0.14,0.1366,0.1557,0.1577,0.1684,0.1728,0.1851,0.1981,0.2088,0.219,0.2275,0.2228,0.2273,0.2165,0.2367,0.2309,0.237,0.2185,0.2284,0.2296,0.2177,0.2383,0.2477,0.2403,0.2394,0.2239,0.2298,0.2323,0.2816,0.3071,0.335,0.2454,0.2347,0.2436,0.2408,0.2612,0.2669
S,E7000,KWH2500-4999,KWH,I_TAX,EUR,EU27_2020,0.1826,0.1537,0.1604,0.1676,0.167,0.1677,0.1725,0.1777,0.1858,0.1886,0.1916,0.1996,0.2042,0.2062,0.2058,0.2084,0.2083,0.2089,0.2051,0.2069,0.2089,0.2089,0.2103,0.2152,0.2168,0.2169,0.2139,0.2153,0.2203,0.2415,0.249,0.2768,0.2887,0.2847,0.2916,0.2887,0.2879,0.2896
S,E7000,KWH2500-4999,KWH,I_TAX,EUR,FI,,0.1149,0.1223,0.1273,0.1296,0.1289,0.1325,0.137,0.154,0.1573,0.1549,0.1559,0.1578,0.1559,0.1563,0.1538,0.1552,0.153,0.1541,0.1545,0.1581,0.1599,0.1612,0.1698,0.1734,0.1783,0.174,0.1773,0.1767,0.184,0.1934,0.2474,0.2557,0.2403,0.2489,0.2319,0.2276,0.2254
S,E7000,KWH2500-4999,KWH,I_TAX,EUR,FR,,0.1222,0.1213,0.1203,0.1206,0.1207,0.1283,0.135,0.1383,0.1422,0.1392,0.1501,0.1524,0.1596,0.1585,0.1702,0.1676,0.1682,0.1685,0.1711,0.1704,0.1756,0.1748,0.1799,0.1778,0.1913,0.1893,0.1958,0.1946,0.2022,0.2092,0.2204,0.23,0.2591,0.2847,0.2926,0.2671,0.2561
S,E7000,KWH2500-4999,KWH,I_TAX,EUR,GE,,,,,,,,,,,,,,,,,,,,,,,0.0685,0.0741,0.0809,0.0619,0.0663,0.0568,0.0631,0.066,,0.0845,0.0847,0.0866,0.071,0.0703,0.0756,0.0731
S,E7000,KWH2500-4999,KWH,I_TAX,EUR,HR,0.0924,0.0984,0.099,0.1184,0.1151,0.1164,0.1151,0.1153,0.1137,0.1146,0.1208,0.1384,0.1372,0.135,0.1312,0.1324,0.1317,0.1312,0.1311,0.1331,0.1196,0.1236,0.1311,0.1321,0.1321,0.1324,0.1301,0.1307,0.1291,0.1313,0.1354,0.1479,0.148,0.148,0.1472,0.1483,0.1618,0.1658
S,E7000,KWH2500-4999,KWH,I_TAX,EUR,HU,,0.1296,0.1548,0.1553,0.1483,0.1662,0.1701,0.1574,0.1682,0.1553,0.1549,0.1618,0.1397,0.1326,0.1202,0.1146,0.1127,0.1145,0.1114,0.1125,0.1125,0.1134,0.1123,0.1118,0.112,0.1097,0.1031,0.1009,0.101,0.1003,0.0948,0.1084,0.1157,0.1132,0.1094,0.1032,0.104,0.1082
S,E7000,KWH2500-4999,KWH,I_TAX,EUR,IE,,0.1918,0.1769,0.2033,0.203,0.1855,0.1804,0.1875,0.1901,0.2086,0.2155,0.2289,0.2295,0.2405,0.2407,0.2536,0.2426,0.2454,0.232,0.2338,0.2305,0.2355,0.2369,0.2539,0.2423,0.2546,0.2409,0.2616,0.2555,0.2974,0.2324,0.3225,0.2735,0.3794,0.259,0.3046,0.3231,0.4042
S,E7000,KWH2500-4999,KWH,I_TAX,EUR,IS,,,,,,,,,,,0.111,0.1164,0.1053,0.1072,0.1133,0.1158,0.1197,0.1265,0.1312,0.1478,0.1598,0.1518,0.1545,0.1457,0.1429,0.1431,0.1341,0.1248,0.1355,0.1387,0.153,0.1548,0.1531,0.1614,0.1702,0.1814,0.2019,
S,E7000,KWH2500-4999,KWH,I_TAX,EUR,IT,,,0.2031,0.2227,0.2098,0.1997,0.1965,0.192,0.1987,0.2065,0.2132,0.2297,0.2292,0.2323,0.2446,0.2338,0.245,0.2428,0.2342,0.2261,0.2132,0.208,0.2067,0.2161,0.2301,0.2341,0.2226,0.2153,0.2259,0.236,0.3115,0.3641,0.3782,0.3347,0.3274,0.3111,0.3291,0.2966
S,E7000,KWH2500-4999,KWH,I_TAX,EUR,LI,,,,,,,,,,,,,,,0.1531,0.1548,0.1841,0.1803,0.1728,0.1747,0.1724,0.1618,0.1916,0.1962,0.1985,0.2048,0.2115,0.2078,0.2071,0.2121,0.2201,0.2318,0.4351,0.3587,0.3207,0.3088,0.3031,0.3062
S,E7000,KWH2500-4999,KWH,I_TAX,EUR,LT,,0.087,0.086,0.0865,0.0951,0.0926,0.1156,0.1216,0.1214,0.1221,0.126,0.1268,0.137,0.1391,0.133,0.1319,0.1256,0.1243,0.1231,0.1171,0.1116,0.1107,0.1097,0.1097,0.1255,0.1254,0.1426,0.1321,0.1348,0.1477,0.1497,0.2429,0.282,0.2223,0.2315,0.2144,0.2109,0.1955
S,E7000,KWH2500-4999,KWH,I_TAX,EUR,LU,0.1684,0.1645,0.1645,0.1609,0.1882,0.1882,0.1726,0.1747,0.1678,0.1662,0.1696,0.1706,0.1665,0.1646,0.1738,0.1738,0.1767,0.1767,0.1698,0.1698,0.1615,0.1618,0.1671,0.1691,0.1798,0.1799,0.1986,0.1985,0.1988,0.1989,0.2017,0.2042,0.2008,0.2015,0.2029,0.2024,0.2665,0.2665
S,E7000,KWH2500-4999,KWH,I_TAX,EUR,LV,,0.0729,0.0842,0.1003,0.1052,0.1054,0.1049,0.1048,0.1168,0.1342,0.1382,0.1369,0.1378,0.1358,0.1365,0.1301,0.1635,0.165,0.1628,0.1624,0.1586,0.1582,0.1531,0.1511,0.1629,0.164,0.142,0.1432,0.1403,0.1886,0.1759,0.2992,0.3054,0.2774,0.2546,0.2408,0.244,0.2452
S,E7000,KWH2500-4999,KWH,I_TAX,EUR,MD,,,,,,,,,,,,,,,,,0.0819,0.0881,0.0962,0.0923,0.0977,0.1013,0.102,0.1029,0.0936,0.1019,0.1068,0.0993,0.0851,0.0888,0.1172,0.2245,0.1797,0.1469,0.1359,0.1358,0.2156,0.1967
S,E7000,KWH2500-4999,KWH,I_TAX,EUR,ME,,,,,,,,,0.087,0.0852,0.091,0.095,0.0956,0.0988,0.0985,0.0988,0.0982,0.0988,0.0956,0.097,0.0983,0.1003,0.1024,0.103,0.1032,0.1028,0.0988,0.0999,0.098,0.0974,0.0961,0.0982,0.0968,0.097,0.0971,0.1004,0.0973,0.0998
S,E7000,KWH2500-4999,KWH,I_TAX,EUR,MK,,,,,,,,,,,,0.0791,0.081,0.078,0.0785,0.0823,0.0826,0.0835,0.0822,0.0828,0.082,0.0811,0.0781,0.0787,0.0783,0.079,0.0782,0.0833,0.0841,0.084,0.094,0.103,0.1053,0.1159,0.1038,0.115,0.1144,0.1161
S,E7000,KWH2500-4999,KWH,I_TAX,EUR,MT,,0.0918,0.0993,0.1536,0.1708,0.1513,0.1647,0.1653,0.1651,0.1666,0.1673,0.1678,0.1664,0.1689,0.1474,0.1248,0.1257,0.1269,0.1257,0.1274,0.1328,0.1298,0.1285,0.1307,0.129,0.1304,0.1284,0.1301,0.1285,0.1318,0.1298,0.1284,0.1261,0.1279,0.1272,0.1303,0.1261,0.1282
S,E7000,KWH2500-4999,KWH,I_TAX,EUR,NL,0.1759,0.1741,0.1769,0.1798,0.1979,0.1906,0.1767,0.1789,0.1802,0.1801,0.185,0.1864,0.1898,0.1905,0.1841,0.1801,0.1986,0.1846,0.162,0.1592,0.16,0.159,0.18,0.18,0.207,0.206,0.1437,0.1356,0.1289,0.1441,0.0338,0.1419,0.3574,0.2488,0.2525,0.2144,0.2393,0.2558
S,E7000,KWH2500-4999,KWH,I_TAX,EUR,NO,,0.1498,0.1639,0.17,0.1565,0.1563,0.2027,0.1907,0.2133,0.187,0.1881,0.1775,0.1909,0.1778,0.1653,0.1661,0.1614,0.1434,0.1515,0.1631,0.1642,0.1605,0.1751,0.1907,0.1867,0.1744,0.1355,0.1322,0.1826,0.2206,0.1994,0.2302,0.1919,0.1866,0.1993,0.1902,0.1986,0.1922
S,E7000,KWH2500-4999,KWH,I_TAX,EUR,PL,,0.138,0.1259,0.1295,0.1131,0.1291,0.1341,0.1382,0.1471,0.1351,0.1418,0.1529,0.148,0.1437,0.1421,0.1408,0.1444,0.1418,0.1332,0.1352,0.1446,0.1451,0.141,0.1396,0.1343,0.1376,0.1475,0.151,0.1548,0.1574,0.1464,0.1604,0.1769,0.2162,0.209,0.2477,0.2559,0.2709
S,E7000,KWH2500-4999,KWH,I_TAX,EUR,PT,,0.1562,0.1482,0.1525,0.1508,0.1594,0.1584,0.1666,0.1654,0.1881,0.1993,0.2063,0.2081,0.2131,0.2175,0.2231,0.2279,0.2285,0.235,0.2298,0.2284,0.223,0.2246,0.2293,0.215,0.2181,0.212,0.2133,0.2089,0.217,0.2199,0.2222,0.2071,0.2299,0.2426,0.2626,0.239,0.2434
S,E7000,KWH2500-4999,KWH,I_TAX,EUR,RO,,0.1141,0.1061,0.1103,0.0976,0.0979,0.1031,0.1052,0.1082,0.1085,0.105,0.1075,0.1323,0.1279,0.129,0.1248,0.1303,0.1319,0.126,0.1233,0.1198,0.1289,0.1333,0.1317,0.1358,0.1421,0.1459,0.1449,0.1536,0.1602,0.2362,0.3411,0.1892,0.191,0.1883,0.1863,0.1918,0.2893
S,E7000,KWH2500-4999,KWH,I_TAX,EUR,RS,,,,,,,,,,,,,0.0564,0.0608,0.0607,0.0596,0.0575,0.0645,0.0641,0.0654,0.0664,0.0695,0.0705,0.0709,0.0706,0.0721,0.0738,0.0737,0.0791,0.0811,0.0808,0.0869,0.0964,0.1046,0.1082,0.1108,0.1102,0.119
S,E7000,KWH2500-4999,KWH,I_TAX,EUR,SE,0.1558,0.1613,0.1698,0.1746,0.1602,0.1646,0.1839,0.1958,0.2092,0.2044,0.2027,0.2083,0.2101,0.2046,0.1967,0.1867,0.1872,0.1874,0.1915,0.1962,0.1955,0.2013,0.191,0.2049,0.2033,0.2052,0.1914,0.2017,0.2114,0.2604,0.2278,0.274,0.2662,0.2181,0.2434,0.2351,0.2654,0.2711
S,E7000,KWH2500-4999,KWH,I_TAX,EUR,SI,,0.1116,0.1147,0.1156,0.1346,0.1341,0.1401,0.1426,0.1441,0.1492,0.1542,0.1542,0.161,0.1657,0.163,0.1632,0.1589,0.1631,0.1618,0.1629,0.1609,0.1613,0.1613,0.1638,0.1634,0.1666,0.1448,0.1694,0.1662,0.1711,0.139,0.1956,0.1917,0.2113,0.2084,0.2006,0.181,0.2121
S,E7000,KWH2500-4999,KWH,I_TAX,EUR,SK,,0.137,0.1421,0.1526,0.154,0.156,0.152,0.1637,0.1682,0.171,0.1716,0.1722,0.1698,0.1678,0.1507,0.1523,0.1506,0.1517,0.1423,0.1537,0.1435,0.1442,0.1566,0.1462,0.1577,0.1585,0.1686,0.1724,0.1668,0.1624,0.1796,0.1884,0.1892,0.1943,0.1806,0.177,0.1887,0.1853
S,E7000,KWH2500-4999,KWH,I_TAX,EUR,TR,,0.0901,0.0998,0.1222,0.1144,0.1179,0.1342,0.1374,0.1218,0.1145,0.131,0.147,0.1495,0.1314,0.1192,0.131,0.136,0.1222,0.1267,0.1205,0.1048,0.0959,0.0904,0.0857,0.0847,0.1043,0.0995,0.0822,0.0834,0.0788,0.0866,0.0932,0.0842,0.0562,0.0488,0.062,0.0617,0.0636
S,E7000,KWH2500-4999,KWH,I_TAX,EUR,UA,,,,,,,,,,,,,,,,,,,0.0249,0.032,0.0393,0.0383,0.041,0.041,0.0442,0.0487,0.0466,0.0396,0.0485,,,,,,,,,
S,E7000,KWH2500-4999,KWH,I_TAX,EUR,UK,,0.1481,0.1458,0.1603,0.1466,0.1407,0.1386,0.1449,0.1433,0.1584,0.1682,0.1785,0.1741,0.1797,0.1918,0.2013,0.2125,0.2183,0.1951,0.1831,0.1766,0.1856,0.1887,0.2024,0.2122,0.221,0.2203,,,,,,,,,,,
S,E7000,KWH2500-4999,KWH,I_TAX,EUR,XK,,,,,,,,,,,,,0.0564,0.0558,0.0552,0.0586,0.0625,0.0614,0.059,0.0592,0.0662,0.0654,0.0633,0.0638,0.06,0.0605,0.0605,0.0608,0.0605,0.0607,0.0611,0.0637,0.0671,0.0749,0.0736,0.0746,0.0766,0.0877
S,E7000,KWH2500-4999,KWH,I_TAX,NAC,AL,,,,,,,,,16.2,16.2,16.2,16.2,16.2,16.2,16.2,16.2,11.4,11.4,11.4,11.4,11.4,11.4,,11.4,11.4,11.4,11.4,11.4,11.4,11.4,11.4,11.4,11.4,11.4,11.4,11.4,11.4,11.4
S,E7000,KWH2500-4999,KWH,I_TAX,NAC,AT,,0.174,0.1779,0.1772,0.1909,0.1909,0.1967,0.193,0.1986,0.1965,0.1975,0.2024,0.2082,0.2018,0.2021,0.1987,0.2009,0.1983,0.2034,0.201,0.195,0.1978,0.1966,0.2012,0.2034,0.2074,0.2111,0.2167,0.2216,0.2285,0.2249,0.237,0.2653,0.2748,0.2731,0.2437,0.2905,0.3272
S,E7000,KWH2500-4999,KWH,I_TAX,NAC,BA,,,,,,,0.1453,0.1441,0.1461,0.1539,0.1565,0.1575,0.1574,0.156,0.155,0.1578,0.1588,0.162,0.1626,0.165,0.168,0.169,0.1689,0.1704,0.1707,0.1712,0.1701,0.1763,0.1711,0.1698,0.1735,0.1746,0.171,0.1652,0.1669,0.1769,0.1827,0.189
S,E7000,KWH2500-4999,KWH,I_TAX,NAC,BE,,0.1683,0.1972,0.2152,0.1916,0.1864,0.1959,0.1974,0.2136,0.2119,0.2327,0.2223,0.2173,0.2215,0.2097,0.2043,0.2126,0.2352,0.2544,0.2745,0.2857,0.2877,0.2824,0.2936,0.2839,0.286,0.2792,0.2702,0.2702,0.2994,0.3437,0.4489,0.435,0.3778,0.3354,0.3313,0.3571,0.3499
S,E7000,KWH2500-4999,KWH,I_TAX,NAC,BG,,0.141,0.139,0.161,0.161,0.16,0.159,0.1623,0.1615,0.171,0.1655,0.1868,0.1808,0.1725,0.1628,0.1751,0.1843,0.1872,0.187,0.1834,0.1867,0.1922,0.1914,0.1965,0.195,0.1873,0.195,0.192,0.2002,0.2133,0.2138,0.2243,0.2225,0.2331,0.2322,0.238,0.2543,0.265
S,E7000,KWH2500-4999,KWH,I_TAX,NAC,CY,,0.0919,0.178,0.204,0.1558,0.1642,0.1858,0.2021,0.205,0.2413,0.2781,0.2909,0.276,0.2481,0.2291,0.2356,0.1957,0.1838,0.1527,0.1621,0.1863,0.1826,0.1893,0.2183,0.2203,0.2236,0.2133,0.1698,0.1976,0.2304,0.2607,0.3261,0.3739,0.3452,0.3241,0.3251,0.2932,0.2774
S,E7000,KWH2500-4999,KWH,I_TAX,NAC,CZ,3.22,3.22,3.53,3.53,3.95,3.95,3.85,3.85,4.04,4.04,4.19,4.19,4.32,4.32,3.81,3.81,3.81,3.81,3.84,3.84,3.85,3.85,4.01,4.09,4.49,4.54,4.85,4.77,4.66,4.79,6.0269,4.2145,7.5546,7.6648,8.4583,8.3277,7.948,7.845
S,E7000,KWH2500-4999,KWH,I_TAX,NAC,DE,0.2025,0.2105,0.2148,0.2195,0.2282,0.2294,0.2375,0.2438,0.2528,0.2531,0.2595,0.2676,0.2919,0.2921,0.2981,0.2974,0.2951,0.2946,0.2969,0.2977,0.3048,0.3048,0.2987,0.3,0.3088,0.2878,0.3043,0.3006,0.3193,0.3234,0.3279,0.3357,0.4125,0.402,0.3951,0.3943,0.3835,0.3869
S,E7000,KWH2500-4999,KWH,I_TAX,NAC,DK,,1.7891,1.9646,2.0763,2.0102,1.9018,1.9874,2.0178,2.1685,2.2155,2.228,2.215,2.2372,2.1895,2.2699,2.2606,2.2876,2.2694,2.3007,2.2948,2.2677,2.2394,2.3279,2.3297,2.2275,2.183,2.1148,2.0985,2.1568,2.5641,3.3921,4.3677,2.8381,2.6498,2.7654,2.8072,2.6003,2.4728
S,E7000,KWH2500-4999,KWH,I_TAX,NAC,EA,,0.1628,0.1646,0.172,0.1736,0.1731,0.1769,0.1821,0.1904,0.1949,0.1977,0.2061,0.2116,0.2152,0.2168,0.221,0.2202,0.2209,0.2184,0.2203,,,,,,,,,,,,,,,,,,
S,E7000,KWH2500-4999,KWH,I_TAX,NAC,EE,,1.23,1.274,1.33,1.443,1.44,1.518,1.571,0.0973,0.1042,0.1096,0.1123,0.1351,0.1367,0.1307,0.1325,0.1302,0.1291,0.1208,0.1238,0.1207,0.1319,0.1348,0.1418,0.1357,0.1411,0.1236,0.1291,0.1324,0.1939,0.2056,0.265,0.216,0.2339,0.23,0.2214,0.2298,0.2303
S,E7000,KWH2500-4999,KWH,I_TAX,NAC,EL,,0.0984,0.1047,0.1099,0.1154,0.1032,0.1181,0.1211,0.125,0.1238,0.1391,0.1418,0.1563,0.1697,0.1767,0.1785,0.1767,0.1771,0.1716,0.1723,0.1711,0.162,0.1672,0.1646,0.1595,0.1551,0.1674,0.1641,0.168,0.1974,0.2101,0.2438,0.2327,0.2309,0.2218,0.2311,0.2294,0.2378
S,E7000,KWH2500-4999,KWH,I_TAX,NAC,ES,,0.14,0.1366,0.1557,0.1577,0.1684,0.1728,0.1851,0.1981,0.2088,0.219,0.2275,0.2228,0.2273,0.2165,0.2367,0.2309,0.237,0.2185,0.2284,0.2296,0.2177,0.2383,0.2477,0.2403,0.2394,0.2239,0.2298,0.2323,0.2816,0.3071,0.335,0.2454,0.2347,0.2436,0.2408,0.2612,0.2669
S,E7000,KWH2500-4999,KWH,I_TAX,NAC,FI,,0.1149,0.1223,0.1273,0.1296,0.1289,0.1325,0.137,0.154,0.1573,0.1549,0.1559,0.1578,0.1559,0.1563,0.1538,0.1552,0.153,0.1541,0.1545,0.1581,0.1599,0.1612,0.1698,0.1734,0.1783,0.174,0.1773,0.1767,0.184,0.1934,0.2474,0.2557,0.2403,0.2489,0.2319,0.2276,0.2254
S,E7000,KWH2500-4999,KWH,I_TAX,NAC,FR,,0.1222,0.1213,0.1203,0.1206,0.1207,0.1283,0.135,0.1383,0.1422,0.1392,0.1501,0.1524,0.1596,0.1585,0.1702,0.1676,0.1682,0.1685,0.1711,0.1704,0.1756,0.1748,0.1799,0.1778,0.1913,0.1893,0.1958,0.1946,0.2022,0.2092,0.2204,0.23,0.2591,0.2847,0.2926,0.2671,0.2561
S,E7000,KWH2500-4999,KWH,I_TAX,NAC,GE,,,,,,,,,,,,,,,,,,,,,,,0.2045,0.2222,0.2472,0.2013,0.2215,0.2138,0.2526,0.2393,,0.238,0.2378,0.2489,0.2078,0.2084,0.2294,0.2307
S,E7000,KWH2500-4999,KWH,I_TAX,NAC,HR,0.68,0.72,0.72,0.85,0.85,0.85,0.836,0.843,0.841,0.857,0.9109,1.0379,1.0386,1.024,1.0004,1.012,1.0043,0.9972,0.9912,0.9993,0.8905,0.9248,0.9724,0.9801,0.9805,0.9821,0.98,0.9858,0.9744,0.986,1.0212,1.1145,0.148,0.148,0.1472,0.1483,0.1618,0.1658
S,E7000,KWH2500-4999,KWH,I_TAX,NAC,HU,,32.71,39.28,38.78,43.0,45.06,46.22,43.92,45.3099,44.9311,45.7608,45.8167,41.3545,39.4858,36.8927,35.5661,34.6542,35.7686,34.8246,34.9106,34.8075,35.028,35.2862,36.1623,35.8898,36.1969,35.615,36.0097,36.1366,36.0344,35.5604,44.1198,44.0494,43.3256,42.6268,41.3442,42.0573,42.3146
S,E7000,KWH2500-4999,KWH,I_TAX,NAC,IE,,0.1918,0.1769,0.2033,0.203,0.1855,0.1804,0.1875,0.1901,0.2086,0.2155,0.2289,0.2295,0.2405,0.2407,0.2536,0.2426,0.2454,0.232,0.2338,0.2305,0.2355,0.2369,0.2539,0.2423,0.2546,0.2409,0.2616,0.2555,0.2974,0.2324,0.3225,0.2735,0.3794,0.259,0.3046,0.3231,0.4042
S,E7000,KWH2500-4999,KWH,I_TAX,NAC,IS,,,,,,,,,,,18.0984,18.4513,17.15,17.35,17.64,17.86,17.84,18.1836,18.4496,18.758,18.7025,18.7913,19.0895,19.1602,19.5848,19.683,19.9132,20.0368,20.5434,20.6247,21.6328,22.1591,23.1336,23.7586,25.4384,27.05,29.31,
S,E7000,KWH2500-4999,KWH,I_TAX,NAC,IT,,,0.2031,0.2227,0.2098,0.1997,0.1965,0.192,0.1987,0.2065,0.2132,0.2297,0.2292,0.2323,0.2446,0.2338,0.245,0.2428,0.2342,0.2261,0.2132,0.208,0.2067,0.2161,0.2301,0.2341,0.2226,0.2153,0.2259,0.236,0.3115,0.3641,0.3782,0.3347,0.3274,0.3111,0.3291,0.2966
S,E7000,KWH2500-4999,KWH,I_TAX,NAC,LI,,,,,,,,,,,,,,,0.187,0.187,0.1945,0.1945,0.1894,0.1894,0.1856,0.1855,0.2241,0.2238,0.2242,0.2245,0.2251,0.2254,0.2267,0.2266,0.2271,0.2267,0.4287,0.3437,0.3084,0.2915,0.2854,0.2856
S,E7000,KWH2500-4999,KWH,I_TAX,NAC,LT,,0.3003,0.297,0.2985,0.3285,0.3197,0.399,0.4198,0.4193,0.4216,0.4352,0.4379,0.4729,0.4804,0.4593,0.4554,0.1256,0.1243,0.1231,0.1171,0.1116,0.1107,0.1097,0.1097,0.1255,0.1254,0.1426,0.1321,0.1348,0.1477,0.1497,0.2429,0.282,0.2223,0.2315,0.2144,0.2109,0.1955
S,E7000,KWH2500-4999,KWH,I_TAX,NAC,LU,0.1684,0.1645,0.1645,0.1609,0.1882,0.1882,0.1726,0.1747,0.1678,0.1662,0.1696,0.1706,0.1665,0.1646,0.1738,0.1738,0.1767,0.1767,0.1698,0.1698,0.1615,0.1618,0.1671,0.1691,0.1798,0.1799,0.1986,0.1985,0.1988,0.1989,0.2017,0.2042,0.2008,0.2015,0.2029,0.2024,0.2665,0.2665
S,E7000,KWH2500-4999,KWH,I_TAX,NAC,LV,,0.051,0.0588,0.0709,0.0743,0.0743,0.0743,0.0743,0.0826,0.0947,0.0965,0.0953,0.0965,0.0954,0.1365,0.1301,0.1635,0.165,0.1628,0.1624,0.1586,0.1582,0.1531,0.1511,0.1629,0.164,0.142,0.1432,0.1403,0.1886,0.1759,0.2992,0.3054,0.2774,0.2546,0.2408,0.244,0.2452
S,E7000,KWH2500-4999,KWH,I_TAX,NAC,MD,,,,,,,,,,,,,,,,,1.6528,1.903,2.14,2.0185,2.0426,2.1015,2.0627,2.0034,1.8555,1.9897,2.0786,1.9886,1.8113,1.8271,2.3682,4.4001,3.574,2.8511,2.61,2.6204,4.2031,3.8725
S,E7000,KWH2500-4999,KWH,I_TAX,NAC,ME,,,,,,,,,0.087,0.0852,0.091,0.095,0.0956,0.0988,0.0985,0.0988,0.0982,0.0988,0.0956,0.097,0.0983,0.1003,0.1024,0.103,0.1032,0.1028,0.0988,0.0999,0.098,0.0974,0.0961,0.0982,0.0968,0.097,0.0971,0.1004,0.0973,0.0998
S,E7000,KWH2500-4999,KWH,I_TAX,NAC,MK,,,,,,,,,,,,4.8688,4.9899,4.8026,4.8394,5.0676,5.0844,5.145,5.0692,5.0906,5.05,4.9896,4.8073,4.8381,4.8192,4.8558,4.8186,5.1382,5.1836,5.179,5.7963,6.3435,6.4855,7.1289,6.3843,7.0696,7.0447,7.148
S,E7000,KWH2500-4999,KWH,I_TAX,NAC,MT,,0.0394,0.0993,0.1536,0.1708,0.1513,0.1647,0.1653,0.1651,0.1666,0.1673,0.1678,0.1664,0.1689,0.1474,0.1248,0.1257,0.1269,0.1257,0.1274,0.1328,0.1298,0.1285,0.1307,0.129,0.1304,0.1284,0.1301,0.1285,0.1318,0.1298,0.1284,0.1261,0.1279,0.1272,0.1303,0.1261,0.1282
S,E7000,KWH2500-4999,KWH,I_TAX,NAC,NL,0.1759,0.1741,0.1769,0.1798,0.1979,0.1906,0.1767,0.1789,0.1802,0.1801,0.185,0.1864,0.1898,0.1905,0.1841,0.1801,0.1986,0.1846,0.162,0.1592,0.16,0.159,0.18,0.18,0.207,0.206,0.1437,0.1356,0.1289,0.1441,0.0338,0.1419,0.3574,0.2488,0.2525,0.2144,0.2393,0.2558
S,E7000,KWH2500-4999,KWH,I_TAX,NAC,NO,,1.183,1.303,1.4446,1.392,1.339,1.623,1.526,1.669,1.452,1.4245,1.3098,1.4358,1.4371,1.3682,1.4003,1.3953,1.3245,1.427,1.4947,1.5083,1.5205,1.6801,1.8311,1.8166,1.7391,1.4547,1.4161,1.8583,2.2396,1.9909,2.3536,2.1739,2.1516,2.29,2.2366,2.3163,2.2618
S,E7000,KWH2500-4999,KWH,I_TAX,NAC,PL,,0.5139,0.4394,0.4581,0.5063,0.5403,0.5366,0.551,0.5814,0.5792,0.6022,0.6306,0.6182,0.6058,0.5934,0.5902,0.5977,0.5991,0.5819,0.5892,0.617,0.6159,0.595,0.6006,0.5764,0.592,0.651,0.6754,0.7026,0.7226,0.6787,0.7597,0.8176,0.9643,0.9021,1.064,1.0827,1.1505
S,E7000,KWH2500-4999,KWH,I_TAX,NAC,PT,,0.1562,0.1482,0.1525,0.1508,0.1594,0.1584,0.1666,0.1654,0.1881,0.1993,0.2063,0.2081,0.2131,0.2175,0.2231,0.2279,0.2285,0.235,0.2298,0.2284,0.223,0.2246,0.2293,0.215,0.2181,0.212,0.2133,0.2089,0.217,0.2199,0.2222,0.2071,0.2299,0.2426,0.2626,0.239,0.2434
S,E7000,KWH2500-4999,KWH,I_TAX,NAC,RO,,0.3812,0.3895,0.4076,0.4132,0.416,0.4279,0.4495,0.4524,0.4661,0.4612,0.4867,0.5809,0.5685,0.5759,0.5521,0.5795,0.5859,0.5664,0.5531,0.5438,0.5929,0.6206,0.613,0.644,0.6748,0.7028,0.7041,0.7531,0.7913,1.1683,1.6774,0.9338,0.9473,0.9366,0.9266,0.96,1.4696
S,E7000,KWH2500-4999,KWH,I_TAX,NAC,RS,,,,,,,,,,,,,6.3132,6.9484,7.0214,7.0836,6.9625,7.7777,7.8742,8.0654,8.1976,8.3054,8.3378,8.379,8.3413,8.4836,8.6781,8.6622,9.2971,9.5378,9.5041,10.2021,11.3099,12.2637,12.6757,12.9605,12.9118,13.9473
S,E7000,KWH2500-4999,KWH,I_TAX,NAC,SE,1.437,1.496,1.592,1.72,1.74,1.71,1.8,1.82,1.87,1.8641,1.8003,1.7767,1.7921,1.7941,1.7611,1.725,1.7484,1.7547,1.7813,1.8901,1.877,1.9472,1.9387,2.1236,2.1385,2.1866,2.0407,2.0803,2.1419,2.6465,2.3871,2.9533,3.0177,2.5342,2.7726,2.6967,2.9445,2.992
S,E7000,KWH2500-4999,KWH,I_TAX,NAC,SI,,0.1116,0.1147,0.1156,0.1346,0.1341,0.1401,0.1426,0.1441,0.1492,0.1542,0.1542,0.161,0.1657,0.163,0.1632,0.1589,0.1631,0.1618,0.1629,0.1609,0.1613,0.1613,0.1638,0.1634,0.1666,0.1448,0.1694,0.1662,0.1711,0.139,0.1956,0.1917,0.2113,0.2084,0.2006,0.181,0.2121
S,E7000,KWH2500-4999,KWH,I_TAX,NAC,SK,,4.59,4.58,4.63,0.154,0.156,0.152,0.1637,0.1682,0.171,0.1716,0.1722,0.1698,0.1678,0.1507,0.1523,0.1506,0.1517,0.1423,0.1537,0.1435,0.1442,0.1566,0.1462,0.1577,0.1585,0.1686,0.1724,0.1668,0.1624,0.1796,0.1884,0.1892,0.1943,0.1806,0.177,0.1887,0.1853
S,E7000,KWH2500-4999,KWH,I_TAX,NAC,TR,,0.1575,0.1884,0.2353,0.2463,0.2562,0.2712,0.271,0.269,0.2822,0.3059,0.3368,0.356,0.3523,0.3537,0.3731,0.3894,0.3888,0.4128,0.4131,0.413,0.4128,0.4481,0.552,0.5387,0.6635,0.7123,0.7341,0.7942,0.9031,1.4091,1.7279,1.8175,1.6826,1.6714,2.2857,2.536,3.0792
S,E7000,KWH2500-4999,KWH,I_TAX,NAC,UA,,,,,,,,,,,,,,,,,,,0.71,0.9,1.14,1.19,1.33,1.3056,1.346,1.3382,1.3318,1.3055,1.6255,,,,,,,,,
S,E7000,KWH2500-4999,KWH,I_TAX,NAC,UK,,0.1028,0.113,0.131,0.131,0.125,0.1206,0.1226,0.1244,0.1374,0.1383,0.1427,0.1481,0.1523,0.1575,0.1593,0.1556,0.1571,0.1519,0.1574,0.152,0.1657,0.166,0.18,0.1854,0.1948,0.1927,,,,,,,,,,,
S,E7000,KWH2500-4999,KWH,I_TAX,NAC,XK,,,,,,,,,,,,,0.0564,0.0558,0.0552,0.0586,0.0625,0.0614,0.059,0.0592,0.0662,0.0654,0.0633,0.0638,0.06,0.0605,0.0605,0.0608,0.0605,0.0607,0.0611,0.0637,0.0671,0.0749,0.0736,0.0746,0.0766,0.0877
S,E7000,KWH2500-4999,KWH,I_TAX,PPS,AL,,,,,,,,,0.2632,0.2632,0.2586,0.2586,0.2578,0.2578,0.2619,0.2619,0.1843,0.1957,0.1967,0.1964,0.1844,0.1844,,0.1835,0.1852,0.1852,0.1792,0.1792,0.1771,0.1771,0.1778,0.1778,0.1789,0.1792,0.1812,0.1822,0.1834,0.1834
S,E7000,KWH2500-4999,KWH,I_TAX,PPS,AT,,0.1628,0.163,0.1624,0.1701,0.1701,0.1784,0.1751,0.1794,0.1775,0.1792,0.1836,0.1863,0.1806,0.1829,0.1798,0.1818,0.1826,0.1893,0.1883,0.1728,0.1753,0.1745,0.1785,0.179,0.1825,0.1847,0.1896,0.1938,0.1978,0.1947,0.2078,0.2368,0.2448,0.2411,0.215,0.253,0.285
S,E7000,KWH2500-4999,KWH,I_TAX,PPS,BA,,,,,,,0.1499,0.1487,0.1519,0.16,0.1659,0.1669,0.165,0.1636,0.164,0.1669,0.168,0.1757,0.1759,0.1783,0.1695,0.1705,0.1698,0.1713,0.1699,0.1704,0.1698,0.176,0.1708,0.1669,0.1706,0.1714,0.1607,0.1526,0.1565,0.1649,0.1583,0.1637
S,E7000,KWH2500-4999,KWH,I_TAX,PPS,BE,,0.154,0.1764,0.1925,0.1679,0.1634,0.1767,0.178,0.1925,0.1909,0.21,0.2007,0.193,0.1967,0.1889,0.1841,0.1916,0.2131,0.2351,0.2568,0.2529,0.2547,0.2503,0.2602,0.2516,0.2535,0.2503,0.2422,0.2422,0.269,0.3093,0.404,0.3908,0.3376,0.2989,0.2935,0.3181,0.3117
S,E7000,KWH2500-4999,KWH,I_TAX,PPS,BG,,0.1797,0.1662,0.1925,0.1841,0.183,0.1834,0.1872,0.1744,0.1847,0.18,0.2031,0.1944,0.1855,0.1765,0.1899,0.1998,0.2071,0.2074,0.2023,0.1896,0.1952,0.1903,0.1954,0.1875,0.1801,0.185,0.1822,0.19,0.1976,0.1981,0.2068,0.1887,0.1977,0.1967,0.2016,0.2119,0.2208
S,E7000,KWH2500-4999,KWH,I_TAX,PPS,CY,,0.1802,0.203,0.2326,0.1753,0.1847,0.2094,0.2278,0.2228,0.2622,0.3063,0.3204,0.3093,0.2781,0.2606,0.268,0.2226,0.2018,0.1728,0.1833,0.2088,0.2047,0.2109,0.2432,0.2431,0.2467,0.2329,0.1854,0.2157,0.2513,0.2844,0.3599,0.4088,0.3787,0.3607,0.357,0.321,0.3037
S,E7000,KWH2500-4999,KWH,I_TAX,PPS,CZ,0.1874,0.1874,0.1933,0.1933,0.2137,0.2137,0.2106,0.2106,0.2275,0.2275,0.2368,0.2368,0.247,0.247,0.2184,0.2184,0.2203,0.2203,0.2221,0.224,0.2128,0.2128,0.2198,0.2241,0.2407,0.2434,0.2533,0.2492,0.2434,0.2474,0.3033,0.2121,0.3812,0.3868,0.4216,0.41,0.3916,0.3865
S,E7000,KWH2500-4999,KWH,I_TAX,PPS,DE,0.1978,0.2056,0.2067,0.2113,0.2121,0.2132,0.2276,0.2336,0.2433,0.2435,0.2511,0.259,0.2777,0.2779,0.2861,0.2854,0.2832,0.2825,0.2878,0.2873,0.281,0.281,0.2749,0.2761,0.2793,0.2603,0.2754,0.272,0.289,0.2911,0.2951,0.3023,0.3684,0.3593,0.3513,0.3523,0.3434,0.3465
S,E7000,KWH2500-4999,KWH,I_TAX,PPS,DK,,0.1763,0.1916,0.2024,0.193,0.1826,0.1956,0.1986,0.2153,0.22,0.2212,0.2199,0.2202,0.2155,0.226,0.2251,0.2357,0.2339,0.2302,0.2296,0.2266,0.2238,0.2332,0.2333,0.2248,0.2203,0.2131,0.2114,0.2173,0.2595,0.3434,0.4394,0.2882,0.2673,0.2833,0.2848,0.2665,0.2534
S,E7000,KWH2500-4999,KWH,I_TAX,PPS,EA,,0.162,0.1601,0.1673,0.1655,0.165,0.17,0.175,0.1834,0.1877,0.1923,0.2004,0.2049,0.2084,0.2118,0.2159,0.2191,0.2198,0.2128,0.2147,0.2127,0.2115,0.2137,0.2186,0.2204,0.2203,0.217,0.218,0.2227,0.2394,0.2521,0.2788,0.2933,0.2889,0.2924,0.2913,0.2912,0.2892
S,E7000,KWH2500-4999,KWH,I_TAX,PPS,EE,,0.1158,0.1147,0.1198,0.1317,0.1314,0.1431,0.1481,0.1401,0.15,0.1545,0.1584,0.1853,0.1875,0.175,0.1774,0.1744,0.178,0.1658,0.1674,0.155,0.1693,0.1692,0.178,0.167,0.1736,0.154,0.1609,0.165,0.2367,0.251,0.3233,0.2439,0.2607,0.2555,0.2412,0.2514,0.2519
S,E7000,KWH2500-4999,KWH,I_TAX,PPS,EL,,0.1111,0.1167,0.1225,0.1245,0.1113,0.1285,0.1317,0.1347,0.1334,0.1555,0.1586,0.1831,0.1988,0.2131,0.2153,0.2131,0.2166,0.2079,0.2088,0.2043,0.1935,0.2009,0.1978,0.1933,0.188,0.2023,0.1984,0.2031,0.2405,0.2553,0.2963,0.2837,0.2815,0.2738,0.2853,0.2823,0.2926
S,E7000,KWH2500-4999,KWH,I_TAX,PPS,ES,,0.1559,0.1482,0.1689,0.1672,0.1786,0.1839,0.197,0.2123,0.2238,0.242,0.2513,0.2474,0.2524,0.242,0.2646,0.2581,0.2647,0.2468,0.2555,0.2499,0.237,0.2557,0.2658,0.2578,0.2568,0.2385,0.2448,0.2474,0.301,0.3282,0.3548,0.2632,0.2517,0.2662,0.2684,0.2912,0.2975
S,E7000,KWH2500-4999,KWH,I_TAX,PPS,EU27_2020,,,,,,,,,,,,,,,,,,,,,0.2089,0.2087,0.2101,0.2151,0.2162,0.2167,0.2145,0.2157,0.2204,0.2352,0.2496,0.2785,0.2868,0.2823,0.2853,0.2838,0.2875,0.2906
S,E7000,KWH2500-4999,KWH,I_TAX,PPS,FI,,0.0991,0.1041,0.1084,0.1079,0.1074,0.111,0.1148,0.128,0.1308,0.1284,0.1292,0.1279,0.1264,0.1257,0.1237,0.1248,0.1233,0.1261,0.1275,0.1272,0.1287,0.1283,0.1352,0.138,0.1419,0.1376,0.1402,0.1397,0.148,0.1551,0.1979,0.2062,0.1938,0.2073,0.1931,0.1895,0.1877
S,E7000,KWH2500-4999,KWH,I_TAX,PPS,FR,,0.111,0.1074,0.1065,0.1054,0.1055,0.1143,0.1203,0.1236,0.1271,0.124,0.1337,0.1348,0.1411,0.1444,0.1552,0.1564,0.157,0.1559,0.1597,0.1519,0.1566,0.1569,0.1615,0.1635,0.1759,0.1739,0.1799,0.1788,0.1861,0.193,0.2033,0.2118,0.2372,0.2606,0.2678,0.2453,0.2352
S,E7000,KWH2500-4999,KWH,I_TAX,PPS,HR,0.1437,0.1521,0.1468,0.1733,0.166,0.166,0.163,0.1644,0.168,0.1712,0.1888,0.2152,0.2159,0.2128,0.2068,0.2092,0.2076,0.2072,0.2089,0.2111,0.1839,0.191,0.1997,0.2013,0.2013,0.2016,0.2016,0.2028,0.2005,0.201,0.2082,0.227,0.2223,0.2197,0.213,0.208,0.227,0.2326
S,E7000,KWH2500-4999,KWH,I_TAX,PPS,HU,,0.2021,0.2371,0.2341,0.2576,0.2699,0.2812,0.2672,0.2739,0.2716,0.2719,0.2722,0.2416,0.2306,0.2111,0.2035,0.1983,0.2045,0.1983,0.1995,0.1757,0.1768,0.1717,0.176,0.1683,0.1697,0.1599,0.1617,0.1548,0.1544,0.1406,0.1745,0.1742,0.1713,0.1567,0.1545,0.1501,0.151
S,E7000,KWH2500-4999,KWH,I_TAX,PPS,IE,,0.1624,0.1452,0.1669,0.1712,0.1564,0.1633,0.1698,0.1724,0.1892,0.1965,0.2088,0.2083,0.2182,0.2163,0.2279,0.218,0.2202,0.2152,0.2169,0.1992,0.2036,0.203,0.2176,0.2017,0.2119,0.1982,0.2153,0.2131,0.2481,0.1939,0.2713,0.2301,0.3191,0.2188,0.2573,0.273,0.3415
S,E7000,KWH2500-4999,KWH,I_TAX,PPS,IS,,,,,,,,,,,0.1006,0.1025,0.0937,0.0948,0.095,0.0962,0.0961,0.098,0.0989,0.0998,0.0966,0.0971,0.0936,0.0939,0.0936,0.094,0.0889,0.0894,0.0917,0.0914,0.0958,0.0981,0.1054,0.1066,0.1135,0.122,0.1284,
S,E7000,KWH2500-4999,KWH,I_TAX,PPS,IT,,,0.2011,0.2205,0.2025,0.1927,0.1922,0.1878,0.195,0.2027,0.2123,0.2287,0.2272,0.2303,0.2437,0.2329,0.2441,0.2413,0.2386,0.2303,0.2122,0.207,0.2061,0.2155,0.2312,0.2352,0.2241,0.2167,0.2274,0.2407,0.3177,0.3728,0.3933,0.3488,0.3391,0.3235,0.344,0.3101
S,E7000,KWH2500-4999,KWH,I_TAX,PPS,LT,,0.1512,0.1366,0.1373,0.1535,0.1494,0.1954,0.2056,0.2012,0.2023,0.2091,0.2104,0.2233,0.2269,0.2169,0.2151,0.2039,0.206,0.2036,0.1967,0.1731,0.1717,0.1665,0.1665,0.1871,0.1869,0.2092,0.1938,0.1977,0.2123,0.2152,0.3518,0.3748,0.2955,0.2997,0.2744,0.2699,0.2502
S,E7000,KWH2500-4999,KWH,I_TAX,PPS,LU,0.1478,0.1444,0.1418,0.1387,0.1561,0.1561,0.1428,0.1446,0.1415,0.1402,0.1436,0.1444,0.1373,0.1358,0.1458,0.1458,0.1482,0.1473,0.1442,0.1437,0.1307,0.131,0.1338,0.1354,0.1426,0.1427,0.1535,0.1534,0.1537,0.1559,0.1581,0.1576,0.1547,0.1523,0.1534,0.1534,0.2019,0.2019
S,E7000,KWH2500-4999,KWH,I_TAX,PPS,LV,,0.1094,0.1164,0.1404,0.1544,0.1544,0.1604,0.1604,0.1749,0.2005,0.201,0.1985,0.1986,0.1963,0.199,0.1897,0.2384,0.2445,0.2445,0.245,0.2248,0.2242,0.2114,0.2087,0.2203,0.2218,0.1924,0.194,0.1901,0.2486,0.2291,0.3897,0.3825,0.3465,0.3157,0.3124,0.3166,0.3182
S,E7000,KWH2500-4999,KWH,I_TAX,PPS,ME,,,,,,,,,0.1772,0.1736,0.1853,0.1934,0.1905,0.1969,0.1918,0.1924,0.1912,0.199,0.1951,0.201,0.1971,0.2011,0.1996,0.2008,0.2033,0.2025,0.1959,0.1981,0.1943,0.1871,0.1846,0.1907,0.1773,0.1777,0.1706,0.1785,0.1734,0.1779
S,E7000,KWH2500-4999,KWH,I_TAX,PPS,MK,,,,,,,,,,,,0.1949,0.1949,0.1876,0.1896,0.1986,0.202,0.2044,0.1994,0.1983,0.1828,0.1806,0.1713,0.1724,0.172,0.1733,0.1701,0.1814,0.183,0.1768,0.1979,0.2211,0.2202,0.2441,0.2141,0.2267,0.2259,0.2292
S,E7000,KWH2500-4999,KWH,I_TAX,PPS,MT,,0.1312,0.1385,0.2142,0.2348,0.208,0.2255,0.2263,0.2184,0.2203,0.2182,0.2189,0.2134,0.2166,0.1839,0.1557,0.1567,0.1582,0.1567,0.1587,0.1597,0.1561,0.1492,0.1518,0.1503,0.1519,0.1464,0.1483,0.1465,0.1493,0.1486,0.1449,0.1406,0.1426,0.1401,0.1435,0.1386,0.1409
S,E7000,KWH2500-4999,KWH,I_TAX,PPS,NL,0.1665,0.1648,0.1641,0.1668,0.1769,0.1704,0.1587,0.1607,0.1637,0.1636,0.1688,0.1701,0.1734,0.1741,0.1682,0.1646,0.1831,0.1702,0.1493,0.1474,0.1405,0.1396,0.1571,0.1571,0.1754,0.1746,0.1233,0.1164,0.111,0.1241,0.0289,0.1212,0.3041,0.2117,0.2154,0.1829,0.2042,0.2182
S,E7000,KWH2500-4999,KWH,I_TAX,PPS,NO,,0.1094,0.1163,0.1289,0.1169,0.1125,0.1374,0.1292,0.1402,0.1219,0.1214,0.1116,0.1178,0.1179,0.1093,0.1119,0.1115,0.1055,0.1109,0.1152,0.1079,0.1088,0.1187,0.1294,0.125,0.1196,0.0961,0.0935,0.1227,0.1545,0.1373,0.164,0.1592,0.1586,0.1611,0.1577,0.1602,0.1564
S,E7000,KWH2500-4999,KWH,I_TAX,PPS,PL,,0.2262,0.1849,0.1928,0.2043,0.218,0.225,0.2311,0.24,0.2391,0.2496,0.2614,0.2563,0.2511,0.2451,0.2438,0.2469,0.249,0.2461,0.2494,0.2431,0.2427,0.2309,0.2331,0.2194,0.2253,0.243,0.2521,0.2622,0.2625,0.2339,0.2618,0.2839,0.3349,0.294,0.3467,0.3496,0.3715
S,E7000,KWH2500-4999,KWH,I_TAX,PPS,PT,,0.1921,0.1783,0.1835,0.1791,0.1893,0.1913,0.2012,0.2014,0.2291,0.2501,0.2589,0.2669,0.2733,0.2796,0.2868,0.293,0.2932,0.3018,0.2939,0.2724,0.266,0.2666,0.2722,0.256,0.2597,0.2492,0.2507,0.2455,0.2534,0.2568,0.2595,0.2422,0.2727,0.2933,0.319,0.2899,0.2952
S,E7000,KWH2500-4999,KWH,I_TAX,PPS,RO,,0.2045,0.1906,0.1994,0.1962,0.1975,0.2052,0.2156,0.2145,0.221,0.2171,0.2291,0.2635,0.2579,0.2521,0.2416,0.2536,0.2649,0.2598,0.2537,0.2314,0.2523,0.2518,0.2487,0.2558,0.268,0.275,0.2755,0.2947,0.3025,0.4236,0.6082,0.3386,0.3435,0.3331,0.3269,0.3235,0.4952
S,E7000,KWH2500-4999,KWH,I_TAX,PPS,RS,,,,,,,,,,,,,0.1147,0.1263,0.1234,0.1245,0.1224,0.1446,0.1445,0.149,0.1379,0.1397,0.138,0.1387,0.136,0.1383,0.1388,0.1386,0.1487,0.149,0.1484,0.1596,0.1677,0.1791,0.1764,0.1816,0.1795,0.1939
S,E7000,KWH2500-4999,KWH,I_TAX,PPS,SE,0.1312,0.1366,0.1418,0.1532,0.1468,0.1443,0.1527,0.1544,0.1594,0.1589,0.1552,0.1532,0.1537,0.1538,0.1486,0.1456,0.1475,0.1464,0.1444,0.1581,0.1456,0.1511,0.1483,0.1625,0.1618,0.1654,0.1542,0.1572,0.1628,0.2012,0.1815,0.2245,0.224,0.1876,0.2038,0.2005,0.2189,0.2225
S,E7000,KWH2500-4999,KWH,I_TAX,PPS,SI,,0.1439,0.1413,0.1424,0.1571,0.1565,0.1667,0.1697,0.1725,0.1786,0.1906,0.1906,0.2,0.2058,0.2039,0.2042,0.1988,0.204,0.2055,0.208,0.1938,0.1943,0.1924,0.1954,0.1951,0.1989,0.1722,0.2015,0.1977,0.2018,0.1639,0.2303,0.223,0.249,0.2408,0.2329,0.2075,0.2431
S,E7000,KWH2500-4999,KWH,I_TAX,PPS,SK,,0.2022,0.2143,0.2167,0.2266,0.2296,0.2274,0.2449,0.2448,0.2489,0.2513,0.2522,0.2499,0.247,0.2262,0.2286,0.226,0.2293,0.2176,0.2365,0.1908,0.1917,0.2039,0.1904,0.2003,0.2013,0.2094,0.2142,0.2072,0.2007,0.2219,0.2342,0.2284,0.245,0.2229,0.2212,0.2353,0.2311
S,E7000,KWH2500-4999,KWH,I_TAX,PPS,TR,,0.1479,0.1654,0.2065,0.2031,0.2113,0.2201,0.2199,0.2046,0.2147,0.2211,0.2435,0.2417,0.2392,0.2229,0.2351,0.2454,0.2488,0.2485,0.2484,0.2049,0.2048,0.186,0.2291,0.1909,0.2351,0.2166,0.2233,0.2415,0.2167,0.3381,0.2382,0.2506,0.2268,0.1499,0.2018,0.1401,0.1702
S,E7000,KWH2500-4999,KWH,I_TAX,PPS,UK,,0.1292,0.1356,0.1572,0.1502,0.1433,0.1332,0.1354,0.1342,0.1482,0.1513,0.1561,0.1601,0.1646,0.168,0.1699,0.1687,0.1704,0.1647,0.1707,0.1525,0.1662,0.1647,0.1785,0.1821,0.1913,0.1869,,,,,,,,,,,
S,E7000,KWH2500-4999,KWH,X_TAX,EUR,AL,,,,,,,,,0.096,0.0964,0.0969,0.0973,0.0963,0.0962,0.0963,0.0967,0.0676,0.0683,0.0687,0.0695,0.0703,0.0713,,0.0759,0.0767,0.0778,0.0768,0.0767,0.0771,0.0781,0.0784,0.0813,0.0842,0.0907,0.0929,0.0958,0.0963,0.0979
S,E7000,KWH2500-4999,KWH,X_TAX,EUR,AT,,0.1255,0.1271,0.1268,0.138,0.138,0.1427,0.1396,0.1442,0.1444,0.1433,0.1412,0.1413,0.1361,0.1321,0.1294,0.1261,0.1239,0.1242,0.1222,0.1221,0.1218,0.1232,0.1265,0.1316,0.1349,0.1358,0.1384,0.1394,0.1448,0.1579,0.209,0.2691,0.299,0.2946,0.2678,0.2578,0.2539
S,E7000,KWH2500-4999,KWH,X_TAX,EUR,BA,,,,,,,0.0634,0.0629,0.0637,0.0671,0.0683,0.0687,0.0686,0.068,0.0676,0.0689,0.0694,0.0708,0.0711,0.0721,0.072,0.0724,0.0722,0.0729,0.0729,0.0728,0.0721,0.0746,0.0721,0.0714,0.0733,0.0738,0.0742,0.0717,0.0724,0.0768,0.0793,0.0815
S,E7000,KWH2500-4999,KWH,X_TAX,EUR,BE,,0.1286,0.15,0.1619,0.1431,0.139,0.1449,0.146,0.1572,0.1595,0.159,0.1684,0.1583,0.1641,0.1673,0.1678,0.1817,0.1842,0.1567,0.1815,0.1929,0.179,0.1872,0.1976,0.1948,0.1954,0.1872,0.1798,0.1767,0.2015,0.2622,0.3791,0.3592,0.2793,0.2405,0.2465,0.2758,0.2714
S,E7000,KWH2500-4999,KWH,X_TAX,EUR,BG,,0.0603,0.0593,0.0685,0.0685,0.0685,0.0675,0.0692,0.0688,0.0727,0.0706,0.0796,0.0771,0.0735,0.0689,0.0746,0.0785,0.0798,0.0797,0.0781,0.0796,0.0819,0.0816,0.0838,0.0831,0.0798,0.0831,0.0818,0.0853,0.0909,0.0911,0.0956,0.0948,0.0993,0.0989,0.1014,0.1083,0.1129
S,E7000,KWH2500-4999,KWH,X_TAX,EUR,CY,,0.1349,0.1528,0.1754,0.1336,0.1409,0.1597,0.169,0.1731,0.2035,0.2338,0.2414,0.2277,0.2028,0.1861,0.1915,0.1574,0.1463,0.1194,0.1285,0.1454,0.142,0.1445,0.1745,0.1545,0.1576,0.1497,0.1184,0.1276,0.1451,0.1693,0.2551,0.2312,0.2099,0.2106,0.2084,0.1937,0.1885
S,E7000,KWH2500-4999,KWH,X_TAX,EUR,CZ,0.0963,0.099,0.1167,0.1189,0.1212,0.1277,0.1236,0.1279,0.1372,0.1345,0.1374,0.1377,0.1378,0.1348,0.1137,0.1129,0.1134,0.1153,0.1161,0.1162,0.1176,0.1218,0.1286,0.1299,0.1238,0.1255,0.1321,0.1283,0.1284,0.1498,0.1879,0.2077,0.2624,0.2582,0.2574,0.2511,0.2404,0.242
S,E7000,KWH2500-4999,KWH,X_TAX,EUR,DE,0.1227,0.1279,0.1299,0.1341,0.1401,0.1359,0.1381,0.137,0.1406,0.1395,0.1441,0.1432,0.1493,0.1489,0.1435,0.144,0.1431,0.1427,0.1388,0.1382,0.1389,0.1383,0.1379,0.1378,0.1473,0.1321,0.143,0.1451,0.1562,0.1596,0.1899,0.2333,0.2973,0.2882,0.2806,0.2797,0.2598,0.2625
S,E7000,KWH2500-4999,KWH,X_TAX,EUR,DK,,0.1027,0.1124,0.1262,0.1115,0.0963,0.1041,0.1096,0.1173,0.1201,0.113,0.1063,0.1064,0.102,0.1038,0.101,0.0935,0.0883,0.0897,0.0948,0.094,0.0922,0.1011,0.1116,0.1084,0.1042,0.0951,0.0908,0.104,0.1485,0.2371,0.3636,0.2976,0.1846,0.1883,0.1928,0.1823,0.1685
S,E7000,KWH2500-4999,KWH,X_TAX,EUR,EA,0.1238,0.1121,0.1124,0.1172,0.1204,0.1197,0.1206,0.125,0.1289,0.1313,0.1329,0.137,0.1362,0.1384,0.1355,0.1397,0.1371,0.1372,0.1307,0.1324,0.1329,0.1321,0.1349,0.1393,0.1335,0.1332,0.1332,0.1356,0.1403,0.1592,0.2024,0.2479,0.2599,0.2465,0.2363,0.2313,0.2211,0.2164
S,E7000,KWH2500-4999,KWH,X_TAX,EUR,EE,,0.0652,0.0639,0.067,0.0712,0.0696,0.0695,0.0711,0.0704,0.0763,0.0771,0.0794,0.0994,0.1007,0.0967,0.0982,0.0951,0.0951,0.0935,0.096,0.0926,0.095,0.0989,0.1048,0.0982,0.1027,0.0882,0.0953,0.098,0.1493,0.159,0.2085,0.1666,0.1826,0.1769,0.1696,0.1784,0.1753
S,E7000,KWH2500-4999,KWH,X_TAX,EUR,EL,,0.09,0.0957,0.1005,0.1055,0.0942,0.0975,0.0959,0.1025,0.1003,0.1065,0.1072,0.117,0.1193,0.1204,0.1216,0.1211,0.1227,0.1162,0.1185,0.1139,0.109,0.1132,0.1125,0.1141,0.1189,0.1285,0.1278,0.1305,0.1588,0.295,0.4556,0.1876,0.1905,0.1888,0.193,0.1939,0.1951
S,E7000,KWH2500-4999,KWH,X_TAX,EUR,ES,,0.1152,0.1124,0.1277,0.1294,0.1381,0.1417,0.1492,0.1597,0.1684,0.1766,0.1789,0.1752,0.1787,0.1702,0.1861,0.1815,0.1864,0.1718,0.1796,0.1805,0.1712,0.1873,0.1947,0.1326,0.1287,0.1178,0.126,0.1358,0.1878,0.2579,0.2966,0.2165,0.2068,0.1841,0.1882,0.1803,0.184
S,E7000,KWH2500-4999,KWH,X_TAX,EUR,EU27_2020,0.1159,0.109,0.1103,0.1152,0.116,0.1163,0.1181,0.1226,0.1269,0.1281,0.1293,0.1333,0.1326,0.1338,0.1303,0.1331,0.131,0.1312,0.1257,0.1276,0.1272,0.1271,0.1288,0.1331,0.1282,0.128,0.1274,0.1297,0.134,0.1554,0.191,0.236,0.2385,0.2244,0.2222,0.2175,0.2075,0.2059
S,E7000,KWH2500-4999,KWH,X_TAX,EUR,FI,,0.0868,0.0915,0.0955,0.0974,0.0968,0.0998,0.1026,0.1081,0.1108,0.1089,0.1097,0.1102,0.1087,0.107,0.105,0.1026,0.1009,0.1017,0.102,0.1049,0.1064,0.1074,0.1144,0.1173,0.1201,0.1178,0.1205,0.12,0.1259,0.1335,0.1806,0.1934,0.1712,0.1782,0.1629,0.1588,0.157
S,E7000,KWH2500-4999,KWH,X_TAX,EUR,FR,,0.0924,0.0914,0.091,0.0908,0.0908,0.094,0.0995,0.0994,0.1017,0.0986,0.107,0.1051,0.1105,0.1064,0.1164,0.1111,0.1113,0.1087,0.1106,0.1089,0.1132,0.1134,0.1168,0.1148,0.126,0.1242,0.1292,0.1289,0.1356,0.1566,0.1723,0.1893,0.2161,0.2219,0.2223,0.1902,0.1785
S,E7000,KWH2500-4999,KWH,X_TAX,EUR,GE,,,,,,,,,,,,,,,,,,,,,,,0.058,0.0628,0.0686,0.0524,0.0562,0.0482,0.0535,0.0559,,0.0716,0.0718,0.0733,0.0602,0.0596,0.0641,0.0619
S,E7000,KWH2500-4999,KWH,X_TAX,EUR,HR,0.0761,0.0793,0.0798,0.0961,0.0935,0.0932,0.0934,0.093,0.0918,0.0925,0.0965,0.11,0.1091,0.106,0.1004,0.1013,0.1008,0.1003,0.1002,0.1018,0.1011,0.1012,0.102,0.1028,0.1028,0.103,0.1012,0.1017,0.1003,0.1022,0.106,0.117,0.117,0.1171,0.1167,0.118,0.1299,0.1335
S,E7000,KWH2500-4999,KWH,X_TAX,EUR,HU,,0.0957,0.1277,0.1281,0.1227,0.132,0.1349,0.1247,0.1336,0.1192,0.1181,0.1233,0.1061,0.1019,0.0946,0.0902,0.0887,0.0902,0.0877,0.0886,0.0886,0.0893,0.0885,0.088,0.0882,0.0864,0.0812,0.0794,0.0795,0.079,0.0746,0.0853,0.0911,0.0891,0.0861,0.0812,0.0819,0.0852
S,E7000,KWH2500-4999,KWH,X_TAX,EUR,IE,,0.169,0.1559,0.1791,0.1789,0.1635,0.1589,0.1629,0.1584,0.1755,0.185,0.1954,0.1951,0.2026,0.2008,0.2085,0.197,0.1991,0.1895,0.1878,0.1846,0.1865,0.1846,0.2006,0.2027,0.213,0.2037,0.2179,0.2069,0.242,0.2693,0.3823,0.4514,0.459,0.3856,0.3729,0.3468,0.3608
S,E7000,KWH2500-4999,KWH,X_TAX,EUR,IS,,,,,,,,,,,0.0877,0.092,0.0831,0.0846,0.0895,0.0914,0.095,0.0998,0.1035,0.1166,0.1263,0.12,0.1222,0.1152,0.1131,0.1132,0.1061,0.0988,0.107,0.1095,0.1205,0.122,0.1208,0.1274,0.1345,0.1436,0.1601,
S,E7000,KWH2500-4999,KWH,X_TAX,EUR,IT,,,,,,,,0.1387,0.1397,0.1412,0.1445,0.1525,0.1498,0.1501,0.1539,0.1468,0.1507,0.1479,0.1376,0.1342,0.1322,0.1326,0.1285,0.1416,0.1432,0.1427,0.1382,0.1331,0.1432,0.176,0.2671,0.3192,0.323,0.2565,0.2451,0.2232,0.2458,0.219
S,E7000,KWH2500-4999,KWH,X_TAX,EUR,LI,,,,,,,,,,,,,,,0.1393,0.1408,0.161,0.1577,0.1509,0.1525,0.1456,0.1367,0.1651,0.169,0.171,0.1765,0.1823,0.1791,0.1786,0.1829,0.1898,0.1999,0.3888,0.3174,0.2811,0.2698,0.2645,0.2672
S,E7000,KWH2500-4999,KWH,X_TAX,EUR,LT,,0.0737,0.0729,0.0732,0.0799,0.0768,0.0955,0.1005,0.1004,0.1009,0.1042,0.1048,0.086,0.0878,0.0893,0.0883,0.0874,0.0863,0.0859,0.0818,0.0783,0.0777,0.0771,0.0771,0.0947,0.0947,0.1111,0.0972,0.1003,0.1122,0.1205,0.2007,0.2407,0.1919,0.1914,0.1771,0.1774,0.1618
S,E7000,KWH2500-4999,KWH,X_TAX,EUR,LU,0.1509,0.1442,0.1442,0.1391,0.1619,0.1653,0.1433,0.1449,0.1451,0.1436,0.1468,0.1477,0.1447,0.1429,0.1431,0.1431,0.1331,0.1331,0.1327,0.1327,0.1167,0.117,0.1283,0.1302,0.1326,0.1325,0.1465,0.1465,0.1467,0.1468,0.1673,0.1696,0.3012,0.2875,0.3024,0.3019,0.2834,0.2834
S,E7000,KWH2500-4999,KWH,X_TAX,EUR,LV,,0.0695,0.0802,0.0955,0.0957,0.0959,0.0954,0.0953,0.0957,0.11,0.1143,0.0955,0.0964,0.0853,0.086,0.0854,0.1083,0.1096,0.1077,0.1074,0.1043,0.1039,0.1035,0.1041,0.1136,0.1144,0.0996,0.1005,0.1024,0.1402,0.1779,0.2448,0.2521,0.2497,0.2261,0.2159,0.2011,0.2021
S,E7000,KWH2500-4999,KWH,X_TAX,EUR,MD,,,,,,,,,,,,,,,,,0.0819,0.0881,0.0962,0.0923,0.0977,0.1013,0.102,0.096,0.0936,0.1019,0.1068,0.0993,0.0851,0.0888,0.1047,0.1976,0.1795,0.1469,0.1359,0.1358,0.2156,0.1965
S,E7000,KWH2500-4999,KWH,X_TAX,EUR,ME,,,,,,,,,0.0744,0.0729,0.0772,0.0825,0.0835,0.0855,0.0858,0.0867,0.0869,0.0874,0.0856,0.0866,0.0804,0.0806,0.0828,0.0829,0.0834,0.0847,0.0811,0.0821,0.0807,0.0803,0.0792,0.0809,0.0845,0.0846,0.0894,0.0895,0.0924,0.0927
S,E7000,KWH2500-4999,KWH,X_TAX,EUR,MK,,,,,,,,,,,,0.0369,0.039,0.041,0.0418,0.0414,0.07,0.0707,0.0696,0.0701,0.0695,0.0687,0.0662,0.0667,0.0664,0.0669,0.0662,0.0706,0.0713,0.08,0.0895,0.0981,0.0957,0.0982,0.0943,0.0974,0.0969,0.0984
S,E7000,KWH2500-4999,KWH,X_TAX,EUR,MT,,0.0874,0.0945,0.1463,0.1627,0.1441,0.1569,0.1571,0.1572,0.1586,0.1593,0.1598,0.1585,0.1609,0.1404,0.1189,0.1197,0.1209,0.1197,0.1213,0.125,0.1221,0.1209,0.123,0.1214,0.1227,0.1208,0.1224,0.1209,0.124,0.1221,0.1208,0.1186,0.1203,0.1196,0.1226,0.1186,0.1206
S,E7000,KWH2500-4999,KWH,X_TAX,EUR,NL,0.1299,0.1289,0.1304,0.1339,0.1473,0.1428,0.128,0.1284,0.1303,0.1305,0.134,0.1378,0.134,0.1378,0.1325,0.1326,0.1285,0.1238,0.1206,0.1189,0.119,0.118,0.126,0.128,0.136,0.136,0.1386,0.136,0.1361,0.1488,0.2109,0.3256,0.4318,0.2638,0.29,0.2544,0.2527,0.2692
S,E7000,KWH2500-4999,KWH,X_TAX,EUR,NO,,0.1069,0.1179,0.1237,0.1131,0.1124,0.1484,0.1388,0.1563,0.1351,0.1355,0.1266,0.1373,0.1279,0.1173,0.1182,0.1133,0.0994,0.1042,0.113,0.1163,0.1137,0.1254,0.1382,0.136,0.1264,0.0954,0.0927,0.1326,0.1752,0.2005,0.2751,0.1683,0.1521,0.1579,0.1462,0.1603,0.1605
S,E7000,KWH2500-4999,KWH,X_TAX,EUR,PL,,0.1069,0.0965,0.1005,0.0883,0.101,0.1049,0.1082,0.1145,0.1052,0.1106,0.1195,0.1155,0.1121,0.1107,0.1097,0.1125,0.1105,0.1037,0.1053,0.096,0.095,0.0906,0.0889,0.0898,0.0867,0.0926,0.0953,0.0921,0.0882,0.0912,0.1003,0.0918,0.1164,0.1035,0.1399,0.1479,0.1539
S,E7000,KWH2500-4999,KWH,X_TAX,EUR,PT,,0.1206,0.1074,0.1066,0.1264,0.1383,0.1093,0.1061,0.1015,0.1068,0.1105,0.1174,0.121,0.1243,0.1268,0.1301,0.115,0.1153,0.1239,0.1211,0.1106,0.108,0.1007,0.1028,0.1181,0.1204,0.1139,0.1138,0.1131,0.1164,0.1688,0.1972,0.2983,0.2012,0.1823,0.1693,0.159,0.1625
S,E7000,KWH2500-4999,KWH,X_TAX,EUR,RO,,0.0954,0.0885,0.092,0.0814,0.0815,0.0856,0.0839,0.0848,0.0823,0.0795,0.0748,0.089,0.0896,0.091,0.0906,0.0927,0.0938,0.0914,0.0893,0.0871,0.0945,0.099,0.0964,0.0983,0.1025,0.1045,0.104,0.1115,0.1167,0.1779,0.2683,0.1435,0.1441,0.1392,0.1391,0.1447,0.2221
S,E7000,KWH2500-4999,KWH,X_TAX,EUR,RS,,,,,,,,,,,,,0.0467,0.0503,0.0499,0.049,0.0472,0.0499,0.049,0.05,0.0508,0.0532,0.0539,0.0542,0.0541,0.0551,0.0564,0.0563,0.0575,0.0591,0.0589,0.0617,0.0686,0.0755,0.0783,0.0792,0.0789,0.0859
S,E7000,KWH2500-4999,KWH,X_TAX,EUR,SE,0.0968,0.1013,0.1085,0.1137,0.104,0.1059,0.1195,0.128,0.1376,0.134,0.1312,0.1345,0.1359,0.1321,0.1264,0.1194,0.1183,0.1202,0.1218,0.1281,0.1257,0.1305,0.1202,0.132,0.1297,0.1316,0.12,0.1271,0.134,0.1733,0.1815,0.2489,0.1784,0.1407,0.1571,0.1507,0.1727,0.1771
S,E7000,KWH2500-4999,KWH,X_TAX,EUR,SI,,0.0861,0.0911,0.0919,0.1056,0.105,0.1057,0.1058,0.1079,0.1149,0.1193,0.1192,0.1177,0.1176,0.1152,0.1151,0.1123,0.1126,0.1112,0.1117,0.1104,0.1105,0.1108,0.1125,0.1125,0.1146,0.1063,0.118,0.1153,0.1185,0.1023,0.1533,0.1614,0.1614,0.1684,0.162,0.1459,0.1621
S,E7000,KWH2500-4999,KWH,X_TAX,EUR,SK,,0.1152,0.1194,0.1283,0.1294,0.1311,0.1277,0.1376,0.1372,0.1395,0.14,0.1404,0.1384,0.1366,0.1224,0.1237,0.1223,0.1232,0.1154,0.1249,0.0832,0.0838,0.0942,0.0849,0.0962,0.0969,0.1074,0.1106,0.1057,0.102,0.1242,0.1315,0.1322,0.123,0.125,0.122,0.127,0.1241
S,E7000,KWH2500-4999,KWH,X_TAX,EUR,TR,,0.0706,0.0782,0.0969,0.0909,0.0936,0.1067,0.1092,0.0978,0.0919,0.1044,0.1169,0.1186,0.1053,0.0955,0.104,0.1081,0.0972,0.102,0.097,0.0845,0.0773,0.0727,0.0688,0.0684,0.0841,0.0805,0.066,0.0672,0.0637,0.0748,0.0833,0.0759,0.0501,0.0434,0.0554,0.0552,0.0569
S,E7000,KWH2500-4999,KWH,X_TAX,EUR,UA,,,,,,,,,,,,,,,,,,,0.0207,0.0267,0.0328,0.0318,0.0342,0.0342,0.0369,0.0406,0.0388,0.033,0.0404,,,,,,,,,
S,E7000,KWH2500-4999,KWH,X_TAX,EUR,UK,,0.1411,0.1394,0.153,0.1399,0.1341,0.1321,0.138,0.1365,0.1509,0.1603,0.1701,0.1658,0.1712,0.1826,0.1917,0.1759,0.1808,0.1576,0.1479,0.1344,0.1344,0.1347,0.1401,0.145,0.1512,0.1532,,,,,,,,,,,
S,E7000,KWH2500-4999,KWH,X_TAX,EUR,XK,,,,,,,,,,,,,0.0407,0.0402,0.041,0.0441,0.0481,0.0483,0.0483,0.0485,0.0546,0.0588,0.0569,0.0579,0.0537,0.0528,0.0525,0.0525,0.0522,0.0535,0.0555,0.0583,0.0603,0.0662,0.065,0.066,0.0679,0.0783
S,E7000,KWH2500-4999,KWH,X_TAX,NAC,AL,,,,,,,,,13.5,13.5,13.5,13.5,13.5,13.5,13.5,13.5,9.5,9.5,9.5,9.5,9.5,9.5,,9.5,9.5,9.5,9.5,9.5,9.5,9.5,9.5,9.5,9.5,9.5,9.5,9.5,9.5,9.5
S,E7000,KWH2500-4999,KWH,X_TAX,NAC,AT,,0.1255,0.1271,0.1268,0.138,0.138,0.1427,0.1396,0.1442,0.1444,0.1433,0.1412,0.1413,0.1361,0.1321,0.1294,0.1261,0.1239,0.1242,0.1222,0.1221,0.1218,0.1232,0.1265,0.1316,0.1349,0.1358,0.1384,0.1394,0.1448,0.1579,0.209,0.2691,0.299,0.2946,0.2678,0.2578,0.2539
S,E7000,KWH2500-4999,KWH,X_TAX,NAC,BA,,,,,,,0.1242,0.1232,0.1249,0.1315,0.1338,0.1346,0.1345,0.1333,0.1325,0.135,0.1358,0.1384,0.139,0.141,0.1408,0.1416,0.1413,0.1426,0.1425,0.1423,0.1411,0.1459,0.141,0.1397,0.1434,0.1444,0.1451,0.1402,0.1417,0.1502,0.1551,0.1595
S,E7000,KWH2500-4999,KWH,X_TAX,NAC,BE,,0.1286,0.15,0.1619,0.1431,0.139,0.1449,0.146,0.1572,0.1595,0.159,0.1684,0.1583,0.1641,0.1673,0.1678,0.1817,0.1842,0.1567,0.1815,0.1929,0.179,0.1872,0.1976,0.1948,0.1954,0.1872,0.1798,0.1767,0.2015,0.2622,0.3791,0.3592,0.2793,0.2405,0.2465,0.2758,0.2714
S,E7000,KWH2500-4999,KWH,X_TAX,NAC,BG,,0.118,0.116,0.134,0.134,0.134,0.132,0.1354,0.1346,0.1422,0.138,0.1557,0.1507,0.1437,0.1348,0.1459,0.1536,0.156,0.1558,0.1528,0.1556,0.1602,0.1595,0.1638,0.1625,0.1561,0.1625,0.16,0.1668,0.1778,0.1782,0.187,0.1854,0.1943,0.1935,0.1984,0.2119,0.2208
S,E7000,KWH2500-4999,KWH,X_TAX,NAC,CY,,0.0788,0.1528,0.1754,0.1336,0.1409,0.1597,0.169,0.1731,0.2035,0.2338,0.2414,0.2277,0.2028,0.1861,0.1915,0.1574,0.1463,0.1194,0.1285,0.1454,0.142,0.1445,0.1745,0.1545,0.1576,0.1497,0.1184,0.1276,0.1451,0.1693,0.2551,0.2312,0.2099,0.2106,0.2084,0.1937,0.1885
S,E7000,KWH2500-4999,KWH,X_TAX,NAC,CZ,2.71,2.71,2.94,2.94,3.29,3.29,3.18,3.18,3.34,3.34,3.46,3.46,3.54,3.54,3.12,3.12,3.12,3.12,3.14,3.14,3.15,3.15,3.28,3.35,3.18,3.22,3.48,3.41,3.32,3.81,4.6311,5.0858,6.2152,6.2801,6.4394,6.3323,6.0098,5.9
S,E7000,KWH2500-4999,KWH,X_TAX,NAC,DE,0.1227,0.1279,0.1299,0.1341,0.1401,0.1359,0.1381,0.137,0.1406,0.1395,0.1441,0.1432,0.1493,0.1489,0.1435,0.144,0.1431,0.1427,0.1388,0.1382,0.1389,0.1383,0.1379,0.1378,0.1473,0.1321,0.143,0.1451,0.1562,0.1596,0.1899,0.2333,0.2973,0.2882,0.2806,0.2797,0.2598,0.2625
S,E7000,KWH2500-4999,KWH,X_TAX,NAC,DK,,0.7653,0.8383,0.9411,0.8306,0.7165,0.7747,0.8164,0.8743,0.8939,0.8399,0.792,0.7932,0.7606,0.7744,0.752,0.6969,0.6587,0.6684,0.7057,0.699,0.6858,0.7532,0.8323,0.8093,0.7777,0.7097,0.6761,0.7732,1.1046,1.764,2.7045,2.2158,1.3761,1.4046,1.4381,1.3602,1.2582
S,E7000,KWH2500-4999,KWH,X_TAX,NAC,EA,,0.116,0.117,0.1229,0.1246,0.1231,0.1235,0.1254,0.1295,0.1319,0.1331,0.1372,0.1364,0.1387,0.1359,0.1401,0.1373,0.1373,0.1321,0.1339,,,,,,,,,,,,,,,,,,
S,E7000,KWH2500-4999,KWH,X_TAX,NAC,EE,,1.02,1.0,1.048,1.114,1.089,1.087,1.113,0.0704,0.0763,0.0771,0.0794,0.0994,0.1007,0.0967,0.0982,0.0951,0.0951,0.0935,0.096,0.0926,0.095,0.0989,0.1048,0.0982,0.1027,0.0882,0.0953,0.098,0.1493,0.159,0.2085,0.1666,0.1826,0.1769,0.1696,0.1784,0.1753
S,E7000,KWH2500-4999,KWH,X_TAX,NAC,EL,,0.09,0.0957,0.1005,0.1055,0.0942,0.0975,0.0959,0.1025,0.1003,0.1065,0.1072,0.117,0.1193,0.1204,0.1216,0.1211,0.1227,0.1162,0.1185,0.1139,0.109,0.1132,0.1125,0.1141,0.1189,0.1285,0.1278,0.1305,0.1588,0.295,0.4556,0.1876,0.1905,0.1888,0.193,0.1939,0.1951
S,E7000,KWH2500-4999,KWH,X_TAX,NAC,ES,,0.1152,0.1124,0.1277,0.1294,0.1381,0.1417,0.1492,0.1597,0.1684,0.1766,0.1789,0.1752,0.1787,0.1702,0.1861,0.1815,0.1864,0.1718,0.1796,0.1805,0.1712,0.1873,0.1947,0.1326,0.1287,0.1178,0.126,0.1358,0.1878,0.2579,0.2966,0.2165,0.2068,0.1841,0.1882,0.1803,0.184
S,E7000,KWH2500-4999,KWH,X_TAX,NAC,FI,,0.0868,0.0915,0.0955,0.0974,0.0968,0.0998,0.1026,0.1081,0.1108,0.1089,0.1097,0.1102,0.1087,0.107,0.105,0.1026,0.1009,0.1017,0.102,0.1049,0.1064,0.1074,0.1144,0.1173,0.1201,0.1178,0.1205,0.12,0.1259,0.1335,0.1806,0.1934,0.1712,0.1782,0.1629,0.1588,0.157
S,E7000,KWH2500-4999,KWH,X_TAX,NAC,FR,,0.0924,0.0914,0.091,0.0908,0.0908,0.094,0.0995,0.0994,0.1017,0.0986,0.107,0.1051,0.1105,0.1064,0.1164,0.1111,0.1113,0.1087,0.1106,0.1089,0.1132,0.1134,0.1168,0.1148,0.126,0.1242,0.1292,0.1289,0.1356,0.1566,0.1723,0.1893,0.2161,0.2219,0.2223,0.1902,0.1785
S,E7000,KWH2500-4999,KWH,X_TAX,NAC,GE,,,,,,,,,,,,,,,,,,,,,,,0.1733,0.1883,0.2095,0.1706,0.1877,0.1812,0.2141,0.2028,,0.2017,0.2015,0.2109,0.1761,0.1766,0.1944,0.1955
S,E7000,KWH2500-4999,KWH,X_TAX,NAC,HR,0.56,0.58,0.58,0.69,0.69,0.68,0.679,0.68,0.679,0.692,0.7276,0.8253,0.8259,0.8042,0.7653,0.7746,0.7685,0.7627,0.7579,0.7643,0.7531,0.7568,0.7566,0.7624,0.7627,0.7641,0.7623,0.7674,0.7573,0.7676,0.7997,0.8813,0.117,0.1171,0.1167,0.118,0.1299,0.1335
S,E7000,KWH2500-4999,KWH,X_TAX,NAC,HU,,24.14,32.4,31.98,35.57,35.79,36.65,34.81,35.9879,34.4849,34.8825,34.9265,31.413,30.3247,29.0494,28.0048,27.2868,28.1642,27.421,27.4887,27.4074,27.5811,27.7844,28.4743,28.2597,28.5015,28.0433,28.3541,28.454,28.3735,28.0003,34.74,34.6846,34.1147,33.5644,32.5545,33.116,33.3186
S,E7000,KWH2500-4999,KWH,X_TAX,NAC,IE,,0.169,0.1559,0.1791,0.1789,0.1635,0.1589,0.1629,0.1584,0.1755,0.185,0.1954,0.1951,0.2026,0.2008,0.2085,0.197,0.1991,0.1895,0.1878,0.1846,0.1865,0.1846,0.2006,0.2027,0.213,0.2037,0.2179,0.2069,0.242,0.2693,0.3823,0.4514,0.459,0.3856,0.3729,0.3468,0.3608
S,E7000,KWH2500-4999,KWH,X_TAX,NAC,IS,,,,,,,,,,,14.301,14.5762,13.54,13.7,13.93,14.1,14.16,14.3352,14.5497,14.7984,14.7826,14.8543,15.0948,15.1518,15.4942,15.5734,15.759,15.8587,16.2273,16.2928,17.0358,17.4603,18.2461,18.7501,20.1048,21.41,23.23,
S,E7000,KWH2500-4999,KWH,X_TAX,NAC,IT,,,,,,,,0.1387,0.1397,0.1412,0.1445,0.1525,0.1498,0.1501,0.1539,0.1468,0.1507,0.1479,0.1376,0.1342,0.1322,0.1326,0.1285,0.1416,0.1432,0.1427,0.1382,0.1331,0.1432,0.176,0.2671,0.3192,0.323,0.2565,0.2451,0.2232,0.2458,0.219
S,E7000,KWH2500-4999,KWH,X_TAX,NAC,LI,,,,,,,,,,,,,,,0.1701,0.1701,0.1701,0.1701,0.1654,0.1654,0.1568,0.1568,0.1931,0.1928,0.1931,0.1935,0.194,0.1943,0.1955,0.1954,0.1958,0.1955,0.3831,0.3041,0.2703,0.2546,0.249,0.2492
S,E7000,KWH2500-4999,KWH,X_TAX,NAC,LT,,0.2545,0.2517,0.2529,0.276,0.2651,0.3298,0.347,0.3465,0.3484,0.3597,0.3619,0.297,0.3033,0.3082,0.305,0.0874,0.0863,0.0859,0.0818,0.0783,0.0777,0.0771,0.0771,0.0947,0.0947,0.1111,0.0972,0.1003,0.1122,0.1205,0.2007,0.2407,0.1919,0.1914,0.1771,0.1774,0.1618
S,E7000,KWH2500-4999,KWH,X_TAX,NAC,LU,0.1509,0.1442,0.1442,0.1391,0.1619,0.1653,0.1433,0.1449,0.1451,0.1436,0.1468,0.1477,0.1447,0.1429,0.1431,0.1431,0.1331,0.1331,0.1327,0.1327,0.1167,0.117,0.1283,0.1302,0.1326,0.1325,0.1465,0.1465,0.1467,0.1468,0.1673,0.1696,0.3012,0.2875,0.3024,0.3019,0.2834,0.2834
S,E7000,KWH2500-4999,KWH,X_TAX,NAC,LV,,0.0486,0.056,0.0675,0.0676,0.0676,0.0676,0.0676,0.0677,0.0776,0.0798,0.0665,0.0675,0.0599,0.086,0.0854,0.1083,0.1096,0.1077,0.1074,0.1043,0.1039,0.1035,0.1041,0.1136,0.1144,0.0996,0.1005,0.1024,0.1402,0.1779,0.2448,0.2521,0.2497,0.2261,0.2159,0.2011,0.2021
S,E7000,KWH2500-4999,KWH,X_TAX,NAC,MD,,,,,,,,,,,,,,,,,1.6528,1.903,2.14,2.0185,2.0426,2.1015,2.0627,1.8686,1.8555,1.9897,2.0786,1.9886,1.8113,1.8271,2.1149,3.8728,3.5692,2.8511,2.61,2.6204,4.2031,3.8681
S,E7000,KWH2500-4999,KWH,X_TAX,NAC,ME,,,,,,,,,0.0744,0.0729,0.0772,0.0825,0.0835,0.0855,0.0858,0.0867,0.0869,0.0874,0.0856,0.0866,0.0804,0.0806,0.0828,0.0829,0.0834,0.0847,0.0811,0.0821,0.0807,0.0803,0.0792,0.0809,0.0845,0.0846,0.0894,0.0895,0.0924,0.0927
S,E7000,KWH2500-4999,KWH,X_TAX,NAC,MK,,,,,,,,,,,,2.2711,2.4033,2.5245,2.5783,2.5494,4.3088,4.3601,4.296,4.3141,4.2797,4.2285,4.074,4.1001,4.0841,4.1151,4.0836,4.3544,4.3929,4.9324,5.5203,6.0414,5.8959,6.0414,5.8039,5.9912,5.9701,6.057
S,E7000,KWH2500-4999,KWH,X_TAX,NAC,MT,,0.0375,0.0945,0.1463,0.1627,0.1441,0.1569,0.1571,0.1572,0.1586,0.1593,0.1598,0.1585,0.1609,0.1404,0.1189,0.1197,0.1209,0.1197,0.1213,0.125,0.1221,0.1209,0.123,0.1214,0.1227,0.1208,0.1224,0.1209,0.124,0.1221,0.1208,0.1186,0.1203,0.1196,0.1226,0.1186,0.1206
S,E7000,KWH2500-4999,KWH,X_TAX,NAC,NL,0.1299,0.1289,0.1304,0.1339,0.1473,0.1428,0.128,0.1284,0.1303,0.1305,0.134,0.1378,0.134,0.1378,0.1325,0.1326,0.1285,0.1238,0.1206,0.1189,0.119,0.118,0.126,0.128,0.136,0.136,0.1386,0.136,0.1361,0.1488,0.2109,0.3256,0.4318,0.2638,0.29,0.2544,0.2527,0.2692
S,E7000,KWH2500-4999,KWH,X_TAX,NAC,NO,,0.844,0.937,1.0507,1.006,0.963,1.188,1.1107,1.223,1.049,1.026,0.9342,1.0325,1.0336,0.9706,0.9963,0.9797,0.9181,0.9816,1.0358,1.0678,1.0778,1.2033,1.327,1.3229,1.2605,1.0247,0.9931,1.3494,1.779,2.0013,2.8127,1.9065,1.754,1.8145,1.7195,1.8696,1.8891
S,E7000,KWH2500-4999,KWH,X_TAX,NAC,PL,,0.3983,0.337,0.3555,0.395,0.4229,0.4198,0.4316,0.4527,0.4509,0.4696,0.4927,0.4826,0.4725,0.4624,0.4598,0.4659,0.4671,0.4531,0.459,0.4098,0.4032,0.3825,0.3824,0.3855,0.3729,0.4088,0.4263,0.418,0.4048,0.4229,0.4749,0.4242,0.5193,0.4469,0.601,0.626,0.6538
S,E7000,KWH2500-4999,KWH,X_TAX,NAC,PT,,0.1206,0.1074,0.1066,0.1264,0.1383,0.1093,0.1061,0.1015,0.1068,0.1105,0.1174,0.121,0.1243,0.1268,0.1301,0.115,0.1153,0.1239,0.1211,0.1106,0.108,0.1007,0.1028,0.1181,0.1204,0.1139,0.1138,0.1131,0.1164,0.1688,0.1972,0.2983,0.2012,0.1823,0.1693,0.159,0.1625
S,E7000,KWH2500-4999,KWH,X_TAX,NAC,RO,,0.3187,0.325,0.3402,0.3443,0.3463,0.3553,0.3583,0.3544,0.3536,0.3491,0.3388,0.3908,0.3984,0.4064,0.4007,0.4123,0.4168,0.4107,0.4004,0.3952,0.4349,0.4608,0.4484,0.4661,0.4869,0.5033,0.5052,0.5466,0.5763,0.8798,1.3193,0.7079,0.7146,0.6925,0.6921,0.7242,1.1281
S,E7000,KWH2500-4999,KWH,X_TAX,NAC,RS,,,,,,,,,,,,,5.2258,5.7463,5.7702,5.822,5.7091,6.0086,6.0208,6.1692,6.2724,6.3532,6.3811,6.413,6.3842,6.4793,6.6318,6.6162,6.7583,6.954,6.9283,7.24,8.049,8.8428,9.1724,9.2721,9.2481,10.0687
S,E7000,KWH2500-4999,KWH,X_TAX,NAC,SE,0.893,0.94,1.017,1.12,1.13,1.1,1.17,1.19,1.23,1.2217,1.1658,1.1469,1.1592,1.158,1.1316,1.1027,1.1047,1.1256,1.133,1.234,1.2066,1.2627,1.22,1.3679,1.3638,1.4023,1.2795,1.3112,1.3575,1.7612,1.9017,2.6826,2.0221,1.6353,1.7901,1.7294,1.9166,1.9547
S,E7000,KWH2500-4999,KWH,X_TAX,NAC,SI,,0.0861,0.0911,0.0919,0.1056,0.105,0.1057,0.1058,0.1079,0.1149,0.1193,0.1192,0.1177,0.1176,0.1152,0.1151,0.1123,0.1126,0.1112,0.1117,0.1104,0.1105,0.1108,0.1125,0.1125,0.1146,0.1063,0.118,0.1153,0.1185,0.1023,0.1533,0.1614,0.1614,0.1684,0.162,0.1459,0.1621
S,E7000,KWH2500-4999,KWH,X_TAX,NAC,SK,,3.86,3.85,3.89,0.1294,0.1311,0.1277,0.1376,0.1372,0.1395,0.14,0.1404,0.1384,0.1366,0.1224,0.1237,0.1223,0.1232,0.1154,0.1249,0.0832,0.0838,0.0942,0.0849,0.0962,0.0969,0.1074,0.1106,0.1057,0.102,0.1242,0.1315,0.1322,0.123,0.125,0.122,0.127,0.1241
S,E7000,KWH2500-4999,KWH,X_TAX,NAC,TR,,0.1234,0.1476,0.1866,0.1957,0.2035,0.2156,0.2155,0.2159,0.2265,0.2438,0.268,0.2824,0.2823,0.2833,0.2961,0.3096,0.3092,0.3325,0.3324,0.3328,0.3326,0.3605,0.4431,0.4347,0.5352,0.5759,0.5894,0.64,0.7293,1.2171,1.5436,1.639,1.4987,1.4872,2.0434,2.2709,2.7562
S,E7000,KWH2500-4999,KWH,X_TAX,NAC,UA,,,,,,,,,,,,,,,,,,,0.59,0.75,0.95,0.99,1.11,1.088,1.1217,1.1151,1.1098,1.0879,1.3546,,,,,,,,,
S,E7000,KWH2500-4999,KWH,X_TAX,NAC,UK,,0.0979,0.108,0.125,0.125,0.1191,0.1149,0.1168,0.1185,0.1309,0.1318,0.136,0.1411,0.1451,0.15,0.1517,0.1288,0.1301,0.1227,0.1271,0.1157,0.12,0.1185,0.1246,0.1267,0.1333,0.134,,,,,,,,,,,
S,E7000,KWH2500-4999,KWH,X_TAX,NAC,XK,,,,,,,,,,,,,0.0407,0.0402,0.041,0.0441,0.0481,0.0483,0.0483,0.0485,0.0546,0.0588,0.0569,0.0579,0.0537,0.0528,0.0525,0.0525,0.0522,0.0535,0.0555,0.0583,0.0603,0.0662,0.065,0.066,0.0679,0.0783
S,E7000,KWH2500-4999,KWH,X_TAX,PPS,AL,,,,,,,,,0.2193,0.2193,0.2155,0.2155,0.2148,0.2148,0.2182,0.2182,0.1536,0.1631,0.1639,0.1637,0.1537,0.1537,,0.1529,0.1543,0.1543,0.1494,0.1494,0.1476,0.1476,0.1482,0.1482,0.1491,0.1493,0.151,0.1519,0.1529,0.1529
S,E7000,KWH2500-4999,KWH,X_TAX,PPS,AT,,0.1174,0.1165,0.1162,0.123,0.123,0.1294,0.1266,0.1302,0.1304,0.13,0.1281,0.1264,0.1218,0.1195,0.1171,0.1141,0.1141,0.1156,0.1145,0.1082,0.1079,0.1093,0.1122,0.1158,0.1187,0.1188,0.1211,0.1219,0.1254,0.1367,0.1832,0.2402,0.2663,0.2601,0.2363,0.2245,0.2211
S,E7000,KWH2500-4999,KWH,X_TAX,PPS,BA,,,,,,,0.1282,0.1271,0.1298,0.1367,0.1418,0.1426,0.141,0.1398,0.1402,0.1428,0.1437,0.1501,0.1504,0.1524,0.142,0.1429,0.142,0.1433,0.1418,0.1416,0.1409,0.1457,0.1408,0.1373,0.141,0.1418,0.1364,0.1295,0.1328,0.14,0.1344,0.1382
S,E7000,KWH2500-4999,KWH,X_TAX,PPS,BE,,0.1177,0.1342,0.1448,0.1254,0.1218,0.1307,0.1317,0.1416,0.1437,0.1435,0.152,0.1406,0.1458,0.1507,0.1512,0.1637,0.1669,0.1448,0.1698,0.1708,0.1585,0.1659,0.1751,0.1726,0.1732,0.1678,0.1612,0.1584,0.1811,0.236,0.3412,0.3227,0.2496,0.2144,0.2183,0.2457,0.2418
S,E7000,KWH2500-4999,KWH,X_TAX,PPS,BG,,0.1504,0.1387,0.1603,0.1532,0.1532,0.1522,0.1562,0.1454,0.1536,0.1501,0.1693,0.162,0.1545,0.1462,0.1582,0.1666,0.1726,0.1728,0.1686,0.158,0.1627,0.1586,0.1629,0.1562,0.1501,0.1542,0.1518,0.1583,0.1647,0.1651,0.1724,0.1573,0.1648,0.1639,0.168,0.1766,0.184
S,E7000,KWH2500-4999,KWH,X_TAX,PPS,CY,,0.1545,0.1742,0.2,0.1503,0.1585,0.18,0.1905,0.1881,0.2211,0.2575,0.2659,0.2552,0.2273,0.2117,0.2179,0.1791,0.1606,0.1351,0.1453,0.163,0.1592,0.161,0.1944,0.1705,0.1739,0.1634,0.1293,0.1393,0.1583,0.1847,0.2815,0.2528,0.2302,0.2345,0.2289,0.2121,0.2063
S,E7000,KWH2500-4999,KWH,X_TAX,PPS,CZ,0.1577,0.1577,0.161,0.161,0.178,0.178,0.1739,0.1739,0.1881,0.1881,0.1955,0.1955,0.2024,0.2024,0.1788,0.1788,0.1804,0.1804,0.1816,0.1831,0.1741,0.1741,0.1797,0.1836,0.1705,0.1727,0.1818,0.1781,0.1734,0.1968,0.2331,0.2559,0.3136,0.3169,0.321,0.3118,0.2961,0.2907
S,E7000,KWH2500-4999,KWH,X_TAX,PPS,DE,0.1199,0.1249,0.125,0.1291,0.1302,0.1263,0.1323,0.1313,0.1353,0.1342,0.1395,0.1386,0.142,0.1417,0.1377,0.1382,0.1373,0.1368,0.1345,0.1334,0.1281,0.1275,0.1269,0.1268,0.1332,0.1195,0.1294,0.1313,0.1414,0.1437,0.1709,0.2101,0.2655,0.2576,0.2495,0.2499,0.2326,0.235
S,E7000,KWH2500-4999,KWH,X_TAX,PPS,DK,,0.0754,0.0817,0.0918,0.0798,0.0688,0.0762,0.0804,0.0868,0.0888,0.0834,0.0786,0.0781,0.0749,0.0771,0.0749,0.0718,0.0679,0.0669,0.0706,0.0699,0.0685,0.0754,0.0834,0.0817,0.0785,0.0715,0.0681,0.0779,0.1118,0.1786,0.2721,0.225,0.1388,0.1439,0.1459,0.1394,0.129
S,E7000,KWH2500-4999,KWH,X_TAX,PPS,EA,,0.1154,0.1138,0.1195,0.1188,0.1174,0.1187,0.1205,0.1247,0.127,0.1294,0.1334,0.1321,0.1343,0.1328,0.1369,0.1366,0.1366,0.1287,0.1305,0.1288,0.1278,0.1304,0.1346,0.1283,0.1281,0.1277,0.1301,0.1346,0.1518,0.1974,0.2418,0.2494,0.2343,0.226,0.2221,0.2131,0.2085
S,E7000,KWH2500-4999,KWH,X_TAX,PPS,EE,,0.096,0.09,0.0944,0.1016,0.0994,0.1025,0.1049,0.1013,0.1098,0.1087,0.112,0.1363,0.1381,0.1295,0.1315,0.1274,0.1311,0.1284,0.1298,0.1189,0.122,0.1241,0.1316,0.1208,0.1264,0.1099,0.1188,0.1221,0.1823,0.1941,0.2544,0.1881,0.2035,0.1966,0.1847,0.1951,0.1917
S,E7000,KWH2500-4999,KWH,X_TAX,PPS,EL,,0.1016,0.1066,0.112,0.1138,0.1016,0.106,0.1043,0.1105,0.1081,0.1191,0.1199,0.1371,0.1398,0.1452,0.1467,0.1461,0.1501,0.1408,0.1436,0.136,0.1302,0.136,0.1352,0.1383,0.1441,0.1553,0.1545,0.1577,0.1935,0.3585,0.5537,0.2287,0.2322,0.2331,0.2383,0.2386,0.2401
S,E7000,KWH2500-4999,KWH,X_TAX,PPS,ES,,0.1283,0.1219,0.1385,0.1372,0.1464,0.1508,0.1588,0.1712,0.1805,0.1951,0.1977,0.1945,0.1984,0.1903,0.2081,0.2029,0.2082,0.1941,0.2009,0.1965,0.1864,0.201,0.2089,0.1423,0.1381,0.1255,0.1342,0.1446,0.2007,0.2756,0.3141,0.2322,0.2218,0.2011,0.2097,0.201,0.2051
S,E7000,KWH2500-4999,KWH,X_TAX,PPS,EU27_2020,,,,,,,,,,,,,,,,,,,,,0.1296,0.1294,0.1309,0.1352,0.1296,0.1295,0.1293,0.1315,0.1355,0.153,0.1926,0.238,0.2359,0.2216,0.2177,0.2141,0.2071,0.2067
S,E7000,KWH2500-4999,KWH,X_TAX,PPS,FI,,0.0749,0.0779,0.0813,0.0811,0.0806,0.0836,0.086,0.0899,0.0921,0.0902,0.0909,0.0893,0.0881,0.086,0.0844,0.0825,0.0813,0.0832,0.0842,0.0844,0.0856,0.0855,0.0911,0.0933,0.0956,0.0932,0.0953,0.0949,0.1013,0.1071,0.1445,0.156,0.1381,0.1484,0.1356,0.1322,0.1308
S,E7000,KWH2500-4999,KWH,X_TAX,PPS,FR,,0.084,0.0809,0.0806,0.0793,0.0793,0.0837,0.0886,0.0888,0.0909,0.0879,0.0953,0.0929,0.0977,0.0969,0.1062,0.1037,0.1039,0.1006,0.1032,0.0971,0.1009,0.1018,0.1048,0.1055,0.1158,0.1141,0.1187,0.1184,0.1248,0.1445,0.1589,0.1743,0.1978,0.2031,0.2035,0.1746,0.1639
S,E7000,KWH2500-4999,KWH,X_TAX,PPS,HR,0.1183,0.1226,0.1183,0.1407,0.1347,0.1328,0.1324,0.1326,0.1356,0.1382,0.1508,0.1711,0.1717,0.1671,0.1582,0.1601,0.1589,0.1585,0.1597,0.1614,0.1556,0.1563,0.1554,0.1566,0.1565,0.1568,0.1568,0.1579,0.1558,0.1565,0.163,0.1795,0.1757,0.1738,0.1689,0.1655,0.1822,0.1872
S,E7000,KWH2500-4999,KWH,X_TAX,PPS,HU,,0.1491,0.1956,0.193,0.2131,0.2144,0.223,0.2118,0.2175,0.2085,0.2073,0.2075,0.1835,0.1771,0.1662,0.1602,0.1561,0.161,0.1561,0.1571,0.1383,0.1392,0.1352,0.1386,0.1325,0.1336,0.1259,0.1273,0.1219,0.1216,0.1107,0.1374,0.1372,0.1349,0.1234,0.1216,0.1182,0.1189
S,E7000,KWH2500-4999,KWH,X_TAX,PPS,IE,,0.1431,0.128,0.147,0.1509,0.1379,0.1439,0.1475,0.1436,0.1591,0.1687,0.1782,0.177,0.1838,0.1804,0.1873,0.177,0.1787,0.1758,0.1742,0.1596,0.1612,0.1582,0.1719,0.1687,0.1773,0.1676,0.1793,0.1726,0.2019,0.2247,0.3216,0.3797,0.3861,0.3258,0.315,0.2929,0.3047
S,E7000,KWH2500-4999,KWH,X_TAX,PPS,IS,,,,,,,,,,,0.0795,0.081,0.074,0.0749,0.075,0.0759,0.0763,0.0772,0.078,0.0787,0.0764,0.0767,0.074,0.0743,0.074,0.0744,0.0704,0.0708,0.0724,0.0722,0.0755,0.0773,0.0831,0.0841,0.0897,0.0966,0.1017,
S,E7000,KWH2500-4999,KWH,X_TAX,PPS,IT,,,,,,,,0.1357,0.1371,0.1386,0.1439,0.1518,0.1485,0.1488,0.1533,0.1463,0.1501,0.147,0.1402,0.1367,0.1316,0.132,0.1281,0.1412,0.1439,0.1434,0.1391,0.134,0.1442,0.1795,0.2724,0.3268,0.3359,0.2673,0.2538,0.2321,0.257,0.2289
S,E7000,KWH2500-4999,KWH,X_TAX,PPS,LT,,0.1282,0.1157,0.1163,0.129,0.1239,0.1615,0.17,0.1662,0.1672,0.1728,0.1739,0.1403,0.1432,0.1456,0.1441,0.1419,0.1431,0.1421,0.1374,0.1215,0.1205,0.117,0.117,0.1411,0.1411,0.163,0.1426,0.1471,0.1613,0.1732,0.2907,0.3199,0.2551,0.2478,0.2266,0.227,0.2071
S,E7000,KWH2500-4999,KWH,X_TAX,PPS,LU,0.1324,0.1266,0.1243,0.1199,0.1343,0.1371,0.1186,0.1199,0.1224,0.1211,0.1243,0.1251,0.1194,0.1179,0.12,0.12,0.1116,0.1109,0.1127,0.1123,0.0945,0.0947,0.1027,0.1042,0.1052,0.1051,0.1132,0.1132,0.1134,0.1151,0.1312,0.1309,0.2321,0.2173,0.2286,0.2288,0.2147,0.2147
S,E7000,KWH2500-4999,KWH,X_TAX,PPS,LV,,0.1042,0.1109,0.1336,0.1405,0.1405,0.1459,0.1459,0.1433,0.1643,0.1662,0.1385,0.1389,0.1233,0.1254,0.1245,0.1579,0.1624,0.1618,0.162,0.1478,0.1472,0.1429,0.1438,0.1536,0.1547,0.1349,0.1362,0.1387,0.1848,0.2317,0.3189,0.3158,0.3119,0.2804,0.2801,0.2608,0.2622
S,E7000,KWH2500-4999,KWH,X_TAX,PPS,ME,,,,,,,,,0.1516,0.1485,0.1572,0.168,0.1664,0.1704,0.1671,0.1688,0.1692,0.1761,0.1747,0.1794,0.1612,0.1616,0.1614,0.1616,0.1643,0.1669,0.1608,0.1628,0.16,0.1543,0.1521,0.1571,0.1548,0.155,0.1571,0.1591,0.1647,0.1652
S,E7000,KWH2500-4999,KWH,X_TAX,PPS,MK,,,,,,,,,,,,0.0909,0.0939,0.0986,0.101,0.0999,0.1711,0.1732,0.169,0.1681,0.1549,0.1531,0.1451,0.1461,0.1458,0.1469,0.1442,0.1537,0.1551,0.1684,0.1885,0.2106,0.2002,0.2068,0.1947,0.1921,0.1914,0.1942
S,E7000,KWH2500-4999,KWH,X_TAX,PPS,MT,,0.1249,0.1318,0.204,0.2237,0.1981,0.2148,0.2151,0.2079,0.2098,0.2078,0.2084,0.2032,0.2063,0.1752,0.1483,0.1493,0.1508,0.1493,0.1511,0.1503,0.1468,0.1404,0.1428,0.1414,0.1429,0.1377,0.1396,0.1379,0.1404,0.1398,0.1363,0.1322,0.1341,0.1317,0.135,0.1304,0.1326
S,E7000,KWH2500-4999,KWH,X_TAX,PPS,NL,0.1229,0.122,0.1209,0.1242,0.1317,0.1276,0.115,0.1154,0.1184,0.1186,0.1223,0.1257,0.1224,0.1259,0.1211,0.1212,0.1184,0.1141,0.1112,0.1101,0.1045,0.1036,0.11,0.1117,0.1153,0.1153,0.1189,0.1167,0.1172,0.1281,0.1802,0.2782,0.3674,0.2244,0.2474,0.217,0.2156,0.2297
S,E7000,KWH2500-4999,KWH,X_TAX,PPS,NO,,0.078,0.0836,0.0938,0.0845,0.0809,0.1006,0.0941,0.1027,0.0881,0.0874,0.0796,0.0847,0.0848,0.0775,0.0796,0.0783,0.0731,0.0763,0.0799,0.0764,0.0771,0.085,0.0937,0.091,0.0867,0.0677,0.0656,0.0891,0.1227,0.1381,0.196,0.1396,0.1293,0.1276,0.1212,0.1293,0.1306
S,E7000,KWH2500-4999,KWH,X_TAX,PPS,PL,,0.1753,0.1418,0.1496,0.1594,0.1706,0.176,0.181,0.1869,0.1862,0.1947,0.2043,0.2001,0.1959,0.191,0.1899,0.1924,0.1941,0.1916,0.1943,0.1615,0.1589,0.1484,0.1484,0.1467,0.1419,0.1526,0.1591,0.156,0.1471,0.1457,0.1637,0.1473,0.1803,0.1456,0.1959,0.2021,0.2111
S,E7000,KWH2500-4999,KWH,X_TAX,PPS,PT,,0.1483,0.1292,0.1283,0.1501,0.1643,0.132,0.1281,0.1236,0.1301,0.1387,0.1473,0.1552,0.1594,0.163,0.1672,0.1478,0.148,0.1591,0.1549,0.1319,0.1288,0.1195,0.122,0.1406,0.1434,0.1339,0.1337,0.1329,0.1359,0.1971,0.2303,0.3489,0.2386,0.2205,0.2056,0.1928,0.1971
S,E7000,KWH2500-4999,KWH,X_TAX,PPS,RO,,0.171,0.159,0.1664,0.1635,0.1644,0.1704,0.1718,0.168,0.1677,0.1643,0.1595,0.1773,0.1807,0.1779,0.1754,0.1804,0.1884,0.1884,0.1837,0.1682,0.1851,0.187,0.1819,0.1851,0.1934,0.197,0.1977,0.2139,0.2203,0.319,0.4784,0.2567,0.2591,0.2463,0.2442,0.244,0.3801
S,E7000,KWH2500-4999,KWH,X_TAX,PPS,RS,,,,,,,,,,,,,0.095,0.1044,0.1014,0.1023,0.1004,0.1117,0.1105,0.114,0.1055,0.1069,0.1056,0.1061,0.1041,0.1056,0.1061,0.1058,0.1081,0.1086,0.1082,0.1133,0.1194,0.1292,0.1277,0.1299,0.1286,0.14
S,E7000,KWH2500-4999,KWH,X_TAX,PPS,SE,0.0816,0.0858,0.0906,0.0997,0.0953,0.0928,0.0993,0.101,0.1048,0.1041,0.1005,0.0989,0.0994,0.0993,0.0955,0.0931,0.0932,0.0939,0.0919,0.1032,0.0936,0.098,0.0934,0.1047,0.1032,0.1061,0.0967,0.0991,0.1032,0.1339,0.1446,0.2039,0.1501,0.121,0.1316,0.1286,0.1425,0.1453
S,E7000,KWH2500-4999,KWH,X_TAX,PPS,SI,,0.111,0.1122,0.1132,0.1233,0.1226,0.1258,0.1259,0.1292,0.1375,0.1474,0.1473,0.1462,0.1461,0.1441,0.144,0.1405,0.1408,0.1412,0.1426,0.133,0.1331,0.1322,0.1342,0.1343,0.1368,0.1264,0.1404,0.1371,0.1397,0.1206,0.1805,0.1878,0.1902,0.1946,0.188,0.1672,0.1858
S,E7000,KWH2500-4999,KWH,X_TAX,PPS,SK,,0.1701,0.1802,0.182,0.1904,0.1929,0.1911,0.2059,0.1997,0.203,0.205,0.2056,0.2037,0.2011,0.1837,0.1857,0.1836,0.1862,0.1764,0.1922,0.1106,0.1114,0.1227,0.1105,0.1222,0.1231,0.1334,0.1374,0.1313,0.126,0.1535,0.1634,0.1596,0.1551,0.1543,0.1525,0.1584,0.1548
S,E7000,KWH2500-4999,KWH,X_TAX,PPS,TR,,0.1159,0.1295,0.1638,0.1614,0.1678,0.175,0.1749,0.1642,0.1723,0.1763,0.1937,0.1918,0.1917,0.1785,0.1866,0.1951,0.1978,0.2002,0.1999,0.1651,0.165,0.1496,0.1839,0.154,0.1896,0.1751,0.1793,0.1946,0.175,0.292,0.2128,0.226,0.202,0.1334,0.1804,0.1255,0.1523
S,E7000,KWH2500-4999,KWH,X_TAX,PPS,UK,,0.1231,0.1296,0.15,0.1433,0.1366,0.1269,0.129,0.1278,0.1412,0.1441,0.1487,0.1525,0.1569,0.16,0.1618,0.1397,0.1411,0.133,0.1378,0.1161,0.1204,0.1175,0.1236,0.1244,0.1309,0.13,,,,,,,,,,,
S,E7000,KWH2500-4999,KWH,X_VAT,EUR,AL,,,,,,,,,0.096,0.0964,0.0969,0.0973,0.0963,0.0962,0.0963,0.0967,0.0676,0.0683,0.0687,0.0695,0.0703,0.0713,,0.0759,0.0767,0.0778,0.0768,0.0767,0.0771,0.0781,0.0784,0.0813,0.0842,0.0907,0.0929,0.0958,0.0963,0.0979
S,E7000,KWH2500-4999,KWH,X_VAT,EUR,AT,,0.1462,0.1483,0.1476,0.159,0.1591,0.1639,0.1608,0.1655,0.1638,0.1646,0.1686,0.1735,0.1682,0.1684,0.1656,0.1674,0.1652,0.1695,0.1675,0.1625,0.1649,0.1638,0.1676,0.1695,0.1728,0.1759,0.1806,0.1846,0.1904,0.1874,0.1975,0.2211,0.229,0.2276,0.2031,0.2421,0.2726
S,E7000,KWH2500-4999,KWH,X_VAT,EUR,BA,,,,,,,0.0634,0.0629,0.0637,0.0671,0.0683,0.0687,0.0686,0.068,0.0676,0.0689,0.0694,0.0708,0.0711,0.0721,0.0734,0.0738,0.0738,0.0744,0.0746,0.0748,0.0743,0.0771,0.0748,0.0742,0.0758,0.0763,0.0747,0.0722,0.0729,0.0773,0.0798,0.0826
S,E7000,KWH2500-4999,KWH,X_VAT,EUR,BE,,0.1423,0.163,0.1779,0.1584,0.154,0.1619,0.1631,0.1765,0.176,0.1924,0.1838,0.1783,0.1826,0.186,0.1883,0.2006,0.206,0.2108,0.2303,0.2361,0.2406,0.2343,0.2436,0.2353,0.237,0.2316,0.2242,0.2243,0.2484,0.3067,0.4235,0.4105,0.3567,0.3166,0.3126,0.3368,0.3301
S,E7000,KWH2500-4999,KWH,X_VAT,EUR,BG,,0.0603,0.0593,0.0685,0.0685,0.0685,0.0675,0.0692,0.0688,0.0727,0.0706,0.0796,0.0771,0.0735,0.0689,0.0746,0.0785,0.0798,0.0797,0.0781,0.0796,0.0819,0.0816,0.0838,0.0831,0.0798,0.0831,0.0818,0.0853,0.0909,0.0911,0.0956,0.0948,0.0993,0.0989,0.1014,0.1083,0.1129
S,E7000,KWH2500-4999,KWH,X_VAT,EUR,CY,,0.1371,0.155,0.1776,0.1358,0.1431,0.1619,0.1763,0.1788,0.2104,0.2406,0.2494,0.2352,0.211,0.1937,0.1988,0.1652,0.1554,0.1291,0.137,0.1579,0.155,0.1606,0.185,0.1867,0.1895,0.1802,0.1435,0.1668,0.1944,0.2363,0.2762,0.315,0.2909,0.2731,0.274,0.2543,0.2543
S,E7000,KWH2500-4999,KWH,X_VAT,EUR,CZ,0.0963,0.099,0.1179,0.1202,0.1223,0.1289,0.1248,0.1291,0.1384,0.1357,0.1386,0.1389,0.1389,0.136,0.1148,0.114,0.1145,0.1164,0.1172,0.1173,0.1188,0.1229,0.1298,0.1311,0.1444,0.1462,0.1522,0.1483,0.1489,0.1651,0.2021,0.1261,0.2636,0.2599,0.2794,0.2729,0.2627,0.2659
S,E7000,KWH2500-4999,KWH,X_VAT,EUR,DE,0.1702,0.1764,0.18,0.1843,0.1918,0.1928,0.1996,0.2049,0.2124,0.2127,0.2181,0.2249,0.2453,0.2455,0.2505,0.2499,0.248,0.2476,0.2495,0.2502,0.2561,0.2561,0.251,0.2521,0.2595,0.2418,0.2564,0.2591,0.2684,0.2718,0.2756,0.2822,0.3467,0.3379,0.332,0.3314,0.3223,0.3252
S,E7000,KWH2500-4999,KWH,X_VAT,EUR,DK,,0.1921,0.2108,0.2228,0.2159,0.2044,0.2136,0.2166,0.2327,0.2381,0.2397,0.2378,0.24,0.2348,0.2433,0.2428,0.2454,0.2433,0.247,0.2467,0.2439,0.2408,0.2501,0.2499,0.2387,0.2339,0.2266,0.2255,0.232,0.2758,0.3647,0.4697,0.3049,0.2843,0.2966,0.3011,0.2788,0.265
S,E7000,KWH2500-4999,KWH,X_VAT,EUR,EA,0.1671,0.1337,0.1405,0.1471,0.1484,0.148,0.1512,0.1552,0.162,0.1658,0.1682,0.1748,0.1792,0.1823,0.1839,0.1876,0.1876,0.1877,0.1836,0.1851,0.1877,0.1871,0.1887,0.1931,0.1952,0.1954,0.193,0.1951,0.1982,0.2175,0.2272,0.2546,0.2677,0.2653,0.2633,0.2621,0.2588,0.2566
S,E7000,KWH2500-4999,KWH,X_VAT,EUR,EE,,0.0665,0.0691,0.0721,0.0782,0.0767,0.081,0.0837,0.0811,0.0869,0.0913,0.0935,0.1126,0.1139,0.1089,0.1104,0.1085,0.1085,0.1076,0.1101,0.1075,0.1099,0.1123,0.1182,0.1131,0.1176,0.103,0.1076,0.1103,0.1616,0.1713,0.2208,0.18,0.1949,0.1885,0.1815,0.1884,0.1858
S,E7000,KWH2500-4999,KWH,X_VAT,EUR,EL,,0.09,0.096,0.1005,0.1055,0.0947,0.1079,0.1091,0.1104,0.1096,0.1231,0.1255,0.1384,0.1501,0.1564,0.158,0.1564,0.1567,0.152,0.1528,0.1514,0.146,0.1482,0.1458,0.1433,0.1463,0.158,0.1549,0.1585,0.1864,0.1982,0.2304,0.2195,0.2179,0.2094,0.2181,0.2161,0.2245
S,E7000,KWH2500-4999,KWH,X_VAT,EUR,ES,,0.1211,0.1182,0.1342,0.136,0.1452,0.149,0.1568,0.1679,0.177,0.1856,0.188,0.1841,0.1878,0.1789,0.1956,0.1908,0.1959,0.1806,0.1887,0.1898,0.1799,0.1969,0.2047,0.1986,0.1978,0.1851,0.1899,0.192,0.2517,0.2822,0.3189,0.2328,0.2228,0.2127,0.2196,0.2176,0.2223
S,E7000,KWH2500-4999,KWH,X_VAT,EUR,EU27_2020,0.1523,0.1299,0.1366,0.1429,0.1424,0.1429,0.1467,0.1506,0.1573,0.1596,0.1619,0.1683,0.1719,0.1736,0.1737,0.1761,0.1762,0.1764,0.1728,0.1744,0.1761,0.1763,0.1772,0.1814,0.183,0.1833,0.181,0.1832,0.1864,0.2069,0.2149,0.2409,0.2496,0.246,0.2496,0.248,0.2448,0.2456
S,E7000,KWH2500-4999,KWH,X_VAT,EUR,FI,,0.0942,0.1003,0.1043,0.1062,0.1056,0.1086,0.1114,0.1252,0.1279,0.126,0.1267,0.1272,0.1257,0.1261,0.124,0.1252,0.1234,0.1242,0.1246,0.1275,0.1289,0.13,0.1369,0.1398,0.1438,0.1403,0.143,0.1425,0.1484,0.156,0.2031,0.2159,0.1938,0.2007,0.1854,0.1813,0.1796
S,E7000,KWH2500-4999,KWH,X_VAT,EUR,FR,,0.1049,0.1038,0.1033,0.1031,0.1035,0.1095,0.1155,0.1182,0.122,0.119,0.1288,0.1301,0.1361,0.1349,0.1451,0.1428,0.1434,0.1437,0.1459,0.1453,0.1498,0.1492,0.1537,0.152,0.1638,0.1618,0.1675,0.1669,0.1738,0.1793,0.1899,0.1971,0.2228,0.2438,0.2504,0.2272,0.2158
S,E7000,KWH2500-4999,KWH,X_VAT,EUR,GE,,,,,,,,,,,,,,,,,,,,,,,0.058,0.0628,0.0686,0.0524,0.0562,0.0482,0.0535,0.0559,,0.0716,0.0718,0.0733,0.0602,0.0596,0.0641,0.0619
S,E7000,KWH2500-4999,KWH,X_VAT,EUR,HR,0.0761,0.0806,0.0812,0.0975,0.0948,0.0945,0.0939,0.0937,0.0925,0.0932,0.0971,0.1107,0.1098,0.108,0.105,0.1059,0.1053,0.105,0.1049,0.1065,0.1058,0.1094,0.116,0.1169,0.1169,0.1172,0.1151,0.1157,0.1142,0.1162,0.12,0.1309,0.131,0.131,0.1303,0.1312,0.1432,0.1467
S,E7000,KWH2500-4999,KWH,X_VAT,EUR,HU,,0.108,0.129,0.1294,0.1238,0.1332,0.1361,0.1259,0.1345,0.1243,0.123,0.1285,0.1111,0.1051,0.0946,0.0902,0.0887,0.0902,0.0877,0.0886,0.0886,0.0893,0.0885,0.088,0.0882,0.0864,0.0812,0.0794,0.0795,0.079,0.0746,0.0853,0.0911,0.0891,0.0861,0.0812,0.0819,0.0852
S,E7000,KWH2500-4999,KWH,X_VAT,EUR,IE,,0.169,0.1559,0.1791,0.1789,0.1635,0.1589,0.1652,0.1675,0.1837,0.1899,0.2017,0.2022,0.212,0.2121,0.2235,0.2137,0.2162,0.2044,0.206,0.2031,0.2075,0.2087,0.2237,0.2135,0.2244,0.2122,0.2305,0.2245,0.2622,0.21,0.2961,0.2509,0.348,0.2378,0.2794,0.2964,0.3709
S,E7000,KWH2500-4999,KWH,X_VAT,EUR,IS,,,,,,,,,,,0.0884,0.0928,0.0839,0.0854,0.0903,0.0922,0.0966,0.102,0.1058,0.1192,0.1288,0.1224,0.1246,0.1175,0.1153,0.1154,0.1082,0.1006,0.1092,0.1118,0.1234,0.1248,0.1235,0.1301,0.1372,0.1463,0.1629,
S,E7000,KWH2500-4999,KWH,X_VAT,EUR,IT,,,0.1848,0.2025,0.1908,0.1817,0.179,0.1751,0.1811,0.1882,0.1938,0.2085,0.2083,0.2111,0.2224,0.2125,0.2227,0.2207,0.2129,0.2056,0.1934,0.189,0.1873,0.1964,0.209,0.2127,0.2023,0.1956,0.2053,0.2147,0.2835,0.3338,0.3467,0.3045,0.2981,0.2809,0.2989,0.2693
S,E7000,KWH2500-4999,KWH,X_VAT,EUR,LI,,,,,,,,,,,,,,,0.1417,0.1433,0.1705,0.167,0.16,0.1618,0.1595,0.1498,0.1779,0.1822,0.1842,0.1902,0.1964,0.193,0.1923,0.1969,0.2043,0.2152,0.404,0.3331,0.2967,0.2856,0.2804,0.2833
S,E7000,KWH2500-4999,KWH,X_VAT,EUR,LT,,0.0737,0.0729,0.0732,0.0799,0.0768,0.0955,0.1005,0.1004,0.1009,0.1042,0.1048,0.1132,0.115,0.1099,0.109,0.1038,0.1027,0.1017,0.0968,0.0922,0.0915,0.0906,0.0906,0.1037,0.1037,0.1179,0.1092,0.1114,0.1221,0.1237,0.2007,0.2331,0.1837,0.1914,0.1771,0.1747,0.1618
S,E7000,KWH2500-4999,KWH,X_VAT,EUR,LU,0.1589,0.1552,0.1552,0.1518,0.1775,0.1775,0.1628,0.1649,0.1583,0.1568,0.16,0.1609,0.1571,0.1553,0.164,0.164,0.1636,0.1636,0.1572,0.1572,0.1495,0.1498,0.1547,0.1566,0.1666,0.1665,0.1838,0.1838,0.184,0.1841,0.1868,0.1891,0.1876,0.1884,0.1879,0.1874,0.2468,0.2468
S,E7000,KWH2500-4999,KWH,X_VAT,EUR,LV,,0.0695,0.0802,0.0955,0.0957,0.0959,0.0954,0.0953,0.0957,0.11,0.1143,0.1132,0.114,0.1123,0.1128,0.1122,0.1351,0.1364,0.1345,0.1342,0.131,0.1307,0.1266,0.1249,0.1347,0.1355,0.1173,0.1183,0.116,0.1559,0.1454,0.2473,0.2524,0.2293,0.2104,0.1998,0.2017,0.2027
S,E7000,KWH2500-4999,KWH,X_VAT,EUR,MD,,,,,,,,,,,,,,,,,0.0819,0.0881,0.0962,0.0923,0.0977,0.1013,0.102,0.096,0.0936,0.1019,0.1068,0.0993,0.0851,0.0888,0.1047,0.1976,0.1795,0.1469,0.1359,0.1358,0.2156,0.1965
S,E7000,KWH2500-4999,KWH,X_VAT,EUR,ME,,,,,,,,,0.0744,0.0729,0.078,0.0814,0.0819,0.0831,0.0827,0.0829,0.0823,0.0828,0.0799,0.0811,0.0823,0.0841,0.0844,0.0848,0.085,0.0858,0.085,0.0852,0.0848,0.0851,0.0843,0.0847,0.0798,0.0799,0.08,0.0827,0.08,0.0821
S,E7000,KWH2500-4999,KWH,X_VAT,EUR,MK,,,,,,,,,,,,0.0671,0.0686,0.0661,0.0665,0.0697,0.07,0.0707,0.0696,0.0701,0.0695,0.0687,0.0662,0.0667,0.0664,0.0669,0.0662,0.0706,0.0713,0.08,0.0895,0.0981,0.0957,0.0982,0.0943,0.0974,0.0969,0.0984
S,E7000,KWH2500-4999,KWH,X_VAT,EUR,MT,,0.0874,0.0945,0.1463,0.1627,0.1441,0.1569,0.1571,0.1572,0.1586,0.1593,0.1598,0.1585,0.1609,0.1404,0.1189,0.1197,0.1209,0.1197,0.1213,0.1265,0.1236,0.1224,0.1245,0.1229,0.1242,0.1223,0.1239,0.1224,0.1255,0.1236,0.1223,0.1201,0.1218,0.1211,0.1241,0.1201,0.1221
S,E7000,KWH2500-4999,KWH,X_VAT,EUR,NL,0.1478,0.1463,0.1487,0.1511,0.1663,0.1602,0.1485,0.1503,0.1514,0.1514,0.1555,0.1552,0.1569,0.1574,0.1521,0.1488,0.1642,0.1525,0.1339,0.1316,0.133,0.132,0.149,0.149,0.171,0.17,0.1188,0.112,0.1065,0.1191,0.0279,0.1302,0.2954,0.2057,0.2087,0.1772,0.1977,0.2114
S,E7000,KWH2500-4999,KWH,X_VAT,EUR,NO,,0.1199,0.1311,0.136,0.1252,0.125,0.1623,0.1525,0.1706,0.1497,0.1505,0.142,0.1527,0.1422,0.1322,0.1329,0.1291,0.1147,0.1212,0.1305,0.1348,0.1317,0.1434,0.1562,0.1529,0.1429,0.111,0.1083,0.1496,0.1923,0.1634,0.1886,0.1573,0.153,0.1632,0.1559,0.1629,0.1579
S,E7000,KWH2500-4999,KWH,X_VAT,EUR,PL,,0.1131,0.1032,0.1062,0.0927,0.1058,0.1099,0.1132,0.1196,0.1099,0.1153,0.1243,0.1203,0.1168,0.1155,0.1144,0.1174,0.1153,0.1083,0.1099,0.1175,0.118,0.1146,0.1135,0.1092,0.1119,0.1199,0.1228,0.1259,0.1279,0.1379,0.1513,0.1438,0.1758,0.1699,0.2014,0.208,0.2202
S,E7000,KWH2500-4999,KWH,X_VAT,EUR,PT,,0.1488,0.1412,0.1453,0.1437,0.1519,0.1504,0.1568,0.1555,0.1636,0.1625,0.1683,0.1695,0.1736,0.1771,0.1817,0.1856,0.186,0.1911,0.1868,0.1857,0.1813,0.1826,0.1864,0.1748,0.1778,0.1729,0.1744,0.1732,0.181,0.1831,0.186,0.1744,0.1938,0.2047,0.2225,0.207,0.2121
S,E7000,KWH2500-4999,KWH,X_VAT,EUR,RO,,0.0954,0.0885,0.092,0.0814,0.0815,0.0856,0.0839,0.0848,0.0823,0.0795,0.0867,0.1067,0.1031,0.1041,0.1006,0.1051,0.1063,0.1051,0.1028,0.1006,0.1083,0.112,0.1107,0.1141,0.1194,0.1226,0.1218,0.1291,0.1346,0.1985,0.2867,0.159,0.1605,0.1582,0.1565,0.1612,0.2399
S,E7000,KWH2500-4999,KWH,X_VAT,EUR,RS,,,,,,,,,,,,,0.047,0.0507,0.0506,0.0497,0.048,0.0538,0.0534,0.0545,0.0554,0.058,0.0587,0.0591,0.0589,0.0601,0.0615,0.0614,0.0659,0.0676,0.0674,0.0729,0.0809,0.088,0.091,0.0925,0.0922,0.0996
S,E7000,KWH2500-4999,KWH,X_VAT,EUR,SE,0.1246,0.129,0.1359,0.14,0.1289,0.1319,0.1471,0.156,0.1678,0.1636,0.1621,0.1666,0.1681,0.1637,0.1573,0.1494,0.1498,0.1499,0.1532,0.157,0.1564,0.161,0.1528,0.1639,0.1626,0.1641,0.1531,0.1613,0.1691,0.2084,0.1738,0.2034,0.213,0.1744,0.1947,0.188,0.2123,0.2169
S,E7000,KWH2500-4999,KWH,X_VAT,EUR,SI,,0.093,0.0956,0.0964,0.1122,0.1117,0.1167,0.1189,0.1201,0.1243,0.1285,0.1285,0.1342,0.1358,0.1336,0.1338,0.1302,0.1337,0.1326,0.1336,0.1319,0.1322,0.1322,0.1342,0.1339,0.1365,0.1187,0.1389,0.1363,0.1403,0.1139,0.1683,0.1728,0.1732,0.1708,0.1644,0.1484,0.1739
S,E7000,KWH2500-4999,KWH,X_VAT,EUR,SK,,0.1152,0.1194,0.1283,0.1294,0.1311,0.1277,0.1376,0.1402,0.1425,0.143,0.1435,0.1415,0.1398,0.1256,0.1269,0.1255,0.1264,0.1186,0.1281,0.1196,0.1202,0.1305,0.1218,0.1314,0.1321,0.1405,0.1437,0.139,0.1353,0.1497,0.157,0.1577,0.1619,0.1505,0.1475,0.1586,0.1557
S,E7000,KWH2500-4999,KWH,X_VAT,EUR,TR,,0.0764,0.0846,0.1036,0.097,0.0999,0.1137,0.1164,0.1032,0.0971,0.111,0.1245,0.1267,0.1114,0.101,0.1111,0.1152,0.1036,0.1073,0.1022,0.0889,0.0813,0.0766,0.0726,0.0718,0.0884,0.0844,0.0694,0.0705,0.0668,0.0775,0.0863,0.0779,0.0512,0.0444,0.0563,0.0561,0.0578
S,E7000,KWH2500-4999,KWH,X_VAT,EUR,UA,,,,,,,,,,,,,,,,,,,0.0207,0.0267,0.0328,0.0318,0.0342,0.0342,0.0369,0.0406,0.0388,0.033,0.0404,,,,,,,,,
S,E7000,KWH2500-4999,KWH,X_VAT,EUR,UK,,0.1411,0.1394,0.153,0.1399,0.1341,0.1321,0.138,0.1365,0.1509,0.1603,0.1701,0.1658,0.1712,0.1826,0.1917,0.2024,0.2079,0.1859,0.1744,0.1681,0.1768,0.1797,0.1927,0.2021,0.2106,0.2099,,,,,,,,,,,
S,E7000,KWH2500-4999,KWH,X_VAT,EUR,XK,,,,,,,,,,,,,0.0486,0.0481,0.0476,0.0505,0.0539,0.0541,0.0546,0.0548,0.0613,0.0605,0.0586,0.0591,0.0556,0.056,0.056,0.0563,0.056,0.0562,0.0566,0.059,0.0621,0.0693,0.0681,0.0691,0.0709,0.0812
S,E7000,KWH2500-4999,KWH,X_VAT,NAC,AL,,,,,,,,,13.5,13.5,13.5,13.5,13.5,13.5,13.5,13.5,9.5,9.5,9.5,9.5,9.5,9.5,,9.5,9.5,9.5,9.5,9.5,9.5,9.5,9.5,9.5,9.5,9.5,9.5,9.5,9.5,9.5
S,E7000,KWH2500-4999,KWH,X_VAT,NAC,AT,,0.1462,0.1483,0.1476,0.159,0.1591,0.1639,0.1608,0.1655,0.1638,0.1646,0.1686,0.1735,0.1682,0.1684,0.1656,0.1674,0.1652,0.1695,0.1675,0.1625,0.1649,0.1638,0.1676,0.1695,0.1728,0.1759,0.1806,0.1846,0.1904,0.1874,0.1975,0.2211,0.229,0.2276,0.2031,0.2421,0.2726
S,E7000,KWH2500-4999,KWH,X_VAT,NAC,BA,,,,,,,0.1242,0.1232,0.1249,0.1315,0.1338,0.1346,0.1345,0.1333,0.1325,0.135,0.1358,0.1384,0.139,0.141,0.1436,0.1444,0.1443,0.1456,0.1459,0.1463,0.1453,0.1507,0.1463,0.1451,0.1483,0.1492,0.1461,0.1412,0.1427,0.1512,0.1561,0.1615
S,E7000,KWH2500-4999,KWH,X_VAT,NAC,BE,,0.1423,0.163,0.1779,0.1584,0.154,0.1619,0.1631,0.1765,0.176,0.1924,0.1838,0.1783,0.1826,0.186,0.1883,0.2006,0.206,0.2108,0.2303,0.2361,0.2406,0.2343,0.2436,0.2353,0.237,0.2316,0.2242,0.2243,0.2484,0.3067,0.4235,0.4105,0.3567,0.3166,0.3126,0.3368,0.3301
S,E7000,KWH2500-4999,KWH,X_VAT,NAC,BG,,0.118,0.116,0.134,0.134,0.134,0.132,0.1354,0.1346,0.1422,0.138,0.1557,0.1507,0.1437,0.1348,0.1459,0.1536,0.156,0.1558,0.1528,0.1556,0.1602,0.1595,0.1638,0.1625,0.1561,0.1625,0.16,0.1668,0.1778,0.1782,0.187,0.1854,0.1943,0.1935,0.1984,0.2119,0.2208
S,E7000,KWH2500-4999,KWH,X_VAT,NAC,CY,,0.0801,0.155,0.1776,0.1358,0.1431,0.1619,0.1763,0.1788,0.2104,0.2406,0.2494,0.2352,0.211,0.1937,0.1988,0.1652,0.1554,0.1291,0.137,0.1579,0.155,0.1606,0.185,0.1867,0.1895,0.1802,0.1435,0.1668,0.1944,0.2363,0.2762,0.315,0.2909,0.2731,0.274,0.2543,0.2543
S,E7000,KWH2500-4999,KWH,X_VAT,NAC,CZ,2.71,2.71,2.97,2.97,3.32,3.32,3.21,3.21,3.37,3.37,3.49,3.49,3.57,3.57,3.15,3.15,3.15,3.15,3.17,3.17,3.18,3.18,3.31,3.38,3.71,3.75,4.01,3.94,3.85,4.2,4.9809,3.0885,6.2435,6.32,6.9903,6.8824,6.5686,6.483
S,E7000,KWH2500-4999,KWH,X_VAT,NAC,DE,0.1702,0.1764,0.18,0.1843,0.1918,0.1928,0.1996,0.2049,0.2124,0.2127,0.2181,0.2249,0.2453,0.2455,0.2505,0.2499,0.248,0.2476,0.2495,0.2502,0.2561,0.2561,0.251,0.2521,0.2595,0.2418,0.2564,0.2591,0.2684,0.2718,0.2756,0.2822,0.3467,0.3379,0.332,0.3314,0.3223,0.3252
S,E7000,KWH2500-4999,KWH,X_VAT,NAC,DK,,1.4313,1.5717,1.661,1.6082,1.5214,1.5899,1.6143,1.7348,1.7724,1.7824,1.772,1.7897,1.7516,1.8159,1.8085,1.83,1.8155,1.8405,1.8359,1.8142,1.7915,1.8623,1.8637,1.782,1.7464,1.6918,1.6788,1.7254,2.0513,2.7137,3.4941,2.2705,2.1198,2.2123,2.2458,2.0802,1.9782
S,E7000,KWH2500-4999,KWH,X_VAT,NAC,EA,,0.1401,0.1415,0.1481,0.1492,0.1488,0.1519,0.1559,0.1629,0.1667,0.1687,0.1753,0.1796,0.1826,0.1845,0.1882,0.1879,0.188,0.1856,0.1872,,,,,,,,,,,,,,,,,,
S,E7000,KWH2500-4999,KWH,X_VAT,NAC,EE,,1.04,1.081,1.128,1.223,1.2,1.268,1.309,0.0811,0.0869,0.0913,0.0935,0.1126,0.1139,0.1089,0.1104,0.1085,0.1085,0.1076,0.1101,0.1075,0.1099,0.1123,0.1182,0.1131,0.1176,0.103,0.1076,0.1103,0.1616,0.1713,0.2208,0.18,0.1949,0.1885,0.1815,0.1884,0.1858
S,E7000,KWH2500-4999,KWH,X_VAT,NAC,EL,,0.09,0.096,0.1005,0.1055,0.0947,0.1079,0.1091,0.1104,0.1096,0.1231,0.1255,0.1384,0.1501,0.1564,0.158,0.1564,0.1567,0.152,0.1528,0.1514,0.146,0.1482,0.1458,0.1433,0.1463,0.158,0.1549,0.1585,0.1864,0.1982,0.2304,0.2195,0.2179,0.2094,0.2181,0.2161,0.2245
S,E7000,KWH2500-4999,KWH,X_VAT,NAC,ES,,0.1211,0.1182,0.1342,0.136,0.1452,0.149,0.1568,0.1679,0.177,0.1856,0.188,0.1841,0.1878,0.1789,0.1956,0.1908,0.1959,0.1806,0.1887,0.1898,0.1799,0.1969,0.2047,0.1986,0.1978,0.1851,0.1899,0.192,0.2517,0.2822,0.3189,0.2328,0.2228,0.2127,0.2196,0.2176,0.2223
S,E7000,KWH2500-4999,KWH,X_VAT,NAC,FI,,0.0942,0.1003,0.1043,0.1062,0.1056,0.1086,0.1114,0.1252,0.1279,0.126,0.1267,0.1272,0.1257,0.1261,0.124,0.1252,0.1234,0.1242,0.1246,0.1275,0.1289,0.13,0.1369,0.1398,0.1438,0.1403,0.143,0.1425,0.1484,0.156,0.2031,0.2159,0.1938,0.2007,0.1854,0.1813,0.1796
S,E7000,KWH2500-4999,KWH,X_VAT,NAC,FR,,0.1049,0.1038,0.1033,0.1031,0.1035,0.1095,0.1155,0.1182,0.122,0.119,0.1288,0.1301,0.1361,0.1349,0.1451,0.1428,0.1434,0.1437,0.1459,0.1453,0.1498,0.1492,0.1537,0.152,0.1638,0.1618,0.1675,0.1669,0.1738,0.1793,0.1899,0.1971,0.2228,0.2438,0.2504,0.2272,0.2158
S,E7000,KWH2500-4999,KWH,X_VAT,NAC,GE,,,,,,,,,,,,,,,,,,,,,,,0.1733,0.1883,0.2095,0.1706,0.1877,0.1812,0.2141,0.2028,,0.2017,0.2015,0.2109,0.1761,0.1766,0.1944,0.1955
S,E7000,KWH2500-4999,KWH,X_VAT,NAC,HR,0.56,0.59,0.59,0.7,0.7,0.69,0.682,0.685,0.684,0.697,0.7326,0.8303,0.8309,0.8192,0.8003,0.8096,0.8035,0.7977,0.7929,0.7998,0.7881,0.8184,0.8606,0.8674,0.8677,0.8691,0.8673,0.8724,0.8623,0.8726,0.9047,0.9863,0.131,0.131,0.1303,0.1312,0.1432,0.1467
S,E7000,KWH2500-4999,KWH,X_VAT,NAC,HU,,27.26,32.73,32.32,35.89,36.11,36.97,35.13,36.2479,35.9449,36.3425,36.3865,32.873,31.2981,29.0494,28.0048,27.2868,28.1642,27.421,27.4887,27.4074,27.5811,27.7844,28.4743,28.2597,28.5015,28.0433,28.3541,28.454,28.3735,28.0003,34.74,34.6846,34.1147,33.5644,32.5545,33.116,33.3186
S,E7000,KWH2500-4999,KWH,X_VAT,NAC,IE,,0.169,0.1559,0.1791,0.1789,0.1635,0.1589,0.1652,0.1675,0.1837,0.1899,0.2017,0.2022,0.212,0.2121,0.2235,0.2137,0.2162,0.2044,0.206,0.2031,0.2075,0.2087,0.2237,0.2135,0.2244,0.2122,0.2305,0.2245,0.2622,0.21,0.2961,0.2509,0.348,0.2378,0.2794,0.2964,0.3709
S,E7000,KWH2500-4999,KWH,X_VAT,NAC,IS,,,,,,,,,,,14.421,14.7022,13.66,13.83,14.06,14.23,14.39,14.6642,14.8787,15.1274,15.0826,15.1543,15.3948,15.4518,15.7942,15.8734,16.059,16.1587,16.5673,16.6328,17.4458,17.8703,18.6561,19.1601,20.5148,21.82,23.64,
S,E7000,KWH2500-4999,KWH,X_VAT,NAC,IT,,,0.1848,0.2025,0.1908,0.1817,0.179,0.1751,0.1811,0.1882,0.1938,0.2085,0.2083,0.2111,0.2224,0.2125,0.2227,0.2207,0.2129,0.2056,0.1934,0.189,0.1873,0.1964,0.209,0.2127,0.2023,0.1956,0.2053,0.2147,0.2835,0.3338,0.3467,0.3045,0.2981,0.2809,0.2989,0.2693
S,E7000,KWH2500-4999,KWH,X_VAT,NAC,LI,,,,,,,,,,,,,,,0.1731,0.1731,0.1801,0.1801,0.1754,0.1754,0.1718,0.1718,0.2081,0.2078,0.2081,0.2085,0.209,0.2093,0.2105,0.2104,0.2108,0.2105,0.3981,0.3191,0.2853,0.2696,0.264,0.2642
S,E7000,KWH2500-4999,KWH,X_VAT,NAC,LT,,0.2545,0.2517,0.2529,0.276,0.2651,0.3298,0.347,0.3465,0.3484,0.3597,0.3619,0.3908,0.397,0.3796,0.3764,0.1038,0.1027,0.1017,0.0968,0.0922,0.0915,0.0906,0.0906,0.1037,0.1037,0.1179,0.1092,0.1114,0.1221,0.1237,0.2007,0.2331,0.1837,0.1914,0.1771,0.1747,0.1618
S,E7000,KWH2500-4999,KWH,X_VAT,NAC,LU,0.1589,0.1552,0.1552,0.1518,0.1775,0.1775,0.1628,0.1649,0.1583,0.1568,0.16,0.1609,0.1571,0.1553,0.164,0.164,0.1636,0.1636,0.1572,0.1572,0.1495,0.1498,0.1547,0.1566,0.1666,0.1665,0.1838,0.1838,0.184,0.1841,0.1868,0.1891,0.1876,0.1884,0.1879,0.1874,0.2468,0.2468
S,E7000,KWH2500-4999,KWH,X_VAT,NAC,LV,,0.0486,0.056,0.0675,0.0676,0.0676,0.0676,0.0676,0.0677,0.0776,0.0798,0.0788,0.0798,0.0789,0.1128,0.1122,0.1351,0.1364,0.1345,0.1342,0.131,0.1307,0.1266,0.1249,0.1347,0.1355,0.1173,0.1183,0.116,0.1559,0.1454,0.2473,0.2524,0.2293,0.2104,0.1998,0.2017,0.2027
S,E7000,KWH2500-4999,KWH,X_VAT,NAC,MD,,,,,,,,,,,,,,,,,1.6528,1.903,2.14,2.0185,2.0426,2.1015,2.0627,1.8686,1.8555,1.9897,2.0786,1.9886,1.8113,1.8271,2.1149,3.8728,3.5692,2.8511,2.61,2.6204,4.2031,3.8681
S,E7000,KWH2500-4999,KWH,X_VAT,NAC,ME,,,,,,,,,0.0744,0.0729,0.078,0.0814,0.0819,0.0831,0.0827,0.0829,0.0823,0.0828,0.0799,0.0811,0.0823,0.0841,0.0844,0.0848,0.085,0.0858,0.085,0.0852,0.0848,0.0851,0.0843,0.0847,0.0798,0.0799,0.08,0.0827,0.08,0.0821
S,E7000,KWH2500-4999,KWH,X_VAT,NAC,MK,,,,,,,,,,,,4.126,4.2287,4.07,4.1012,4.2946,4.3088,4.3601,4.296,4.3141,4.2797,4.2285,4.074,4.1001,4.0841,4.1151,4.0836,4.3544,4.3929,4.9324,5.5203,6.0414,5.8959,6.0414,5.8039,5.9912,5.9701,6.057
S,E7000,KWH2500-4999,KWH,X_VAT,NAC,MT,,0.0375,0.0945,0.1463,0.1627,0.1441,0.1569,0.1571,0.1572,0.1586,0.1593,0.1598,0.1585,0.1609,0.1404,0.1189,0.1197,0.1209,0.1197,0.1213,0.1265,0.1236,0.1224,0.1245,0.1229,0.1242,0.1223,0.1239,0.1224,0.1255,0.1236,0.1223,0.1201,0.1218,0.1211,0.1241,0.1201,0.1221
S,E7000,KWH2500-4999,KWH,X_VAT,NAC,NL,0.1478,0.1463,0.1487,0.1511,0.1663,0.1602,0.1485,0.1503,0.1514,0.1514,0.1555,0.1552,0.1569,0.1574,0.1521,0.1488,0.1642,0.1525,0.1339,0.1316,0.133,0.132,0.149,0.149,0.171,0.17,0.1188,0.112,0.1065,0.1191,0.0279,0.1302,0.2954,0.2057,0.2087,0.1772,0.1977,0.2114
S,E7000,KWH2500-4999,KWH,X_VAT,NAC,NO,,0.947,1.042,1.1557,1.114,1.071,1.299,1.2208,1.335,1.162,1.1396,1.0478,1.1486,1.1497,1.0945,1.1202,1.1162,1.0596,1.1416,1.1958,1.2376,1.2476,1.3759,1.4995,1.4876,1.4246,1.1917,1.16,1.5222,1.9518,1.6309,1.9281,1.782,1.764,1.8754,1.8332,1.8998,1.8583
S,E7000,KWH2500-4999,KWH,X_VAT,NAC,PL,,0.4212,0.3602,0.3755,0.415,0.4429,0.4398,0.4516,0.4727,0.4709,0.4896,0.5127,0.5026,0.4925,0.4824,0.4798,0.4859,0.4871,0.4731,0.479,0.5016,0.5007,0.4837,0.4883,0.4686,0.4813,0.5293,0.5491,0.5712,0.5875,0.6393,0.7166,0.6647,0.784,0.7334,0.865,0.8802,0.9354
S,E7000,KWH2500-4999,KWH,X_VAT,NAC,PT,,0.1488,0.1412,0.1453,0.1437,0.1519,0.1504,0.1568,0.1555,0.1636,0.1625,0.1683,0.1695,0.1736,0.1771,0.1817,0.1856,0.186,0.1911,0.1868,0.1857,0.1813,0.1826,0.1864,0.1748,0.1778,0.1729,0.1744,0.1732,0.181,0.1831,0.186,0.1744,0.1938,0.2047,0.2225,0.207,0.2121
S,E7000,KWH2500-4999,KWH,X_VAT,NAC,RO,,0.3187,0.325,0.3402,0.3443,0.3463,0.3553,0.3583,0.3544,0.3536,0.3491,0.3925,0.4685,0.4585,0.4645,0.4452,0.4673,0.4725,0.4727,0.461,0.4566,0.4982,0.5215,0.5151,0.5412,0.5671,0.5906,0.5917,0.6329,0.665,0.9818,1.4097,0.7847,0.7961,0.787,0.7787,0.8067,1.2184
S,E7000,KWH2500-4999,KWH,X_VAT,NAC,RS,,,,,,,,,,,,,5.261,5.7903,5.8512,5.903,5.8021,6.4814,6.5618,6.7212,6.8313,6.9212,6.9482,6.9825,6.9511,7.0697,7.2318,7.2185,7.7476,7.9481,7.9201,8.5587,9.4866,10.318,10.6658,10.8282,10.8005,11.6768
S,E7000,KWH2500-4999,KWH,X_VAT,NAC,SE,1.149,1.197,1.274,1.38,1.4,1.37,1.44,1.45,1.5,1.4913,1.4402,1.4213,1.4337,1.4353,1.4089,1.38,1.3987,1.4037,1.425,1.5121,1.5016,1.5577,1.551,1.6989,1.7108,1.7493,1.6325,1.6642,1.7135,2.1172,1.8217,2.1926,2.4141,2.0273,2.2181,2.1574,2.3556,2.3937
S,E7000,KWH2500-4999,KWH,X_VAT,NAC,SI,,0.093,0.0956,0.0964,0.1122,0.1117,0.1167,0.1189,0.1201,0.1243,0.1285,0.1285,0.1342,0.1358,0.1336,0.1338,0.1302,0.1337,0.1326,0.1336,0.1319,0.1322,0.1322,0.1342,0.1339,0.1365,0.1187,0.1389,0.1363,0.1403,0.1139,0.1683,0.1728,0.1732,0.1708,0.1644,0.1484,0.1739
S,E7000,KWH2500-4999,KWH,X_VAT,NAC,SK,,3.86,3.85,3.89,0.1294,0.1311,0.1277,0.1376,0.1402,0.1425,0.143,0.1435,0.1415,0.1398,0.1256,0.1269,0.1255,0.1264,0.1186,0.1281,0.1196,0.1202,0.1305,0.1218,0.1314,0.1321,0.1405,0.1437,0.139,0.1353,0.1497,0.157,0.1577,0.1619,0.1505,0.1475,0.1586,0.1557
S,E7000,KWH2500-4999,KWH,X_VAT,NAC,TR,,0.1335,0.1597,0.1994,0.2088,0.2171,0.2298,0.2297,0.2279,0.2392,0.2592,0.2854,0.3017,0.2986,0.2997,0.3162,0.33,0.3295,0.3498,0.3501,0.35,0.3498,0.3797,0.4678,0.4565,0.5623,0.6037,0.6198,0.671,0.765,1.2603,1.5998,1.6826,1.5324,1.5197,2.0774,2.305,2.7987
S,E7000,KWH2500-4999,KWH,X_VAT,NAC,UA,,,,,,,,,,,,,,,,,,,0.59,0.75,0.95,0.99,1.11,1.088,1.1217,1.1151,1.1098,1.0879,1.3546,,,,,,,,,
S,E7000,KWH2500-4999,KWH,X_VAT,NAC,UK,,0.0979,0.108,0.125,0.125,0.1191,0.1149,0.1168,0.1185,0.1309,0.1318,0.136,0.1411,0.1451,0.15,0.1517,0.1482,0.1496,0.1447,0.1499,0.1447,0.1578,0.1581,0.1714,0.1766,0.1856,0.1836,,,,,,,,,,,
S,E7000,KWH2500-4999,KWH,X_VAT,NAC,XK,,,,,,,,,,,,,0.0486,0.0481,0.0476,0.0505,0.0539,0.0541,0.0546,0.0548,0.0613,0.0605,0.0586,0.0591,0.0556,0.056,0.056,0.0563,0.056,0.0562,0.0566,0.059,0.0621,0.0693,0.0681,0.0691,0.0709,0.0812
S,E7000,KWH2500-4999,KWH,X_VAT,PPS,AL,,,,,,,,,0.2193,0.2193,0.2155,0.2155,0.2148,0.2148,0.2182,0.2182,0.1536,0.1631,0.1639,0.1637,0.1537,0.1537,,0.1529,0.1543,0.1543,0.1494,0.1494,0.1476,0.1476,0.1482,0.1482,0.1491,0.1493,0.151,0.1519,0.1529,0.1529
S,E7000,KWH2500-4999,KWH,X_VAT,PPS,AT,,0.1368,0.1359,0.1353,0.1417,0.1418,0.1487,0.1459,0.1495,0.1479,0.1493,0.153,0.1553,0.1505,0.1524,0.1498,0.1515,0.1521,0.1577,0.157,0.144,0.1461,0.1453,0.1487,0.1491,0.152,0.1539,0.158,0.1615,0.1649,0.1623,0.1731,0.1974,0.204,0.2009,0.1792,0.2108,0.2374
S,E7000,KWH2500-4999,KWH,X_VAT,PPS,BA,,,,,,,0.1282,0.1271,0.1298,0.1367,0.1418,0.1426,0.141,0.1398,0.1402,0.1428,0.1437,0.1501,0.1504,0.1524,0.1449,0.1457,0.145,0.1464,0.1452,0.1456,0.1451,0.1504,0.1461,0.1426,0.1458,0.1465,0.1373,0.1305,0.1338,0.1409,0.1353,0.1399
S,E7000,KWH2500-4999,KWH,X_VAT,PPS,BE,,0.1302,0.1458,0.1591,0.1388,0.135,0.146,0.1471,0.159,0.1586,0.1737,0.1659,0.1584,0.1622,0.1676,0.1697,0.1807,0.1866,0.1948,0.2155,0.209,0.213,0.2076,0.2159,0.2085,0.21,0.2076,0.201,0.2011,0.2232,0.276,0.3811,0.3688,0.3187,0.2822,0.2769,0.3001,0.2941
S,E7000,KWH2500-4999,KWH,X_VAT,PPS,BG,,0.1504,0.1387,0.1603,0.1532,0.1532,0.1522,0.1562,0.1454,0.1536,0.1501,0.1693,0.162,0.1545,0.1462,0.1582,0.1666,0.1726,0.1728,0.1686,0.158,0.1627,0.1586,0.1629,0.1562,0.1501,0.1542,0.1518,0.1583,0.1647,0.1651,0.1724,0.1573,0.1648,0.1639,0.168,0.1766,0.184
S,E7000,KWH2500-4999,KWH,X_VAT,PPS,CY,,0.157,0.1767,0.2025,0.1528,0.161,0.1825,0.1987,0.1943,0.2286,0.265,0.2747,0.2636,0.2365,0.2204,0.2262,0.1879,0.1706,0.1461,0.1549,0.177,0.1737,0.1789,0.2061,0.206,0.2091,0.1967,0.1567,0.1821,0.212,0.2577,0.3048,0.3444,0.3191,0.304,0.3009,0.2784,0.2785
S,E7000,KWH2500-4999,KWH,X_VAT,PPS,CZ,0.1577,0.1577,0.1627,0.1627,0.1796,0.1796,0.1756,0.1756,0.1898,0.1898,0.1972,0.1972,0.2041,0.2041,0.1806,0.1806,0.1822,0.1822,0.1833,0.1849,0.1758,0.1758,0.1814,0.1852,0.1989,0.2011,0.2095,0.2058,0.2011,0.217,0.2507,0.1554,0.3151,0.3189,0.3484,0.3389,0.3236,0.3194
S,E7000,KWH2500-4999,KWH,X_VAT,PPS,DE,0.1663,0.1723,0.1732,0.1774,0.1783,0.1792,0.1913,0.1964,0.2044,0.2047,0.2111,0.2176,0.2334,0.2336,0.2404,0.2398,0.238,0.2374,0.2418,0.2415,0.2361,0.2361,0.231,0.232,0.2347,0.2187,0.232,0.2345,0.2429,0.2446,0.2481,0.2541,0.3096,0.302,0.2953,0.2961,0.2886,0.2912
S,E7000,KWH2500-4999,KWH,X_VAT,PPS,DK,,0.141,0.1532,0.162,0.1544,0.1461,0.1565,0.1589,0.1723,0.176,0.1769,0.1759,0.1761,0.1724,0.1808,0.1801,0.1886,0.1871,0.1841,0.1837,0.1813,0.179,0.1865,0.1867,0.1798,0.1762,0.1704,0.1691,0.1738,0.2076,0.2747,0.3515,0.2306,0.2138,0.2267,0.2278,0.2132,0.2027
S,E7000,KWH2500-4999,KWH,X_VAT,PPS,EA,,0.1394,0.1376,0.144,0.1423,0.1419,0.1459,0.1498,0.1569,0.1606,0.1641,0.1705,0.174,0.1769,0.1802,0.1839,0.187,0.1871,0.1809,0.1824,0.1806,0.1798,0.1813,0.1856,0.1874,0.1877,0.1851,0.1871,0.19,0.2069,0.2202,0.247,0.2572,0.2531,0.2526,0.2528,0.2501,0.2477
S,E7000,KWH2500-4999,KWH,X_VAT,PPS,EE,,0.0979,0.0973,0.1016,0.1116,0.1095,0.1195,0.1234,0.1167,0.1251,0.1287,0.1318,0.1544,0.1562,0.1458,0.1479,0.1453,0.1496,0.1477,0.1488,0.138,0.1411,0.141,0.1484,0.1392,0.1447,0.1284,0.1341,0.1375,0.1973,0.2091,0.2694,0.2032,0.2172,0.2095,0.1977,0.2061,0.2032
S,E7000,KWH2500-4999,KWH,X_VAT,PPS,EL,,0.1016,0.107,0.112,0.1138,0.1021,0.1174,0.1187,0.119,0.1181,0.1377,0.1403,0.1621,0.1759,0.1886,0.1906,0.1886,0.1917,0.1842,0.1852,0.1808,0.1743,0.1781,0.1752,0.1737,0.1773,0.191,0.1872,0.1916,0.2271,0.2409,0.28,0.2676,0.2656,0.2585,0.2693,0.2659,0.2763
S,E7000,KWH2500-4999,KWH,X_VAT,PPS,ES,,0.1349,0.1282,0.1456,0.1442,0.154,0.1585,0.1668,0.18,0.1897,0.2051,0.2077,0.2044,0.2085,0.2,0.2187,0.2133,0.2188,0.204,0.211,0.2066,0.1958,0.2112,0.2196,0.2131,0.2122,0.1971,0.2023,0.2045,0.269,0.3016,0.3378,0.2496,0.2389,0.2323,0.2447,0.2426,0.2477
S,E7000,KWH2500-4999,KWH,X_VAT,PPS,EU27_2020,,,,,,,,,,,,,,,,,,,,,0.176,0.1761,0.1769,0.1813,0.1824,0.1831,0.1814,0.1834,0.1864,0.2019,0.2162,0.2431,0.2482,0.2441,0.2445,0.2442,0.2446,0.2465
S,E7000,KWH2500-4999,KWH,X_VAT,PPS,FI,,0.0813,0.0854,0.0888,0.0885,0.088,0.091,0.0933,0.1041,0.1063,0.1044,0.105,0.1031,0.1019,0.1014,0.0997,0.1007,0.0994,0.1017,0.1028,0.1026,0.1037,0.1035,0.109,0.1113,0.1144,0.111,0.1131,0.1127,0.1194,0.1251,0.1625,0.1741,0.1563,0.1672,0.1544,0.151,0.1495
S,E7000,KWH2500-4999,KWH,X_VAT,PPS,FR,,0.0953,0.0919,0.0915,0.0901,0.0904,0.0975,0.1029,0.1056,0.109,0.106,0.1148,0.115,0.1203,0.1229,0.1323,0.1333,0.1338,0.1329,0.1362,0.1296,0.1336,0.1339,0.1379,0.1397,0.1506,0.1487,0.1539,0.1533,0.1599,0.1654,0.1752,0.1815,0.204,0.2232,0.2293,0.2086,0.1982
S,E7000,KWH2500-4999,KWH,X_VAT,PPS,HR,0.1183,0.1247,0.1203,0.1427,0.1367,0.1347,0.133,0.1336,0.1366,0.1392,0.1519,0.1721,0.1727,0.1703,0.1654,0.1674,0.1661,0.1657,0.1671,0.1689,0.1628,0.169,0.1767,0.1781,0.1781,0.1784,0.1784,0.1795,0.1774,0.1779,0.1844,0.2009,0.1968,0.1944,0.1886,0.1841,0.2008,0.2058
S,E7000,KWH2500-4999,KWH,X_VAT,PPS,HU,,0.1684,0.1976,0.1951,0.215,0.2163,0.2249,0.2137,0.2191,0.2173,0.2159,0.2162,0.192,0.1828,0.1662,0.1602,0.1561,0.161,0.1561,0.1571,0.1383,0.1392,0.1352,0.1386,0.1325,0.1336,0.1259,0.1273,0.1219,0.1216,0.1107,0.1374,0.1372,0.1349,0.1234,0.1216,0.1182,0.1189
S,E7000,KWH2500-4999,KWH,X_VAT,PPS,IE,,0.1431,0.128,0.147,0.1509,0.1379,0.1439,0.1496,0.1519,0.1666,0.1732,0.184,0.1835,0.1924,0.1906,0.2008,0.192,0.194,0.1896,0.1911,0.1756,0.1794,0.1788,0.1917,0.1777,0.1868,0.1746,0.1897,0.1873,0.2187,0.1752,0.2491,0.211,0.2927,0.2009,0.236,0.2504,0.3133
S,E7000,KWH2500-4999,KWH,X_VAT,PPS,IS,,,,,,,,,,,0.0801,0.0817,0.0746,0.0756,0.0757,0.0766,0.0775,0.079,0.0797,0.0805,0.0779,0.0783,0.0755,0.0758,0.0755,0.0758,0.0717,0.0721,0.074,0.0737,0.0773,0.0792,0.085,0.086,0.0916,0.0984,0.1035,
S,E7000,KWH2500-4999,KWH,X_VAT,PPS,IT,,,0.183,0.2005,0.1842,0.1754,0.1751,0.1713,0.1777,0.1847,0.193,0.2076,0.2065,0.2093,0.2216,0.2117,0.2219,0.2194,0.2169,0.2095,0.1925,0.1881,0.1868,0.1958,0.21,0.2137,0.2036,0.1969,0.2067,0.219,0.2892,0.3418,0.3606,0.3173,0.3087,0.2921,0.3124,0.2815
S,E7000,KWH2500-4999,KWH,X_VAT,PPS,LT,,0.1282,0.1157,0.1163,0.129,0.1239,0.1615,0.17,0.1662,0.1672,0.1728,0.1739,0.1846,0.1875,0.1793,0.1778,0.1685,0.1702,0.1682,0.1626,0.143,0.1419,0.1375,0.1375,0.1546,0.1546,0.1729,0.1602,0.1634,0.1755,0.1778,0.2907,0.3098,0.2442,0.2478,0.2266,0.2235,0.2071
S,E7000,KWH2500-4999,KWH,X_VAT,PPS,LU,0.1395,0.1362,0.1338,0.1309,0.1472,0.1472,0.1347,0.1365,0.1335,0.1323,0.1355,0.1362,0.1296,0.1281,0.1376,0.1376,0.1372,0.1364,0.1335,0.1331,0.121,0.1213,0.1239,0.1254,0.1321,0.132,0.1421,0.1421,0.1422,0.1443,0.1464,0.146,0.1445,0.1424,0.142,0.142,0.187,0.187
S,E7000,KWH2500-4999,KWH,X_VAT,PPS,LV,,0.1042,0.1109,0.1336,0.1405,0.1405,0.1459,0.1459,0.1433,0.1643,0.1662,0.1641,0.1642,0.1624,0.1645,0.1636,0.197,0.2021,0.202,0.2024,0.1857,0.1852,0.1748,0.1725,0.1821,0.1832,0.1589,0.1603,0.1572,0.2055,0.1894,0.3221,0.3161,0.2864,0.2609,0.2592,0.2616,0.2629
S,E7000,KWH2500-4999,KWH,X_VAT,PPS,ME,,,,,,,,,0.1516,0.1485,0.1588,0.1657,0.1632,0.1656,0.161,0.1614,0.1603,0.1668,0.163,0.168,0.165,0.1687,0.1645,0.1653,0.1674,0.169,0.1685,0.1689,0.1681,0.1635,0.1619,0.1645,0.1462,0.1464,0.1406,0.147,0.1426,0.1463
S,E7000,KWH2500-4999,KWH,X_VAT,PPS,MK,,,,,,,,,,,,0.1652,0.1652,0.159,0.1607,0.1683,0.1711,0.1732,0.169,0.1681,0.1549,0.1531,0.1451,0.1461,0.1458,0.1469,0.1442,0.1537,0.1551,0.1684,0.1885,0.2106,0.2002,0.2068,0.1947,0.1921,0.1914,0.1942
S,E7000,KWH2500-4999,KWH,X_VAT,PPS,MT,,0.1249,0.1318,0.204,0.2237,0.1981,0.2148,0.2151,0.2079,0.2098,0.2078,0.2084,0.2032,0.2063,0.1752,0.1483,0.1493,0.1508,0.1493,0.1511,0.1521,0.1486,0.1421,0.1446,0.1432,0.1447,0.1394,0.1413,0.1396,0.1421,0.1415,0.138,0.1339,0.1358,0.1334,0.1367,0.132,0.1342
S,E7000,KWH2500-4999,KWH,X_VAT,PPS,NL,0.1399,0.1384,0.1379,0.1401,0.1487,0.1432,0.1334,0.135,0.1376,0.1376,0.1419,0.1416,0.1434,0.1438,0.139,0.136,0.1513,0.1406,0.1234,0.1219,0.1168,0.1159,0.1301,0.1301,0.1449,0.1441,0.1019,0.0961,0.0917,0.1026,0.0239,0.1112,0.2513,0.175,0.1781,0.1512,0.1687,0.1804
S,E7000,KWH2500-4999,KWH,X_VAT,PPS,NO,,0.0876,0.093,0.1032,0.0936,0.09,0.11,0.1034,0.1121,0.0976,0.0971,0.0893,0.0942,0.0943,0.0874,0.0895,0.0892,0.0844,0.0887,0.0922,0.0885,0.0892,0.0972,0.1059,0.1023,0.098,0.0787,0.0766,0.1005,0.1346,0.1125,0.1344,0.1305,0.1301,0.1319,0.1292,0.1314,0.1285
S,E7000,KWH2500-4999,KWH,X_VAT,PPS,PL,,0.1854,0.1516,0.158,0.1674,0.1787,0.1844,0.1894,0.1952,0.1944,0.203,0.2125,0.2084,0.2042,0.1993,0.1982,0.2007,0.2025,0.2001,0.2027,0.1976,0.1973,0.1877,0.1895,0.1784,0.1832,0.1975,0.2049,0.2132,0.2134,0.2203,0.2469,0.2308,0.2723,0.239,0.2819,0.2842,0.302
S,E7000,KWH2500-4999,KWH,X_VAT,PPS,PT,,0.183,0.1699,0.1748,0.1707,0.1804,0.1816,0.1894,0.1894,0.1992,0.2039,0.2112,0.2174,0.2226,0.2277,0.2336,0.2386,0.2387,0.2455,0.2389,0.2215,0.2163,0.2168,0.2213,0.2081,0.2117,0.2032,0.205,0.2036,0.2113,0.2138,0.2172,0.204,0.2298,0.2476,0.2703,0.251,0.2572
S,E7000,KWH2500-4999,KWH,X_VAT,PPS,RO,,0.171,0.159,0.1664,0.1635,0.1644,0.1704,0.1718,0.168,0.1677,0.1643,0.1848,0.2125,0.208,0.2033,0.1948,0.2045,0.2136,0.2168,0.2115,0.1943,0.212,0.2116,0.209,0.2149,0.2252,0.2311,0.2315,0.2477,0.2542,0.356,0.5112,0.2845,0.2887,0.2799,0.2747,0.2718,0.4105
S,E7000,KWH2500-4999,KWH,X_VAT,PPS,RS,,,,,,,,,,,,,0.0956,0.1052,0.1029,0.1038,0.102,0.1205,0.1205,0.1241,0.1149,0.1164,0.115,0.1156,0.1133,0.1152,0.1157,0.1155,0.1239,0.1241,0.1237,0.1339,0.1407,0.1507,0.1485,0.1517,0.1502,0.1624
S,E7000,KWH2500-4999,KWH,X_VAT,PPS,SE,0.1049,0.1093,0.1134,0.1229,0.1181,0.1156,0.1222,0.123,0.1278,0.1271,0.1241,0.1225,0.1229,0.1231,0.1189,0.1165,0.118,0.1171,0.1155,0.1265,0.1165,0.1208,0.1187,0.13,0.1294,0.1323,0.1234,0.1258,0.1303,0.1609,0.1385,0.1667,0.1792,0.1501,0.1631,0.1604,0.1751,0.178
S,E7000,KWH2500-4999,KWH,X_VAT,PPS,SI,,0.1199,0.1177,0.1187,0.131,0.1304,0.1389,0.1415,0.1438,0.1488,0.1588,0.1588,0.1667,0.1687,0.1671,0.1674,0.1629,0.1672,0.1684,0.1706,0.1589,0.1592,0.1577,0.1601,0.1599,0.163,0.1412,0.1652,0.1621,0.1655,0.1343,0.1981,0.201,0.2041,0.1974,0.1909,0.1701,0.1993
S,E7000,KWH2500-4999,KWH,X_VAT,PPS,SK,,0.1701,0.1802,0.182,0.1904,0.1929,0.1911,0.2059,0.204,0.2074,0.2094,0.2101,0.2083,0.2058,0.1885,0.1905,0.1884,0.1911,0.1813,0.1971,0.159,0.1598,0.1699,0.1586,0.1669,0.1678,0.1745,0.1785,0.1727,0.1672,0.185,0.1951,0.1903,0.2042,0.1858,0.1843,0.1978,0.1942
S,E7000,KWH2500-4999,KWH,X_VAT,PPS,TR,,0.1253,0.1402,0.175,0.1722,0.179,0.1865,0.1864,0.1734,0.182,0.1874,0.2063,0.2049,0.2028,0.1889,0.1993,0.2079,0.2108,0.2106,0.2105,0.1737,0.1736,0.1576,0.1942,0.1618,0.1992,0.1836,0.1885,0.2041,0.1835,0.3024,0.2206,0.232,0.2065,0.1363,0.1834,0.1274,0.1547
S,E7000,KWH2500-4999,KWH,X_VAT,PPS,UK,,0.1231,0.1296,0.15,0.1433,0.1366,0.1269,0.129,0.1278,0.1412,0.1441,0.1487,0.1525,0.1569,0.16,0.1618,0.1607,0.1622,0.1569,0.1625,0.1451,0.1583,0.1568,0.17,0.1734,0.1822,0.1781,,,,,,,,,,,
S,E7000,KWH5000-14999,KWH,I_TAX,EUR,AL,,,,,,,,,0.1152,0.1157,0.1163,0.1167,0.1156,0.1154,0.1156,0.116,0.0812,0.0819,0.0824,0.0835,0.0844,0.0856,,0.091,0.092,0.0933,0.0922,0.092,0.0925,0.0937,0.0941,0.0976,0.101,0.1089,0.1114,0.115,0.1156,0.1175
S,E7000,KWH5000-14999,KWH,I_TAX,EUR,AT,,0.1614,0.1638,0.1657,0.1739,0.1753,0.1774,0.1753,0.1805,0.1781,0.1785,0.1833,0.1888,0.185,0.1848,0.1815,0.178,0.1753,0.1792,0.1766,0.1711,0.174,0.1721,0.1768,0.1784,0.1832,0.1858,0.1915,0.1944,0.2001,0.1998,0.2228,0.2609,0.2808,0.2785,0.2568,0.2844,0.3038
S,E7000,KWH5000-14999,KWH,I_TAX,EUR,BA,,,,,,,,,,,0.0733,0.0741,0.0735,0.0743,0.0742,0.0743,0.075,0.0758,0.0764,0.0776,0.0795,0.0798,0.0801,0.081,0.0804,0.0815,0.0814,0.0839,0.0819,0.0806,0.0831,0.0838,0.0864,0.0836,0.0828,0.0864,0.0904,0.0929
S,E7000,KWH5000-14999,KWH,I_TAX,EUR,BE,,0.1621,0.1768,0.1945,0.1702,0.1645,0.1732,0.1765,0.1928,0.1872,0.1934,0.1955,0.1977,0.1997,0.1885,0.1791,0.1926,0.2105,0.233,0.25,0.2588,0.2611,0.2578,0.2686,0.2594,0.2627,0.2565,0.2489,0.2519,0.286,0.3341,0.4437,0.4168,0.3496,0.3078,0.3057,0.3288,0.3274
S,E7000,KWH5000-14999,KWH,I_TAX,EUR,BG,,0.0711,0.0706,0.0818,0.0813,0.0823,0.0813,0.0832,0.0823,0.0867,0.0825,0.0966,0.0925,0.0893,0.0834,0.0879,0.0936,0.0961,0.0947,0.0936,0.0947,0.0988,0.0973,0.1011,0.0991,0.0939,0.0962,0.0954,0.0989,0.1086,0.1082,0.1151,0.1132,0.1197,0.1183,0.1213,0.1288,0.1354
S,E7000,KWH5000-14999,KWH,I_TAX,EUR,CY,,0.1576,0.1785,0.2102,0.1608,0.1655,0.1804,0.2006,0.199,0.2387,0.271,0.2901,0.2706,0.2476,0.2234,0.2355,0.1904,0.1839,0.1472,0.1617,0.1808,0.1821,0.1797,0.2119,0.2146,0.2174,0.2087,0.1633,0.191,0.2235,0.254,0.3297,0.3667,0.3372,0.3161,0.3166,0.2848,0.2678
S,E7000,KWH5000-14999,KWH,I_TAX,EUR,CZ,0.0806,0.0829,0.1036,0.1056,0.1083,0.1141,0.11,0.1138,0.1236,0.1212,0.1263,0.1266,0.1292,0.1264,0.1104,0.1097,0.1094,0.1112,0.1132,0.1132,0.1143,0.1183,0.1216,0.1237,0.1363,0.1395,0.1416,0.1381,0.1389,0.1675,0.1981,0.1923,0.2633,0.2651,0.2839,0.2782,0.2591,0.2622
S,E7000,KWH5000-14999,KWH,I_TAX,EUR,DE,0.1888,0.1992,0.1988,0.2039,0.2122,0.2138,0.224,0.2292,0.2399,0.2423,0.2466,0.2542,0.2783,0.2776,0.2829,0.2827,0.2801,0.2797,0.2812,0.282,0.2876,0.2874,0.2795,0.2805,0.2876,0.2644,0.2863,0.28,0.2924,0.2941,0.2994,0.3042,0.385,0.3767,0.3611,0.3614,0.3436,0.3476
S,E7000,KWH5000-14999,KWH,I_TAX,EUR,DK,,0.2124,0.2344,0.2494,0.2403,0.2259,0.2308,0.2346,0.2541,0.2607,0.2623,0.2603,0.2269,0.2221,0.2301,0.2295,0.2305,0.227,0.2432,0.2423,0.2396,0.2342,0.2426,0.2558,0.2391,0.233,0.2234,0.1979,0.1862,0.2403,0.3435,0.4917,0.3647,0.2661,0.2741,0.2796,0.2606,0.2437
S,E7000,KWH5000-14999,KWH,I_TAX,EUR,EA,0.1893,0.1472,0.1557,0.1633,0.1685,0.171,0.1718,0.1764,0.1839,0.1901,0.1913,0.201,0.2054,0.2101,0.21,0.2149,0.2136,0.2151,0.208,0.2088,0.2071,0.2074,0.2052,0.2113,0.2123,0.2107,0.2099,0.2093,0.2129,0.2327,0.2463,0.2708,0.2926,0.2877,0.2847,0.282,0.2772,0.2745
S,E7000,KWH5000-14999,KWH,I_TAX,EUR,EE,,0.0761,0.0777,0.0827,0.0887,0.0897,0.0936,0.0978,0.0937,0.1021,0.1056,0.1096,0.1308,0.1326,0.1229,0.1288,0.1228,0.1239,0.1135,0.1186,0.1123,0.1231,0.1262,0.1356,0.1292,0.1325,0.1159,0.1259,0.131,0.1993,0.2,0.227,0.2028,0.2105,0.2067,0.2102,0.2085,0.2051
S,E7000,KWH5000-14999,KWH,I_TAX,EUR,EL,,0.1203,0.1245,0.1347,0.1369,0.1201,0.137,0.1401,0.1389,0.1384,0.1551,0.1604,0.1725,0.1822,0.1913,0.1892,0.1895,0.188,0.1718,0.1835,0.1856,0.204,0.1803,0.1719,0.1749,0.1613,0.1761,0.1676,0.1769,0.2163,0.2592,0.2603,0.2457,0.2381,0.2268,0.2348,0.2327,0.238
S,E7000,KWH5000-14999,KWH,I_TAX,EUR,ES,,0.1287,0.1241,0.1486,0.1467,0.1544,0.155,0.1691,0.1768,0.1938,0.193,0.2089,0.1947,0.2081,0.1874,0.211,0.199,0.2088,0.1926,0.1995,0.193,0.1884,0.1924,0.2159,0.2045,0.1993,0.1812,0.1843,0.1869,0.2503,0.2757,0.3079,0.2302,0.2183,0.2214,0.2213,0.231,0.236
S,E7000,KWH5000-14999,KWH,I_TAX,EUR,EU27_2020,0.1704,0.1424,0.151,0.1585,0.1605,0.1636,0.1655,0.1704,0.1778,0.182,0.1832,0.1921,0.1952,0.1985,0.1966,0.2004,0.199,0.2004,0.1942,0.1954,0.193,0.1941,0.1921,0.1984,0.1987,0.1979,0.196,0.196,0.1989,0.2211,0.2311,0.2591,0.2749,0.2708,0.27,0.2669,0.2629,0.2629
S,E7000,KWH5000-14999,KWH,I_TAX,EUR,FI,,0.0992,0.1058,0.1111,0.1147,0.1143,0.1168,0.1198,0.1354,0.139,0.1372,0.1368,0.1394,0.1371,0.1372,0.1343,0.1358,0.1334,0.1332,0.1332,0.1356,0.1368,0.1382,0.145,0.1485,0.1523,0.1493,0.152,0.1528,0.1602,0.1662,0.2015,0.1953,0.1951,0.222,0.1901,0.1828,0.1807
S,E7000,KWH5000-14999,KWH,I_TAX,EUR,FR,,0.1075,0.1058,0.1054,0.1057,0.1139,0.1155,0.1219,0.1269,0.1302,0.1278,0.1375,0.1399,0.1469,0.1457,0.1569,0.1548,0.1565,0.157,0.1594,0.1559,0.16,0.1605,0.1629,0.1606,0.1741,0.1742,0.1798,0.179,0.185,0.1928,0.1967,0.2088,0.2333,0.259,0.2671,0.2452,0.2285
S,E7000,KWH5000-14999,KWH,I_TAX,EUR,GE,,,,,,,,,,,,,,,,,,,,,,,0.0759,0.0829,0.0745,0.0697,0.0739,0.0626,0.0688,0.0703,,0.0928,0.0929,0.0968,0.0794,0.0781,0.0842,0.0809
S,E7000,KWH5000-14999,KWH,I_TAX,EUR,HR,0.0897,0.0929,0.0922,0.1128,0.1084,0.1123,0.1101,0.1112,0.1091,0.109,0.1139,0.1321,0.1306,0.1289,0.1253,0.1272,0.1259,0.1259,0.1255,0.1275,0.1147,0.1193,0.1264,0.1275,0.1268,0.1276,0.1251,0.126,0.1244,0.1263,0.1296,0.1411,0.1518,0.149,0.1485,0.1474,0.1641,0.1645
S,E7000,KWH5000-14999,KWH,I_TAX,EUR,HU,,0.1333,0.1541,0.153,0.1346,0.1561,0.1594,0.1498,0.1592,0.146,0.144,0.1517,0.1336,0.1284,0.1162,0.1111,0.1103,0.1117,0.1086,0.1097,0.1091,0.1104,0.1094,0.1102,0.1093,0.1079,0.1023,0.1001,0.1003,0.0998,0.094,0.1258,0.1452,0.141,0.1372,0.1285,0.1312,0.1325
S,E7000,KWH5000-14999,KWH,I_TAX,EUR,IE,,0.1734,0.1572,0.1844,0.1837,0.1688,0.1612,0.1683,0.158,0.1853,0.1883,0.2016,0.1992,0.2106,0.2079,0.2183,0.204,0.2113,0.1991,0.1992,0.1919,0.2011,0.1958,0.2157,0.2062,0.2209,0.2083,0.2291,0.2138,0.2534,0.2287,0.3161,0.299,0.3757,0.2768,0.2944,0.2986,0.3438
S,E7000,KWH5000-14999,KWH,I_TAX,EUR,IS,,,,,,,,,,,0.0904,0.0951,0.092,0.0935,0.0992,0.1014,0.1054,0.1114,0.116,0.1306,0.1424,0.1354,0.1384,0.1302,0.1279,0.1279,0.1199,0.1114,0.1204,0.1228,0.1353,0.1362,0.1344,0.1408,0.1492,0.159,0.1788,
S,E7000,KWH5000-14999,KWH,I_TAX,EUR,IT,,,0.2308,0.2405,0.2609,0.2615,0.2492,0.2414,0.2429,0.2544,0.2636,0.2835,0.2846,0.2906,0.3006,0.2935,0.3055,0.3033,0.2746,0.2591,0.2222,0.212,0.2074,0.2167,0.229,0.2324,0.2116,0.203,0.2097,0.2235,0.2914,0.3473,0.3553,0.3274,0.3113,0.2886,0.3089,0.2919
S,E7000,KWH5000-14999,KWH,I_TAX,EUR,LI,,,,,,,,,,,,,,,0.1516,0.1533,0.1825,0.1788,0.1702,0.1721,0.164,0.154,0.1764,0.1809,0.1829,0.1889,0.1946,0.1915,0.1906,0.1955,0.2039,0.2156,0.4173,0.3395,0.3045,0.2918,0.2793,0.2824
S,E7000,KWH5000-14999,KWH,I_TAX,EUR,LT,,0.0827,0.0808,0.0823,0.0897,0.0884,0.1103,0.118,0.1178,0.1181,0.1228,0.124,0.1336,0.1357,0.129,0.1284,0.1211,0.1203,0.1186,0.1129,0.1073,0.1068,0.1053,0.1057,0.1201,0.1208,0.1367,0.1258,0.1287,0.1418,0.1427,0.1993,0.2809,0.2039,0.2012,0.182,0.1811,0.1613
S,E7000,KWH5000-14999,KWH,I_TAX,EUR,LU,0.1552,0.1477,0.1477,0.1469,0.17,0.17,0.1611,0.1629,0.1563,0.1541,0.1585,0.159,0.1518,0.1513,0.16,0.16,0.1629,0.1629,0.1561,0.1561,0.1416,0.1414,0.1444,0.1464,0.1552,0.1553,0.172,0.1719,0.1741,0.1741,0.1766,0.179,0.1673,0.1706,0.1721,0.1715,0.2332,0.2332
S,E7000,KWH5000-14999,KWH,I_TAX,EUR,LV,,0.072,0.082,0.1002,0.1051,0.1054,0.105,0.1049,0.118,0.144,0.1418,0.1462,0.1414,0.1446,0.1403,0.1393,0.1626,0.1641,0.1619,0.1591,0.1534,0.1536,0.1452,0.1447,0.1542,0.1557,0.1473,0.1495,0.1429,0.1851,0.1703,0.2903,0.2964,0.253,0.2473,0.2315,0.221,0.2135
S,E7000,KWH5000-14999,KWH,I_TAX,EUR,MD,,,,,,,,,,,,,,,,,0.0816,0.0867,0.0949,0.0904,0.0964,0.0991,0.1011,0.0987,0.093,0.101,0.1049,0.0955,0.0825,0.0852,0.1099,0.2059,0.1789,0.143,0.1338,0.1334,0.21,0.196
S,E7000,KWH5000-14999,KWH,I_TAX,EUR,ME,,,,,,,,,0.0857,0.0841,0.0893,0.0904,0.0893,0.0927,0.0921,0.0931,0.092,0.0928,0.0901,0.0917,0.0945,0.0962,0.0985,0.0989,0.1017,0.1028,0.1001,0.1009,0.0999,0.0983,0.0971,0.1033,0.1026,0.1001,0.1023,0.1053,0.1043,0.1057
S,E7000,KWH5000-14999,KWH,I_TAX,EUR,MK,,,,,,,,,,,,0.0791,0.0795,0.0805,0.0776,0.0834,0.0811,0.0826,0.0808,0.0822,0.0808,0.0803,0.0769,0.0783,0.0769,0.0787,0.0772,0.0832,0.0832,0.0838,0.0929,0.1041,0.107,0.1171,0.1022,0.1117,0.1117,0.1126
S,E7000,KWH5000-14999,KWH,I_TAX,EUR,MT,,0.1281,0.1309,0.1805,0.177,0.1585,0.1832,0.1829,0.1834,0.1837,0.184,0.1837,0.1827,0.1859,0.1691,0.1461,0.1486,0.1479,0.15,0.1497,0.1562,0.1512,0.1508,0.1511,0.1512,0.1508,0.1473,0.1499,0.1476,0.1524,0.1504,0.1408,0.1384,0.139,0.1407,0.143,0.137,0.1416
S,E7000,KWH5000-14999,KWH,I_TAX,EUR,NL,0.1935,0.1919,0.192,0.1966,0.216,0.2091,0.1965,0.1966,0.196,0.1965,0.2003,0.2016,0.2038,0.2043,0.2019,0.1992,0.2084,0.1995,0.1758,0.1729,0.176,0.175,0.191,0.194,0.214,0.213,0.1883,0.182,0.1776,0.1926,0.1442,0.2508,0.4719,0.3034,0.2921,0.2471,0.2509,0.2669
S,E7000,KWH5000-14999,KWH,I_TAX,EUR,NO,,0.1075,0.1186,0.1277,0.1143,0.1122,0.1525,0.1402,0.1619,0.1346,0.1351,0.1231,0.1371,0.1273,0.1165,0.1181,0.1134,0.0987,0.1077,0.1181,0.1184,0.1163,0.1279,0.1434,0.1381,0.1266,0.0908,0.0872,0.1337,0.1715,0.1513,0.1715,0.1421,0.1286,0.138,0.1223,0.1302,0.1271
S,E7000,KWH5000-14999,KWH,I_TAX,EUR,PL,,0.1043,0.1114,0.1229,0.1072,0.1172,0.1235,0.1335,0.1394,0.1282,0.1409,0.1421,0.1404,0.1386,0.1344,0.1364,0.1381,0.1366,0.1274,0.1287,0.1326,0.1346,0.1299,0.1297,0.125,0.1294,0.1385,0.1423,0.142,0.1444,0.1323,0.1473,0.1835,0.2585,0.245,0.2502,0.2431,0.252
S,E7000,KWH5000-14999,KWH,I_TAX,EUR,PT,,0.1494,0.1323,0.1366,0.1367,0.1434,0.1435,0.1516,0.1504,0.1712,0.1832,0.1901,0.1923,0.199,0.2058,0.2132,0.2165,0.2171,0.2242,0.2225,0.2192,0.2156,0.2144,0.2183,0.2042,0.2067,0.2016,0.2016,0.2002,0.2064,0.2101,0.213,0.2005,0.2257,0.2321,0.2513,0.227,0.2302
S,E7000,KWH5000-14999,KWH,I_TAX,EUR,RO,,0.1149,0.1043,0.1103,0.0941,0.0944,0.1011,0.1038,0.1067,0.1082,0.1048,0.1076,0.1304,0.1254,0.1255,0.1234,0.1285,0.1304,0.1212,0.1211,0.118,0.1261,0.1304,0.1287,0.1359,0.1436,0.1461,0.144,0.151,0.1574,0.2326,0.335,0.221,0.2209,0.2001,0.1966,0.2083,0.269
S,E7000,KWH5000-14999,KWH,I_TAX,EUR,RS,,,,,,,,,,,,,0.0566,0.0611,0.061,0.0597,0.0583,0.0646,0.0637,0.0654,0.0661,0.0693,0.0698,0.0708,0.0699,0.0723,0.0732,0.0736,0.0788,0.0806,0.0797,0.0871,0.0966,0.1072,0.1105,0.114,0.1123,0.1205
S,E7000,KWH5000-14999,KWH,I_TAX,EUR,SE,0.1389,0.147,0.1485,0.1512,0.1372,0.1425,0.1594,0.1699,0.1801,0.1763,0.1702,0.1782,0.1764,0.1755,0.1628,0.1607,0.1549,0.1547,0.1552,0.1615,0.1559,0.1643,0.1586,0.1763,0.1697,0.174,0.1526,0.1655,0.1695,0.2106,0.177,0.228,0.2166,0.1883,0.2034,0.1935,0.209,0.2173
S,E7000,KWH5000-14999,KWH,I_TAX,EUR,SI,,0.1021,0.1066,0.1092,0.1266,0.1231,0.1277,0.1302,0.1332,0.1361,0.1404,0.1405,0.1438,0.1473,0.1446,0.1453,0.1397,0.1427,0.1406,0.1419,0.1398,0.1399,0.1387,0.1424,0.1405,0.1453,0.1312,0.1476,0.1423,0.1469,0.1215,0.1728,0.1723,0.1914,0.1931,0.1802,0.1662,0.1959
S,E7000,KWH5000-14999,KWH,I_TAX,EUR,SK,,0.1098,0.1191,0.1302,0.1484,0.1558,0.1359,0.1458,0.1502,0.1541,0.1523,0.1535,0.1498,0.1512,0.1337,0.1356,0.1313,0.1321,0.1255,0.1337,0.1219,0.1243,0.1338,0.1274,0.1362,0.1385,0.1488,0.1529,0.1463,0.1435,0.1596,0.1682,0.1674,0.1738,0.1602,0.1583,0.1684,0.168
S,E7000,KWH5000-14999,KWH,I_TAX,EUR,TR,,0.0901,0.0998,0.1222,0.1144,0.1179,0.1342,0.1374,0.1213,0.1141,0.1312,0.1475,0.1492,0.1312,0.1192,0.1317,0.1356,0.1218,0.1267,0.1203,0.1049,0.0958,0.09,0.0853,0.0847,0.104,0.0996,0.0817,0.083,0.0785,0.0996,0.1093,0.0996,0.0654,0.0574,0.0713,0.0924,0.102
S,E7000,KWH5000-14999,KWH,I_TAX,EUR,UA,,,,,,,,,,,,,,,,,,,0.0249,0.032,0.0393,0.0383,0.0398,0.0405,0.0451,0.0488,0.0456,0.0396,0.0467,,,,,,,,,
S,E7000,KWH5000-14999,KWH,I_TAX,EUR,UK,,0.134,0.1355,0.1395,0.1309,0.125,0.1238,0.1307,0.1267,0.1413,0.1489,0.1614,0.1569,0.1654,0.1727,0.1817,0.1915,0.2015,0.1797,0.1706,0.1586,0.1682,0.1708,0.1846,0.1917,0.2019,0.2022,,,,,,,,,,,
S,E7000,KWH5000-14999,KWH,I_TAX,EUR,XK,,,,,,,,,,,,,0.0643,0.0628,0.063,0.0589,0.0719,0.0625,0.0677,0.0607,0.0719,0.0608,0.0587,0.0596,0.0564,0.0568,0.0566,0.0568,0.0563,0.0565,0.0646,0.074,0.0772,0.0862,0.0849,0.0834,0.0858,0.0985
S,E7000,KWH5000-14999,KWH,I_TAX,NAC,AL,,,,,,,,,16.2,16.2,16.2,16.2,16.2,16.2,16.2,16.2,11.4,11.4,11.4,11.4,11.4,11.4,,11.4,11.4,11.4,11.4,11.4,11.4,11.4,11.4,11.4,11.4,11.4,11.4,11.4,11.4,11.4
S,E7000,KWH5000-14999,KWH,I_TAX,NAC,AT,,0.1614,0.1638,0.1657,0.1739,0.1753,0.1774,0.1753,0.1805,0.1781,0.1785,0.1833,0.1888,0.185,0.1848,0.1815,0.178,0.1753,0.1792,0.1766,0.1711,0.174,0.1721,0.1768,0.1784,0.1832,0.1858,0.1915,0.1944,0.2001,0.1998,0.2228,0.2609,0.2808,0.2785,0.2568,0.2844,0.3038
S,E7000,KWH5000-14999,KWH,I_TAX,NAC,BA,,,,,,,,,,,0.1437,0.1452,0.144,0.1457,0.1454,0.1457,0.1467,0.1483,0.1495,0.1518,0.1554,0.156,0.1566,0.1584,0.1572,0.1594,0.1593,0.1641,0.1601,0.1577,0.1626,0.1639,0.1689,0.1636,0.162,0.169,0.1768,0.1816
S,E7000,KWH5000-14999,KWH,I_TAX,NAC,BE,,0.1621,0.1768,0.1945,0.1702,0.1645,0.1732,0.1765,0.1928,0.1872,0.1934,0.1955,0.1977,0.1997,0.1885,0.1791,0.1926,0.2105,0.233,0.25,0.2588,0.2611,0.2578,0.2686,0.2594,0.2627,0.2565,0.2489,0.2519,0.286,0.3341,0.4437,0.4168,0.3496,0.3078,0.3057,0.3288,0.3274
S,E7000,KWH5000-14999,KWH,I_TAX,NAC,BG,,0.139,0.138,0.16,0.159,0.161,0.159,0.1628,0.161,0.1695,0.1614,0.1889,0.181,0.1746,0.1631,0.172,0.183,0.188,0.1852,0.1831,0.1853,0.1933,0.1903,0.1978,0.1938,0.1837,0.1882,0.1866,0.1934,0.2124,0.2117,0.2252,0.2214,0.2341,0.2313,0.2373,0.252,0.2648
S,E7000,KWH5000-14999,KWH,I_TAX,NAC,CY,,0.0921,0.1785,0.2102,0.1608,0.1655,0.1804,0.2006,0.199,0.2387,0.271,0.2901,0.2706,0.2476,0.2234,0.2355,0.1904,0.1839,0.1472,0.1617,0.1808,0.1821,0.1797,0.2119,0.2146,0.2174,0.2087,0.1633,0.191,0.2235,0.254,0.3297,0.3667,0.3372,0.3161,0.3166,0.2848,0.2678
S,E7000,KWH5000-14999,KWH,I_TAX,NAC,CZ,2.27,2.27,2.61,2.61,2.94,2.94,2.83,2.83,3.01,3.01,3.18,3.18,3.32,3.32,3.03,3.03,3.01,3.01,3.06,3.06,3.06,3.06,3.1,3.19,3.5,3.58,3.73,3.67,3.59,4.26,4.8831,4.7094,6.2366,6.4478,7.1028,7.0175,6.4786,6.394
S,E7000,KWH5000-14999,KWH,I_TAX,NAC,DE,0.1888,0.1992,0.1988,0.2039,0.2122,0.2138,0.224,0.2292,0.2399,0.2423,0.2466,0.2542,0.2783,0.2776,0.2829,0.2827,0.2801,0.2797,0.2812,0.282,0.2876,0.2874,0.2795,0.2805,0.2876,0.2644,0.2863,0.28,0.2924,0.2941,0.2994,0.3042,0.385,0.3767,0.3611,0.3614,0.3436,0.3476
S,E7000,KWH5000-14999,KWH,I_TAX,NAC,DK,,1.5827,1.7476,1.8593,1.7899,1.6815,1.7178,1.7483,1.8943,1.9411,1.9501,1.9401,1.692,1.6569,1.7172,1.7095,1.7187,1.6938,1.8117,1.8028,1.7822,1.7425,1.8066,1.908,1.785,1.7398,1.6675,1.473,1.3845,1.7871,2.5557,3.6577,2.7156,1.9841,2.0442,2.0857,1.9439,1.8198
S,E7000,KWH5000-14999,KWH,I_TAX,NAC,EA,,0.1562,0.1569,0.1645,0.1693,0.172,0.1725,0.1772,0.185,0.1912,0.1917,0.2015,0.2057,0.2104,0.2108,0.2156,0.2139,0.2154,0.2106,0.2113,,,,,,,,,,,,,,,,,,
S,E7000,KWH5000-14999,KWH,I_TAX,NAC,EE,,1.19,1.216,1.294,1.388,1.403,1.464,1.53,0.0937,0.1021,0.1056,0.1096,0.1308,0.1326,0.1229,0.1288,0.1228,0.1239,0.1135,0.1186,0.1123,0.1231,0.1262,0.1356,0.1292,0.1325,0.1159,0.1259,0.131,0.1993,0.2,0.227,0.2028,0.2105,0.2067,0.2102,0.2085,0.2051
S,E7000,KWH5000-14999,KWH,I_TAX,NAC,EL,,0.1203,0.1245,0.1347,0.1369,0.1201,0.137,0.1401,0.1389,0.1384,0.1551,0.1604,0.1725,0.1822,0.1913,0.1892,0.1895,0.188,0.1718,0.1835,0.1856,0.204,0.1803,0.1719,0.1749,0.1613,0.1761,0.1676,0.1769,0.2163,0.2592,0.2603,0.2457,0.2381,0.2268,0.2348,0.2327,0.238
S,E7000,KWH5000-14999,KWH,I_TAX,NAC,ES,,0.1287,0.1241,0.1486,0.1467,0.1544,0.155,0.1691,0.1768,0.1938,0.193,0.2089,0.1947,0.2081,0.1874,0.211,0.199,0.2088,0.1926,0.1995,0.193,0.1884,0.1924,0.2159,0.2045,0.1993,0.1812,0.1843,0.1869,0.2503,0.2757,0.3079,0.2302,0.2183,0.2214,0.2213,0.231,0.236
S,E7000,KWH5000-14999,KWH,I_TAX,NAC,FI,,0.0992,0.1058,0.1111,0.1147,0.1143,0.1168,0.1198,0.1354,0.139,0.1372,0.1368,0.1394,0.1371,0.1372,0.1343,0.1358,0.1334,0.1332,0.1332,0.1356,0.1368,0.1382,0.145,0.1485,0.1523,0.1493,0.152,0.1528,0.1602,0.1662,0.2015,0.1953,0.1951,0.222,0.1901,0.1828,0.1807
S,E7000,KWH5000-14999,KWH,I_TAX,NAC,FR,,0.1075,0.1058,0.1054,0.1057,0.1139,0.1155,0.1219,0.1269,0.1302,0.1278,0.1375,0.1399,0.1469,0.1457,0.1569,0.1548,0.1565,0.157,0.1594,0.1559,0.16,0.1605,0.1629,0.1606,0.1741,0.1742,0.1798,0.179,0.185,0.1928,0.1967,0.2088,0.2333,0.259,0.2671,0.2452,0.2285
S,E7000,KWH5000-14999,KWH,I_TAX,NAC,GE,,,,,,,,,,,,,,,,,,,,,,,0.2266,0.2485,0.2275,0.2267,0.2469,0.2355,0.2752,0.2552,,0.2614,0.2607,0.2784,0.2322,0.2313,0.2555,0.2555
S,E7000,KWH5000-14999,KWH,I_TAX,NAC,HR,0.66,0.68,0.67,0.81,0.8,0.82,0.8,0.813,0.807,0.815,0.8588,0.9906,0.9888,0.9783,0.9551,0.9726,0.9605,0.9569,0.9485,0.9576,0.8545,0.8924,0.9375,0.9458,0.9412,0.946,0.9424,0.9501,0.9395,0.9485,0.9773,1.0633,0.1518,0.149,0.1485,0.1474,0.1641,0.1645
S,E7000,KWH5000-14999,KWH,I_TAX,NAC,HU,,33.63,39.08,38.21,39.03,42.32,43.31,41.82,42.8803,42.2229,42.5275,42.947,39.5494,38.2334,35.6537,34.475,33.9082,34.8828,33.97,34.0385,33.7435,34.1263,34.3566,35.6682,35.0172,35.6216,35.3155,35.7263,35.9075,35.8306,35.2662,51.2098,55.2885,53.9893,53.4917,51.5175,53.0738,51.8383
S,E7000,KWH5000-14999,KWH,I_TAX,NAC,IE,,0.1734,0.1572,0.1844,0.1837,0.1688,0.1612,0.1683,0.158,0.1853,0.1883,0.2016,0.1992,0.2106,0.2079,0.2183,0.204,0.2113,0.1991,0.1992,0.1919,0.2011,0.1958,0.2157,0.2062,0.2209,0.2083,0.2291,0.2138,0.2534,0.2287,0.3161,0.299,0.3757,0.2768,0.2944,0.2986,0.3438
S,E7000,KWH5000-14999,KWH,I_TAX,NAC,IS,,,,,,,,,,,14.7413,15.0777,14.98,15.14,15.45,15.64,15.7,16.0044,16.3137,16.584,16.6726,16.7598,17.0936,17.1268,17.5245,17.5845,17.8008,17.886,18.2655,18.2583,19.1314,19.4966,20.3075,20.7253,22.2988,23.71,25.95,
S,E7000,KWH5000-14999,KWH,I_TAX,NAC,IT,,,0.2308,0.2405,0.2609,0.2615,0.2492,0.2414,0.2429,0.2544,0.2636,0.2835,0.2846,0.2906,0.3006,0.2935,0.3055,0.3033,0.2746,0.2591,0.2222,0.212,0.2074,0.2167,0.229,0.2324,0.2116,0.203,0.2097,0.2235,0.2914,0.3473,0.3553,0.3274,0.3113,0.2886,0.3089,0.2919
S,E7000,KWH5000-14999,KWH,I_TAX,NAC,LI,,,,,,,,,,,,,,,0.1852,0.1852,0.1928,0.1928,0.1866,0.1866,0.1766,0.1766,0.2064,0.2063,0.2066,0.207,0.2071,0.2077,0.2086,0.2089,0.2104,0.2109,0.4112,0.3253,0.2928,0.2755,0.2629,0.2634
S,E7000,KWH5000-14999,KWH,I_TAX,NAC,LT,,0.2857,0.279,0.284,0.3097,0.3052,0.3809,0.4076,0.4068,0.4079,0.424,0.4281,0.4614,0.4686,0.4453,0.4432,0.1211,0.1203,0.1186,0.1129,0.1073,0.1068,0.1053,0.1057,0.1201,0.1208,0.1367,0.1258,0.1287,0.1418,0.1427,0.1993,0.2809,0.2039,0.2012,0.182,0.1811,0.1613
S,E7000,KWH5000-14999,KWH,I_TAX,NAC,LU,0.1552,0.1477,0.1477,0.1469,0.17,0.17,0.1611,0.1629,0.1563,0.1541,0.1585,0.159,0.1518,0.1513,0.16,0.16,0.1629,0.1629,0.1561,0.1561,0.1416,0.1414,0.1444,0.1464,0.1552,0.1553,0.172,0.1719,0.1741,0.1741,0.1766,0.179,0.1673,0.1706,0.1721,0.1715,0.2332,0.2332
S,E7000,KWH5000-14999,KWH,I_TAX,NAC,LV,,0.0504,0.0573,0.0708,0.0742,0.0743,0.0744,0.0744,0.0834,0.1016,0.099,0.1018,0.099,0.1016,0.1403,0.1393,0.1626,0.1641,0.1619,0.1591,0.1534,0.1536,0.1452,0.1447,0.1542,0.1557,0.1473,0.1495,0.1429,0.1851,0.1703,0.2903,0.2964,0.253,0.2473,0.2315,0.221,0.2135
S,E7000,KWH5000-14999,KWH,I_TAX,NAC,MD,,,,,,,,,,,,,,,,,1.6468,1.8721,2.11,1.9771,2.0157,2.0552,2.0454,1.9223,1.8421,1.9721,2.041,1.9121,1.7572,1.7515,2.2193,4.0353,3.5573,2.7756,2.57,2.5737,4.0934,3.8574
S,E7000,KWH5000-14999,KWH,I_TAX,NAC,ME,,,,,,,,,0.0857,0.0841,0.0893,0.0904,0.0893,0.0927,0.0921,0.0931,0.092,0.0928,0.0901,0.0917,0.0945,0.0962,0.0985,0.0989,0.1017,0.1028,0.1001,0.1009,0.0999,0.0983,0.0971,0.1033,0.1026,0.1001,0.1023,0.1053,0.1043,0.1057
S,E7000,KWH5000-14999,KWH,I_TAX,NAC,MK,,,,,,,,,,,,4.8688,4.8964,4.9526,4.787,5.136,4.994,5.0906,4.9858,5.0529,4.9781,4.9442,4.7297,4.8123,4.731,4.8427,4.7574,5.1336,5.1284,5.1647,5.7304,6.4085,6.5924,7.202,6.2909,6.8717,6.8799,6.935
S,E7000,KWH5000-14999,KWH,I_TAX,NAC,MT,,0.055,0.1309,0.1805,0.177,0.1585,0.1832,0.1829,0.1834,0.1837,0.184,0.1837,0.1827,0.1859,0.1691,0.1461,0.1486,0.1479,0.15,0.1497,0.1562,0.1512,0.1508,0.1511,0.1512,0.1508,0.1473,0.1499,0.1476,0.1524,0.1504,0.1408,0.1384,0.139,0.1407,0.143,0.137,0.1416
S,E7000,KWH5000-14999,KWH,I_TAX,NAC,NL,0.1935,0.1919,0.192,0.1966,0.216,0.2091,0.1965,0.1966,0.196,0.1965,0.2003,0.2016,0.2038,0.2043,0.2019,0.1992,0.2084,0.1995,0.1758,0.1729,0.176,0.175,0.191,0.194,0.214,0.213,0.1883,0.182,0.1776,0.1926,0.1442,0.2508,0.4719,0.3034,0.2921,0.2471,0.2509,0.2669
S,E7000,KWH5000-14999,KWH,I_TAX,NAC,NO,,0.849,0.943,1.085,1.017,0.961,1.221,1.1223,1.267,1.045,1.0231,0.908,1.031,1.0289,0.9645,0.9961,0.9809,0.912,1.0151,1.0818,1.0874,1.1019,1.2271,1.3765,1.3439,1.262,0.9752,0.9345,1.3603,1.7406,1.51,1.7535,1.6099,1.4832,1.5856,1.4384,1.5178,1.4956
S,E7000,KWH5000-14999,KWH,I_TAX,NAC,PL,,0.3883,0.3891,0.4347,0.4799,0.4908,0.4943,0.5322,0.5511,0.5494,0.5981,0.5862,0.5866,0.5844,0.561,0.5721,0.5717,0.5774,0.5565,0.5609,0.5658,0.5715,0.5481,0.5577,0.5364,0.5569,0.6114,0.6366,0.6444,0.6632,0.6135,0.6974,0.8483,1.1529,1.0578,1.0745,1.0287,1.0704
S,E7000,KWH5000-14999,KWH,I_TAX,NAC,PT,,0.1494,0.1323,0.1366,0.1367,0.1434,0.1435,0.1516,0.1504,0.1712,0.1832,0.1901,0.1923,0.199,0.2058,0.2132,0.2165,0.2171,0.2242,0.2225,0.2192,0.2156,0.2144,0.2183,0.2042,0.2067,0.2016,0.2016,0.2002,0.2064,0.2101,0.213,0.2005,0.2257,0.2321,0.2513,0.227,0.2302
S,E7000,KWH5000-14999,KWH,I_TAX,NAC,RO,,0.3838,0.3827,0.4077,0.3981,0.4008,0.4197,0.4435,0.4461,0.4648,0.4603,0.4871,0.5724,0.5577,0.5604,0.5459,0.5716,0.5795,0.5448,0.5434,0.5355,0.5803,0.607,0.5991,0.6445,0.6821,0.7037,0.6994,0.74,0.7777,1.1502,1.6474,1.0904,1.0955,0.9951,0.9781,1.0426,1.3666
S,E7000,KWH5000-14999,KWH,I_TAX,NAC,RS,,,,,,,,,,,,,6.3396,6.9795,7.0606,7.0898,7.0539,7.7842,7.8253,8.0563,8.152,8.2822,8.2579,8.3774,8.2521,8.5048,8.6066,8.6584,9.2696,9.4778,9.3754,10.2185,11.3347,12.5632,12.9411,13.3449,13.1536,14.1281
S,E7000,KWH5000-14999,KWH,I_TAX,NAC,SE,1.281,1.364,1.392,1.49,1.49,1.48,1.56,1.58,1.61,1.6074,1.5119,1.5201,1.5047,1.5389,1.4575,1.4848,1.4464,1.4492,1.4442,1.5562,1.4966,1.59,1.6096,1.8266,1.7847,1.854,1.6271,1.7072,1.7167,2.1401,1.8549,2.458,2.4553,2.1884,2.3171,2.2199,2.3187,2.3984
S,E7000,KWH5000-14999,KWH,I_TAX,NAC,SI,,0.1021,0.1066,0.1092,0.1266,0.1231,0.1277,0.1302,0.1332,0.1361,0.1404,0.1405,0.1438,0.1473,0.1446,0.1453,0.1397,0.1427,0.1406,0.1419,0.1398,0.1399,0.1387,0.1424,0.1405,0.1453,0.1312,0.1476,0.1423,0.1469,0.1215,0.1728,0.1723,0.1914,0.1931,0.1802,0.1662,0.1959
S,E7000,KWH5000-14999,KWH,I_TAX,NAC,SK,,3.68,3.84,3.95,0.1484,0.1558,0.1359,0.1458,0.1502,0.1541,0.1523,0.1535,0.1498,0.1512,0.1337,0.1356,0.1313,0.1321,0.1255,0.1337,0.1219,0.1243,0.1338,0.1274,0.1362,0.1385,0.1488,0.1529,0.1463,0.1435,0.1596,0.1682,0.1674,0.1738,0.1602,0.1583,0.1684,0.168
S,E7000,KWH5000-14999,KWH,I_TAX,NAC,TR,,0.1575,0.1884,0.2353,0.2463,0.2562,0.2712,0.271,0.268,0.2813,0.3064,0.3379,0.3551,0.3518,0.3536,0.3749,0.3882,0.3875,0.4128,0.4124,0.4131,0.4122,0.4459,0.5495,0.5387,0.6614,0.7124,0.7296,0.7908,0.8999,1.6204,2.0264,2.1521,1.9586,1.965,2.6277,3.798,4.9393
S,E7000,KWH5000-14999,KWH,I_TAX,NAC,UA,,,,,,,,,,,,,,,,,,,0.71,0.9,1.14,1.19,1.29,1.2882,1.3721,1.3399,1.3046,1.3041,1.5626,,,,,,,,,
S,E7000,KWH5000-14999,KWH,I_TAX,NAC,UK,,0.093,0.105,0.114,0.117,0.111,0.1077,0.1106,0.11,0.1226,0.1224,0.129,0.1335,0.1402,0.1418,0.1438,0.1402,0.145,0.1399,0.1466,0.1365,0.1501,0.1503,0.1642,0.1675,0.178,0.1769,,,,,,,,,,,
S,E7000,KWH5000-14999,KWH,I_TAX,NAC,XK,,,,,,,,,,,,,0.0643,0.0628,0.063,0.0589,0.0719,0.0625,0.0677,0.0607,0.0719,0.0608,0.0587,0.0596,0.0564,0.0568,0.0566,0.0568,0.0563,0.0565,0.0646,0.074,0.0772,0.0862,0.0849,0.0834,0.0858,0.0985
S,E7000,KWH5000-14999,KWH,I_TAX,PPS,AL,,,,,,,,,0.2632,0.2632,0.2586,0.2586,0.2578,0.2578,0.2619,0.2619,0.1843,0.1957,0.1967,0.1964,0.1844,0.1844,,0.1835,0.1852,0.1852,0.1792,0.1792,0.1771,0.1771,0.1778,0.1778,0.1789,0.1792,0.1812,0.1822,0.1834,0.1834
S,E7000,KWH5000-14999,KWH,I_TAX,PPS,AT,,0.151,0.1501,0.1518,0.1549,0.1562,0.1609,0.159,0.163,0.1609,0.162,0.1663,0.1689,0.1655,0.1672,0.1642,0.1611,0.1614,0.1667,0.1655,0.1516,0.1542,0.1527,0.1569,0.157,0.1612,0.1625,0.1675,0.17,0.1733,0.173,0.1953,0.2329,0.2501,0.2459,0.2266,0.2477,0.2646
S,E7000,KWH5000-14999,KWH,I_TAX,PPS,BA,,,,,,,,,,,0.1523,0.1539,0.151,0.1528,0.1538,0.1541,0.1552,0.1609,0.1617,0.164,0.1568,0.1574,0.1574,0.1592,0.1565,0.1587,0.159,0.1638,0.1598,0.155,0.1598,0.1609,0.1587,0.1512,0.1519,0.1575,0.1532,0.1574
S,E7000,KWH5000-14999,KWH,I_TAX,PPS,BE,,0.1483,0.1581,0.1739,0.1492,0.1442,0.1562,0.1592,0.1737,0.1687,0.1746,0.1765,0.1756,0.1774,0.1698,0.1614,0.1735,0.1907,0.2153,0.2339,0.2291,0.2312,0.2285,0.238,0.2299,0.2328,0.2299,0.2231,0.2258,0.257,0.3007,0.3993,0.3744,0.3124,0.2743,0.2708,0.2929,0.2917
S,E7000,KWH5000-14999,KWH,I_TAX,PPS,BG,,0.1772,0.165,0.1914,0.1818,0.1841,0.1834,0.1878,0.1739,0.1831,0.1755,0.2054,0.1946,0.1877,0.1769,0.1865,0.1984,0.208,0.2054,0.202,0.1882,0.1963,0.1892,0.1967,0.1863,0.1766,0.1786,0.1771,0.1835,0.1968,0.1961,0.2077,0.1878,0.1986,0.1959,0.201,0.21,0.2207
S,E7000,KWH5000-14999,KWH,I_TAX,PPS,CY,,0.1806,0.2035,0.2397,0.1809,0.1862,0.2033,0.2261,0.2163,0.2594,0.2985,0.3196,0.3033,0.2775,0.2541,0.2679,0.2166,0.2019,0.1666,0.1828,0.2026,0.2041,0.2002,0.2361,0.2368,0.2399,0.2278,0.1783,0.2085,0.2438,0.277,0.3638,0.4009,0.3699,0.3518,0.3476,0.3118,0.2932
S,E7000,KWH5000-14999,KWH,I_TAX,PPS,CZ,0.1321,0.1321,0.143,0.143,0.1591,0.1591,0.1548,0.1548,0.1695,0.1695,0.1797,0.1797,0.1898,0.1898,0.1737,0.1737,0.1741,0.1741,0.177,0.1785,0.1691,0.1691,0.1699,0.1748,0.1877,0.192,0.1948,0.1917,0.1875,0.2201,0.2457,0.237,0.3147,0.3254,0.354,0.3455,0.3192,0.315
S,E7000,KWH5000-14999,KWH,I_TAX,PPS,DE,0.1844,0.1946,0.1913,0.1963,0.1973,0.1987,0.2147,0.2196,0.2308,0.2331,0.2386,0.246,0.2648,0.2641,0.2715,0.2713,0.2688,0.2682,0.2725,0.2722,0.2652,0.265,0.2572,0.2582,0.2601,0.2391,0.2591,0.2534,0.2646,0.2647,0.2695,0.2739,0.3439,0.3367,0.3211,0.3229,0.3077,0.3113
S,E7000,KWH5000-14999,KWH,I_TAX,PPS,DK,,0.1559,0.1704,0.1813,0.1719,0.1615,0.1691,0.1721,0.1881,0.1928,0.1936,0.1926,0.1665,0.1631,0.171,0.1702,0.1771,0.1746,0.1813,0.1804,0.1781,0.1741,0.181,0.1911,0.1801,0.1756,0.168,0.1484,0.1395,0.1809,0.2587,0.368,0.2758,0.2001,0.2094,0.2116,0.1992,0.1865
S,E7000,KWH5000-14999,KWH,I_TAX,PPS,EA,,0.1554,0.1526,0.16,0.1614,0.164,0.1657,0.1702,0.1782,0.1841,0.1864,0.196,0.1992,0.2038,0.2059,0.2106,0.2129,0.2144,0.2052,0.2059,0.1994,0.1995,0.1971,0.2031,0.2038,0.2023,0.2009,0.2003,0.2036,0.2208,0.2382,0.262,0.28,0.2736,0.2726,0.2713,0.2676,0.265
S,E7000,KWH5000-14999,KWH,I_TAX,PPS,EE,,0.112,0.1095,0.1165,0.1266,0.128,0.138,0.1442,0.1349,0.147,0.1489,0.1545,0.1794,0.1819,0.1646,0.1725,0.1645,0.1708,0.1558,0.1603,0.1442,0.158,0.1584,0.1702,0.159,0.1631,0.1444,0.1569,0.1633,0.2433,0.2442,0.2769,0.229,0.2346,0.2296,0.229,0.2281,0.2244
S,E7000,KWH5000-14999,KWH,I_TAX,PPS,EL,,0.1358,0.1387,0.1501,0.1476,0.1295,0.149,0.1524,0.1497,0.1491,0.1734,0.1794,0.2021,0.2135,0.2307,0.2282,0.2286,0.2299,0.2082,0.2224,0.2216,0.2436,0.2167,0.2066,0.212,0.1955,0.2129,0.2026,0.2138,0.2635,0.315,0.3163,0.2995,0.2903,0.28,0.2899,0.2864,0.2929
S,E7000,KWH5000-14999,KWH,I_TAX,PPS,ES,,0.1434,0.1346,0.1612,0.1555,0.1637,0.1649,0.1799,0.1895,0.2077,0.2132,0.2308,0.2162,0.2311,0.2095,0.2359,0.2225,0.2332,0.2176,0.2231,0.2101,0.2051,0.2064,0.2316,0.2194,0.2138,0.193,0.1963,0.1991,0.2675,0.2947,0.3261,0.2469,0.2341,0.2419,0.2466,0.2575,0.263
S,E7000,KWH5000-14999,KWH,I_TAX,PPS,EU27_2020,,,,,,,,,,,,,,,,,,,,,0.1935,0.1948,0.1923,0.1988,0.1986,0.1983,0.1969,0.1968,0.1995,0.216,0.2324,0.2617,0.2745,0.2709,0.2652,0.2635,0.2641,0.265
S,E7000,KWH5000-14999,KWH,I_TAX,PPS,FI,,0.0856,0.0901,0.0946,0.0955,0.0952,0.0979,0.1004,0.1126,0.1155,0.1137,0.1134,0.113,0.1111,0.1103,0.108,0.1092,0.1075,0.109,0.1099,0.1091,0.1101,0.11,0.1154,0.1182,0.1212,0.1181,0.1202,0.1208,0.1289,0.1333,0.1612,0.1575,0.1573,0.1849,0.1583,0.1522,0.1505
S,E7000,KWH5000-14999,KWH,I_TAX,PPS,FR,,0.0977,0.0937,0.0933,0.0924,0.0995,0.1029,0.1086,0.1134,0.1164,0.1139,0.1225,0.1237,0.1299,0.1327,0.1431,0.1445,0.1461,0.1452,0.1488,0.139,0.1427,0.144,0.1462,0.1477,0.1601,0.16,0.1652,0.1645,0.1702,0.1779,0.1815,0.1922,0.2135,0.2371,0.2445,0.2252,0.2098
S,E7000,KWH5000-14999,KWH,I_TAX,PPS,HR,0.1395,0.1437,0.1366,0.1652,0.1562,0.1601,0.156,0.1585,0.1612,0.1628,0.178,0.2054,0.2055,0.2033,0.1975,0.2011,0.1986,0.1988,0.1999,0.2023,0.1765,0.1843,0.1925,0.1942,0.1932,0.1942,0.1939,0.1955,0.1933,0.1934,0.1992,0.2166,0.228,0.2212,0.2149,0.2068,0.2302,0.2308
S,E7000,KWH5000-14999,KWH,I_TAX,PPS,HU,,0.2078,0.2359,0.2306,0.2338,0.2535,0.2635,0.2544,0.2592,0.2552,0.2527,0.2552,0.231,0.2233,0.204,0.1973,0.194,0.1994,0.1934,0.1945,0.1703,0.1723,0.1672,0.1736,0.1642,0.167,0.1586,0.1604,0.1538,0.1535,0.1395,0.2025,0.2187,0.2135,0.1966,0.1925,0.1894,0.185
S,E7000,KWH5000-14999,KWH,I_TAX,PPS,IE,,0.1468,0.1291,0.1514,0.1549,0.1423,0.1459,0.1524,0.1433,0.168,0.1717,0.1839,0.1808,0.1911,0.1868,0.1961,0.1833,0.1896,0.1847,0.1848,0.1659,0.1738,0.1678,0.1848,0.1716,0.1839,0.1714,0.1885,0.1784,0.2114,0.1908,0.2659,0.2515,0.316,0.2338,0.2487,0.2523,0.2904
S,E7000,KWH5000-14999,KWH,I_TAX,PPS,IS,,,,,,,,,,,0.0819,0.0838,0.0819,0.0827,0.0832,0.0842,0.0846,0.0862,0.0874,0.0882,0.0861,0.0866,0.0838,0.084,0.0837,0.084,0.0795,0.0798,0.0815,0.0809,0.0847,0.0864,0.0925,0.093,0.0995,0.1069,0.1136,
S,E7000,KWH5000-14999,KWH,I_TAX,PPS,IT,,,0.2286,0.2382,0.2518,0.2524,0.2438,0.2361,0.2384,0.2497,0.2625,0.2823,0.2821,0.2881,0.2995,0.2924,0.3044,0.3015,0.2798,0.264,0.2212,0.211,0.2068,0.2161,0.2301,0.2335,0.213,0.2044,0.2111,0.228,0.2972,0.3556,0.3695,0.3412,0.3224,0.3001,0.3229,0.3051
S,E7000,KWH5000-14999,KWH,I_TAX,PPS,LT,,0.1439,0.1283,0.1306,0.1447,0.1426,0.1866,0.1996,0.1952,0.1957,0.2037,0.2057,0.2179,0.2213,0.2103,0.2093,0.1966,0.1994,0.1961,0.1896,0.1664,0.1657,0.1598,0.1604,0.179,0.18,0.2005,0.1845,0.1888,0.2038,0.2051,0.2886,0.3733,0.271,0.2605,0.2329,0.2318,0.2064
S,E7000,KWH5000-14999,KWH,I_TAX,PPS,LU,0.1362,0.1296,0.1273,0.1266,0.141,0.141,0.1333,0.1348,0.1318,0.13,0.1342,0.1346,0.1252,0.1248,0.1342,0.1342,0.1366,0.1358,0.1325,0.1322,0.1146,0.1145,0.1156,0.1172,0.1231,0.1232,0.133,0.1329,0.1346,0.1365,0.1385,0.1382,0.1289,0.129,0.1301,0.1299,0.1767,0.1767
S,E7000,KWH5000-14999,KWH,I_TAX,PPS,LV,,0.1081,0.1134,0.1402,0.1542,0.1544,0.1606,0.1606,0.1766,0.2151,0.2062,0.212,0.2037,0.2091,0.2046,0.2031,0.2371,0.2431,0.2432,0.24,0.2174,0.2177,0.2005,0.1998,0.2085,0.2105,0.1996,0.2025,0.1936,0.244,0.2218,0.3781,0.3712,0.316,0.3067,0.3003,0.2867,0.277
S,E7000,KWH5000-14999,KWH,I_TAX,PPS,ME,,,,,,,,,0.1746,0.1713,0.1818,0.1841,0.178,0.1848,0.1793,0.1813,0.1792,0.1869,0.1838,0.19,0.1895,0.1929,0.192,0.1928,0.2003,0.2025,0.1985,0.2001,0.1981,0.1888,0.1865,0.2006,0.1879,0.1834,0.1798,0.1872,0.1858,0.1884
S,E7000,KWH5000-14999,KWH,I_TAX,PPS,MK,,,,,,,,,,,,0.1949,0.1913,0.1935,0.1876,0.2012,0.1984,0.2022,0.1961,0.1969,0.1802,0.179,0.1685,0.1714,0.1688,0.1728,0.1679,0.1812,0.181,0.1764,0.1957,0.2234,0.2238,0.2466,0.211,0.2203,0.2206,0.2223
S,E7000,KWH5000-14999,KWH,I_TAX,PPS,MT,,0.1832,0.1825,0.2517,0.2434,0.2179,0.2508,0.2504,0.2426,0.243,0.24,0.2396,0.2343,0.2384,0.211,0.1823,0.1853,0.1844,0.187,0.1865,0.1878,0.1818,0.1751,0.1754,0.1761,0.1757,0.168,0.1709,0.1683,0.1726,0.1722,0.1589,0.1543,0.155,0.155,0.1575,0.1506,0.1557
S,E7000,KWH5000-14999,KWH,I_TAX,PPS,NL,0.1831,0.1816,0.1781,0.1823,0.1931,0.1869,0.1765,0.1766,0.1781,0.1785,0.1827,0.1839,0.1862,0.1867,0.1845,0.182,0.1921,0.1839,0.162,0.1601,0.1545,0.1537,0.1667,0.1694,0.1814,0.1805,0.1616,0.1562,0.1529,0.1658,0.1232,0.2143,0.4015,0.2581,0.2492,0.2108,0.2141,0.2277
S,E7000,KWH5000-14999,KWH,I_TAX,PPS,NO,,0.0785,0.0842,0.0968,0.0854,0.0807,0.1034,0.095,0.1064,0.0878,0.0872,0.0774,0.0846,0.0844,0.077,0.0796,0.0784,0.0726,0.0789,0.0834,0.0778,0.0788,0.0867,0.0972,0.0924,0.0868,0.0644,0.0617,0.0898,0.1201,0.1042,0.1222,0.1179,0.1094,0.1115,0.1014,0.105,0.1034
S,E7000,KWH5000-14999,KWH,I_TAX,PPS,PL,,0.1709,0.1637,0.1829,0.1936,0.198,0.2073,0.2232,0.2275,0.2268,0.2479,0.243,0.2432,0.2423,0.2317,0.2363,0.2361,0.24,0.2353,0.2374,0.2229,0.2252,0.2127,0.2164,0.2042,0.212,0.2282,0.2376,0.2405,0.2409,0.2114,0.2403,0.2946,0.4004,0.3447,0.3502,0.3322,0.3457
S,E7000,KWH5000-14999,KWH,I_TAX,PPS,PT,,0.1837,0.1592,0.1644,0.1624,0.1703,0.1733,0.1831,0.1832,0.2085,0.2299,0.2386,0.2466,0.2552,0.2646,0.2741,0.2783,0.2786,0.288,0.2845,0.2615,0.2572,0.2545,0.2591,0.2431,0.2461,0.2369,0.2369,0.2353,0.241,0.2453,0.2488,0.2345,0.2677,0.2807,0.3053,0.2753,0.2792
S,E7000,KWH5000-14999,KWH,I_TAX,PPS,RO,,0.2059,0.1872,0.1995,0.189,0.1903,0.2013,0.2127,0.2115,0.2204,0.2167,0.2293,0.2597,0.253,0.2453,0.2389,0.2502,0.262,0.2499,0.2493,0.2279,0.247,0.2463,0.2431,0.256,0.2709,0.2754,0.2737,0.2896,0.2973,0.4171,0.5973,0.3954,0.3972,0.3539,0.3451,0.3513,0.4605
S,E7000,KWH5000-14999,KWH,I_TAX,PPS,RS,,,,,,,,,,,,,0.1152,0.1268,0.1241,0.1246,0.124,0.1448,0.1436,0.1488,0.1371,0.1393,0.1367,0.1387,0.1345,0.1386,0.1377,0.1385,0.1483,0.148,0.1464,0.1598,0.1681,0.1835,0.1801,0.187,0.1829,0.1965
S,E7000,KWH5000-14999,KWH,I_TAX,PPS,SE,0.117,0.1246,0.1239,0.1327,0.1257,0.1249,0.1324,0.1341,0.1372,0.137,0.1303,0.131,0.129,0.1319,0.123,0.1253,0.122,0.1209,0.1171,0.1302,0.1161,0.1233,0.1232,0.1398,0.135,0.1403,0.123,0.129,0.1305,0.1627,0.141,0.1868,0.1822,0.162,0.1703,0.165,0.1724,0.1783
S,E7000,KWH5000-14999,KWH,I_TAX,PPS,SI,,0.1316,0.1313,0.1345,0.1478,0.1437,0.152,0.1549,0.1594,0.1629,0.1735,0.1736,0.1786,0.183,0.1809,0.1818,0.1748,0.1784,0.1786,0.1812,0.1684,0.1685,0.1655,0.1699,0.1678,0.1735,0.1561,0.1756,0.1693,0.1732,0.1433,0.2034,0.2005,0.2256,0.2232,0.2092,0.1905,0.2245
S,E7000,KWH5000-14999,KWH,I_TAX,PPS,SK,,0.1621,0.1797,0.1848,0.2184,0.2293,0.2033,0.2181,0.2186,0.2243,0.223,0.2248,0.2205,0.2225,0.2007,0.2035,0.1971,0.1997,0.1919,0.2058,0.1621,0.1653,0.1742,0.1659,0.173,0.1759,0.1848,0.1899,0.1817,0.1773,0.1972,0.2091,0.2021,0.2192,0.1977,0.1978,0.21,0.2095
S,E7000,KWH5000-14999,KWH,I_TAX,PPS,TR,,0.1479,0.1654,0.2065,0.2031,0.2113,0.2201,0.2199,0.2039,0.214,0.2215,0.2443,0.2411,0.2389,0.2228,0.2362,0.2446,0.2479,0.2485,0.248,0.205,0.2045,0.1851,0.2281,0.1909,0.2344,0.2167,0.2219,0.2405,0.2159,0.3888,0.2794,0.2967,0.264,0.1762,0.2319,0.2099,0.2729
S,E7000,KWH5000-14999,KWH,I_TAX,PPS,UK,,0.1169,0.126,0.1368,0.1342,0.1273,0.1189,0.1221,0.1186,0.1322,0.1339,0.1411,0.1443,0.1516,0.1512,0.1534,0.152,0.1572,0.1517,0.159,0.1369,0.1506,0.1491,0.1629,0.1645,0.1748,0.1716,,,,,,,,,,,
S,E7000,KWH5000-14999,KWH,X_TAX,EUR,AL,,,,,,,,,0.096,0.0964,0.0969,0.0973,0.0963,0.0962,0.0963,0.0967,0.0676,0.0683,0.0687,0.0695,0.0703,0.0713,,0.0759,0.0767,0.0778,0.0768,0.0767,0.0771,0.0781,0.0784,0.0813,0.0842,0.0907,0.0929,0.0958,0.0963,0.0979
S,E7000,KWH5000-14999,KWH,X_TAX,EUR,AT,,0.1175,0.118,0.1196,0.1263,0.1274,0.1291,0.1275,0.1315,0.1313,0.13,0.1275,0.1275,0.1245,0.1203,0.1176,0.1132,0.111,0.1107,0.1086,0.1093,0.1094,0.1097,0.1133,0.1174,0.1211,0.1214,0.1243,0.1248,0.1294,0.1433,0.1896,0.2505,0.2767,0.2715,0.2496,0.2377,0.2341
S,E7000,KWH5000-14999,KWH,X_TAX,EUR,BA,,,,,,,,,,,0.0627,0.0633,0.0628,0.0635,0.0634,0.0636,0.0641,0.0648,0.0653,0.0663,0.0665,0.0667,0.0668,0.0675,0.0669,0.0673,0.0674,0.0691,0.0673,0.0662,0.0686,0.0691,0.0733,0.071,0.0703,0.0734,0.0768,0.0784
S,E7000,KWH5000-14999,KWH,X_TAX,EUR,BE,,0.1129,0.133,0.1448,0.1255,0.121,0.1261,0.1287,0.1399,0.1387,0.1428,0.1457,0.1417,0.1462,0.1478,0.1489,0.1628,0.1631,0.1443,0.1666,0.1753,0.1628,0.1687,0.1788,0.1745,0.1766,0.169,0.1627,0.1619,0.1905,0.2528,0.3737,0.3416,0.2527,0.2161,0.2231,0.2522,0.2518
S,E7000,KWH5000-14999,KWH,X_TAX,EUR,BG,,0.0593,0.0588,0.068,0.068,0.0685,0.0675,0.0694,0.0686,0.0722,0.0688,0.0805,0.0772,0.0744,0.0695,0.0733,0.078,0.0801,0.0789,0.078,0.0789,0.0824,0.0811,0.0843,0.0826,0.0783,0.0802,0.0795,0.0824,0.0905,0.0902,0.096,0.0943,0.0998,0.0985,0.1011,0.1074,0.1128
S,E7000,KWH5000-14999,KWH,X_TAX,EUR,CY,,0.1352,0.1533,0.1809,0.1379,0.142,0.155,0.1677,0.1679,0.2013,0.2279,0.2407,0.2232,0.2025,0.1814,0.1915,0.1531,0.1465,0.1148,0.1283,0.141,0.1416,0.1366,0.1692,0.15,0.1527,0.1459,0.1134,0.1226,0.1403,0.1648,0.2488,0.2254,0.2034,0.2044,0.2016,0.1872,0.1815
S,E7000,KWH5000-14999,KWH,X_TAX,EUR,CZ,0.0678,0.0698,0.0857,0.0874,0.0899,0.0947,0.0906,0.0937,0.1019,0.0999,0.1041,0.1043,0.1055,0.1032,0.09,0.0894,0.0894,0.0909,0.0925,0.0925,0.0934,0.0966,0.0992,0.1012,0.0919,0.0947,0.0968,0.0941,0.0944,0.1384,0.1563,0.1667,0.2164,0.2173,0.2135,0.2086,0.1926,0.194
S,E7000,KWH5000-14999,KWH,X_TAX,EUR,DE,0.1112,0.1187,0.1176,0.1207,0.1272,0.1233,0.1272,0.1251,0.1299,0.1321,0.1329,0.1311,0.138,0.1361,0.1314,0.1317,0.1305,0.1303,0.126,0.1253,0.1248,0.1241,0.123,0.1226,0.1298,0.1139,0.1294,0.1289,0.1357,0.1377,0.1682,0.2092,0.277,0.2695,0.2551,0.2547,0.2296,0.2325
S,E7000,KWH5000-14999,KWH,X_TAX,EUR,DK,,0.087,0.0957,0.1095,0.0944,0.0792,0.0864,0.0918,0.0992,0.102,0.0947,0.0884,0.0886,0.0856,0.0859,0.0838,0.0838,0.0779,0.0795,0.0843,0.0866,0.0832,0.0901,0.1047,0.1006,0.0963,0.0871,0.0827,0.097,0.141,0.2298,0.3569,0.2885,0.1727,0.1757,0.1801,0.1692,0.1558
S,E7000,KWH5000-14999,KWH,X_TAX,EUR,EA,0.1125,0.1028,0.1014,0.1069,0.1088,0.1096,0.1088,0.1186,0.1218,0.1255,0.1246,0.1289,0.1275,0.1303,0.1262,0.1306,0.1281,0.1286,0.1201,0.1206,0.1185,0.1178,0.1174,0.1231,0.1173,0.1161,0.1176,0.119,0.1223,0.1408,0.1827,0.225,0.24,0.2262,0.2135,0.2081,0.1965,0.1927
S,E7000,KWH5000-14999,KWH,X_TAX,EUR,EE,,0.0626,0.0607,0.0649,0.0682,0.0676,0.0661,0.069,0.0674,0.0745,0.0738,0.0771,0.0958,0.0973,0.0902,0.0951,0.0889,0.0899,0.0868,0.0913,0.0844,0.0877,0.0918,0.0996,0.0928,0.0955,0.0816,0.0926,0.0969,0.1538,0.1544,0.1769,0.1556,0.1631,0.1578,0.1603,0.1609,0.1549
S,E7000,KWH5000-14999,KWH,X_TAX,EUR,EL,,0.11,0.1139,0.1233,0.1253,0.1097,0.1105,0.1088,0.1082,0.1032,0.1065,0.1106,0.1165,0.1193,0.118,0.1201,0.1176,0.1199,0.1115,0.1171,0.1124,0.107,0.1101,0.1099,0.1113,0.1172,0.1231,0.1214,0.1249,0.1656,0.2835,0.4335,0.1925,0.1854,0.1804,0.1826,0.1807,0.1825
S,E7000,KWH5000-14999,KWH,X_TAX,EUR,ES,,0.1058,0.1021,0.1219,0.1203,0.1266,0.1271,0.1363,0.1426,0.1563,0.1556,0.1642,0.1531,0.1636,0.1473,0.1659,0.1565,0.1642,0.1514,0.1569,0.1518,0.1482,0.1513,0.1697,0.1135,0.1062,0.0953,0.101,0.1094,0.1703,0.2294,0.2693,0.2005,0.1906,0.1664,0.1702,0.1581,0.161
S,E7000,KWH5000-14999,KWH,X_TAX,EUR,EU27_2020,0.1033,0.0988,0.0989,0.1046,0.1041,0.1055,0.1059,0.115,0.1184,0.1206,0.1199,0.1239,0.1226,0.1246,0.12,0.1235,0.1212,0.1217,0.1143,0.1154,0.1126,0.1127,0.112,0.1177,0.1124,0.1117,0.1118,0.1134,0.1163,0.1374,0.1715,0.2144,0.2204,0.2078,0.2007,0.1956,0.1845,0.1831
S,E7000,KWH5000-14999,KWH,X_TAX,EUR,FI,,0.0739,0.0779,0.0823,0.0852,0.0849,0.0869,0.0886,0.093,0.0959,0.0945,0.0942,0.0954,0.0935,0.0916,0.0893,0.087,0.085,0.0849,0.0849,0.0868,0.0878,0.0889,0.0944,0.0972,0.1003,0.0979,0.1001,0.1007,0.1067,0.1115,0.1431,0.143,0.1348,0.1565,0.1294,0.1231,0.1215
S,E7000,KWH5000-14999,KWH,X_TAX,EUR,FR,,0.0805,0.0789,0.0789,0.0787,0.085,0.0834,0.0884,0.0886,0.0906,0.088,0.0951,0.0932,0.0984,0.0943,0.104,0.0993,0.1005,0.098,0.0998,0.098,0.1013,0.1001,0.1032,0.1011,0.1123,0.1122,0.1167,0.1168,0.1219,0.1445,0.1533,0.172,0.1944,0.2007,0.2016,0.1726,0.1584
S,E7000,KWH5000-14999,KWH,X_TAX,EUR,GE,,,,,,,,,,,,,,,,,,,,,,,0.0643,0.0703,0.0631,0.059,0.0626,0.0531,0.0583,0.0596,,0.0786,0.0787,0.082,0.0673,0.0662,0.0714,0.0686
S,E7000,KWH5000-14999,KWH,X_TAX,EUR,HR,0.0734,0.0752,0.0743,0.0905,0.088,0.0904,0.0895,0.0897,0.088,0.088,0.0909,0.105,0.1038,0.1012,0.0956,0.0972,0.0962,0.0961,0.0957,0.0974,0.0968,0.0976,0.0978,0.0987,0.0981,0.0987,0.0967,0.0975,0.0962,0.0978,0.1008,0.111,0.1204,0.1179,0.1178,0.1172,0.132,0.1323
S,E7000,KWH5000-14999,KWH,X_TAX,EUR,HU,,0.0987,0.1271,0.1262,0.1113,0.1239,0.1264,0.1187,0.1264,0.1117,0.1095,0.1154,0.1013,0.0986,0.0915,0.0875,0.0868,0.0879,0.0855,0.0864,0.0859,0.087,0.0861,0.0868,0.086,0.085,0.0805,0.0788,0.079,0.0786,0.074,0.099,0.1144,0.111,0.1081,0.1012,0.1033,0.1044
S,E7000,KWH5000-14999,KWH,X_TAX,EUR,IE,,0.1527,0.1385,0.1625,0.1619,0.1487,0.142,0.147,0.1346,0.159,0.1635,0.1743,0.172,0.1808,0.1775,0.1843,0.1714,0.1768,0.1676,0.1656,0.1597,0.1658,0.1606,0.1777,0.1763,0.1885,0.1789,0.1946,0.1794,0.2125,0.2335,0.3358,0.3968,0.4129,0.3421,0.322,0.2979,0.3108
S,E7000,KWH5000-14999,KWH,X_TAX,EUR,IS,,,,,,,,,,,0.0713,0.075,0.0725,0.0738,0.0782,0.08,0.0834,0.0875,0.0912,0.1028,0.1123,0.1068,0.1092,0.1028,0.101,0.1009,0.0947,0.088,0.0949,0.0967,0.1062,0.107,0.1057,0.1107,0.1176,0.1255,0.1414,
S,E7000,KWH5000-14999,KWH,X_TAX,EUR,IT,,,,,,,,0.1736,0.1723,0.1735,0.1746,0.1835,0.1827,0.184,0.1853,0.1778,0.1859,0.1809,0.1519,0.1404,0.1265,0.1219,0.1157,0.1276,0.1291,0.1253,0.1211,0.1165,0.1246,0.1584,0.2422,0.2961,0.2963,0.2449,0.2262,0.1987,0.2236,0.21
S,E7000,KWH5000-14999,KWH,X_TAX,EUR,LI,,,,,,,,,,,,,,,0.138,0.1395,0.1595,0.1562,0.1485,0.1501,0.1379,0.1295,0.151,0.1548,0.1565,0.1617,0.1666,0.164,0.1633,0.1675,0.1748,0.1848,0.3722,0.2996,0.2661,0.2541,0.2424,0.2452
S,E7000,KWH5000-14999,KWH,X_TAX,EUR,LT,,0.0701,0.0685,0.0697,0.0754,0.0733,0.0912,0.0976,0.0974,0.0976,0.1015,0.1025,0.0833,0.085,0.0859,0.0854,0.0836,0.083,0.0823,0.0783,0.0748,0.0744,0.0735,0.0738,0.0902,0.0909,0.1063,0.0922,0.0953,0.1075,0.1148,0.1647,0.2392,0.1766,0.1663,0.1504,0.1532,0.1336
S,E7000,KWH5000-14999,KWH,X_TAX,EUR,LU,0.1384,0.1309,0.1309,0.1283,0.1476,0.1481,0.1323,0.1338,0.1342,0.1322,0.1364,0.1368,0.1308,0.1304,0.1301,0.1301,0.1204,0.1204,0.1201,0.1201,0.0983,0.0981,0.1073,0.1091,0.1098,0.1098,0.1219,0.1218,0.1238,0.1239,0.1439,0.1462,0.27,0.259,0.2738,0.2733,0.2525,0.2525
S,E7000,KWH5000-14999,KWH,X_TAX,EUR,LV,,0.0686,0.0782,0.0954,0.0954,0.0959,0.0954,0.0953,0.0967,0.1181,0.1171,0.1031,0.0993,0.0927,0.0892,0.093,0.1076,0.1089,0.107,0.1047,0.1,0.1001,0.0993,0.1004,0.1082,0.1092,0.1026,0.1043,0.1045,0.1391,0.1711,0.2384,0.2447,0.2229,0.2032,0.1954,0.1821,0.1757
S,E7000,KWH5000-14999,KWH,X_TAX,EUR,MD,,,,,,,,,,,,,,,,,0.0816,0.0867,0.0949,0.0904,0.0964,0.0991,0.1008,0.0944,0.0926,0.1003,0.1046,0.0952,0.0822,0.0849,0.0999,0.1862,0.1779,0.1424,0.1333,0.1331,0.2096,0.1946
S,E7000,KWH5000-14999,KWH,X_TAX,EUR,ME,,,,,,,,,0.0732,0.0718,0.0759,0.0783,0.0784,0.0807,0.0807,0.082,0.0818,0.0827,0.0813,0.0825,0.0779,0.0783,0.0804,0.0807,0.081,0.0837,0.0821,0.0828,0.0823,0.0809,0.0799,0.0832,0.0826,0.083,0.0875,0.0879,0.0905,0.0912
S,E7000,KWH5000-14999,KWH,X_TAX,EUR,MK,,,,,,,,,,,,0.0369,0.039,0.041,0.0418,0.0414,0.0687,0.07,0.0685,0.0696,0.0685,0.0681,0.0651,0.0663,0.0652,0.0667,0.0654,0.0705,0.0705,0.0798,0.0885,0.0991,0.0973,0.0992,0.0929,0.0947,0.0947,0.0954
S,E7000,KWH5000-14999,KWH,X_TAX,EUR,MT,,0.1221,0.1246,0.1719,0.1686,0.151,0.1745,0.1738,0.1747,0.1747,0.1752,0.1747,0.174,0.1769,0.161,0.1391,0.1415,0.1409,0.1429,0.1426,0.1473,0.1425,0.1421,0.1424,0.1425,0.1421,0.1388,0.1413,0.1391,0.1436,0.1417,0.1326,0.1303,0.1309,0.1325,0.1347,0.129,0.1334
S,E7000,KWH5000-14999,KWH,X_TAX,EUR,NL,0.1195,0.1183,0.1196,0.1228,0.1174,0.1124,0.0988,0.0984,0.098,0.0986,0.1005,0.1022,0.0982,0.1005,0.0968,0.0963,0.0943,0.0889,0.0856,0.0837,0.084,0.084,0.089,0.091,0.098,0.098,0.0983,0.0952,0.0938,0.1064,0.1675,0.2829,0.3792,0.2082,0.2213,0.1834,0.1801,0.1952
S,E7000,KWH5000-14999,KWH,X_TAX,EUR,NO,,0.0731,0.0818,0.0898,0.0793,0.077,0.1083,0.0984,0.1151,0.0933,0.0931,0.083,0.0942,0.0875,0.0783,0.0798,0.075,0.0637,0.0692,0.077,0.0787,0.0775,0.0868,0.0994,0.0962,0.0873,0.0589,0.0559,0.0925,0.135,0.161,0.227,0.1275,0.1046,0.1077,0.0906,0.1042,0.107
S,E7000,KWH5000-14999,KWH,X_TAX,EUR,PL,,0.0793,0.0852,0.0951,0.0834,0.0913,0.0963,0.1044,0.1083,0.0995,0.1098,0.1107,0.1094,0.1079,0.1044,0.1062,0.1074,0.1064,0.099,0.1,0.0886,0.0888,0.0841,0.0832,0.0827,0.0811,0.0864,0.0892,0.085,0.0815,0.0837,0.0932,0.097,0.1404,0.1233,0.1391,0.1389,0.1449
S,E7000,KWH5000-14999,KWH,X_TAX,EUR,PT,,0.1188,0.0933,0.0921,0.1146,0.1233,0.0987,0.095,0.0912,0.0952,0.0998,0.1072,0.1122,0.1164,0.121,0.1254,0.1105,0.1108,0.119,0.1181,0.1066,0.1048,0.0973,0.0991,0.1121,0.1139,0.1081,0.1073,0.1062,0.1092,0.1588,0.1846,0.2924,0.1992,0.1711,0.1597,0.1466,0.1485
S,E7000,KWH5000-14999,KWH,X_TAX,EUR,RO,,0.0961,0.087,0.0921,0.0783,0.0786,0.084,0.0827,0.0836,0.082,0.0793,0.0749,0.0876,0.0877,0.088,0.0894,0.0913,0.0926,0.0874,0.0875,0.0855,0.0923,0.0968,0.0939,0.0984,0.1038,0.1046,0.1032,0.1093,0.1143,0.1749,0.2633,0.1697,0.1693,0.1493,0.1481,0.1588,0.2053
S,E7000,KWH5000-14999,KWH,X_TAX,EUR,RS,,,,,,,,,,,,,0.0469,0.0505,0.0502,0.049,0.0478,0.0498,0.0487,0.05,0.0505,0.053,0.0534,0.0542,0.0535,0.0552,0.0559,0.0562,0.0573,0.0587,0.0581,0.0618,0.0688,0.0776,0.0803,0.0818,0.0805,0.087
S,E7000,KWH5000-14999,KWH,X_TAX,EUR,SE,0.0833,0.0899,0.0913,0.0954,0.0847,0.0886,0.1001,0.1076,0.1141,0.1115,0.1053,0.1104,0.1089,0.1088,0.0992,0.0986,0.0924,0.0941,0.0928,0.1004,0.094,0.101,0.0942,0.1091,0.1027,0.1066,0.089,0.0982,0.1004,0.1405,0.1408,0.2121,0.1387,0.1169,0.1252,0.1175,0.1276,0.1341
S,E7000,KWH5000-14999,KWH,X_TAX,EUR,SI,,0.0798,0.0849,0.087,0.1013,0.0983,0.0994,0.0994,0.1024,0.1064,0.11,0.11,0.1087,0.1085,0.1062,0.1064,0.1028,0.1033,0.1018,0.1023,0.1012,0.1011,0.1005,0.1028,0.1021,0.105,0.0991,0.1076,0.104,0.1067,0.0924,0.1394,0.1488,0.149,0.1558,0.1452,0.1338,0.1519
S,E7000,KWH5000-14999,KWH,X_TAX,EUR,SK,,0.0922,0.1002,0.1095,0.1247,0.1309,0.1142,0.1225,0.1222,0.1254,0.1239,0.1248,0.1217,0.1228,0.1082,0.1098,0.1062,0.1069,0.1014,0.1082,0.0652,0.0672,0.0752,0.0693,0.0783,0.0802,0.0909,0.0943,0.0886,0.0863,0.1075,0.1147,0.114,0.1059,0.108,0.1064,0.1099,0.1096
S,E7000,KWH5000-14999,KWH,X_TAX,EUR,TR,,0.0706,0.0782,0.0969,0.0909,0.0936,0.1067,0.1092,0.0974,0.0916,0.1046,0.1173,0.1184,0.1051,0.0954,0.1045,0.1078,0.0969,0.102,0.0968,0.0845,0.0772,0.0724,0.0685,0.0684,0.0839,0.0805,0.0656,0.067,0.0635,0.0859,0.0976,0.0897,0.0581,0.0509,0.0635,0.0819,0.0904
S,E7000,KWH5000-14999,KWH,X_TAX,EUR,UA,,,,,,,,,,,,,,,,,,,0.0207,0.0267,0.0328,0.0318,0.0333,0.0337,0.0376,0.0406,0.038,0.033,0.0389,,,,,,,,,
S,E7000,KWH5000-14999,KWH,X_TAX,EUR,UK,,0.1277,0.129,0.1334,0.1253,0.1191,0.1179,0.1246,0.1207,0.1346,0.1419,0.1537,0.1495,0.1576,0.1645,0.1731,0.1586,0.1667,0.1451,0.1378,0.1214,0.1219,0.1217,0.1277,0.1303,0.1385,0.1403,,,,,,,,,,,
S,E7000,KWH5000-14999,KWH,X_TAX,EUR,XK,,,,,,,,,,,,,0.0475,0.0463,0.0477,0.0443,0.0562,0.0493,0.0564,0.0499,0.0599,0.0546,0.0526,0.054,0.0504,0.0494,0.049,0.0488,0.0484,0.0496,0.0587,0.0678,0.0697,0.0767,0.0755,0.0741,0.0764,0.0883
S,E7000,KWH5000-14999,KWH,X_TAX,NAC,AL,,,,,,,,,13.5,13.5,13.5,13.5,13.5,13.5,13.5,13.5,9.5,9.5,9.5,9.5,9.5,9.5,,9.5,9.5,9.5,9.5,9.5,9.5,9.5,9.5,9.5,9.5,9.5,9.5,9.5,9.5,9.5
S,E7000,KWH5000-14999,KWH,X_TAX,NAC,AT,,0.1175,0.118,0.1196,0.1263,0.1274,0.1291,0.1275,0.1315,0.1313,0.13,0.1275,0.1275,0.1245,0.1203,0.1176,0.1132,0.111,0.1107,0.1086,0.1093,0.1094,0.1097,0.1133,0.1174,0.1211,0.1214,0.1243,0.1248,0.1294,0.1433,0.1896,0.2505,0.2767,0.2715,0.2496,0.2377,0.2341
S,E7000,KWH5000-14999,KWH,X_TAX,NAC,BA,,,,,,,,,,,0.1228,0.1241,0.1231,0.1245,0.1243,0.1247,0.1254,0.1268,0.1278,0.1297,0.1301,0.1305,0.1306,0.132,0.1309,0.1316,0.1318,0.1351,0.1316,0.1294,0.1341,0.1351,0.1434,0.1388,0.1375,0.1435,0.1501,0.1533
S,E7000,KWH5000-14999,KWH,X_TAX,NAC,BE,,0.1129,0.133,0.1448,0.1255,0.121,0.1261,0.1287,0.1399,0.1387,0.1428,0.1457,0.1417,0.1462,0.1478,0.1489,0.1628,0.1631,0.1443,0.1666,0.1753,0.1628,0.1687,0.1788,0.1745,0.1766,0.169,0.1627,0.1619,0.1905,0.2528,0.3737,0.3416,0.2527,0.2161,0.2231,0.2522,0.2518
S,E7000,KWH5000-14999,KWH,X_TAX,NAC,BG,,0.116,0.115,0.133,0.133,0.134,0.132,0.1358,0.1342,0.1413,0.1346,0.1575,0.151,0.1455,0.1359,0.1433,0.1525,0.1567,0.1543,0.1525,0.1544,0.1611,0.1586,0.1648,0.1615,0.1531,0.1569,0.1555,0.1612,0.177,0.1764,0.1877,0.1845,0.1951,0.1927,0.1977,0.21,0.2207
S,E7000,KWH5000-14999,KWH,X_TAX,NAC,CY,,0.079,0.1533,0.1809,0.1379,0.142,0.155,0.1677,0.1679,0.2013,0.2279,0.2407,0.2232,0.2025,0.1814,0.1915,0.1531,0.1465,0.1148,0.1283,0.141,0.1416,0.1366,0.1692,0.15,0.1527,0.1459,0.1134,0.1226,0.1403,0.1648,0.2488,0.2254,0.2034,0.2044,0.2016,0.1872,0.1815
S,E7000,KWH5000-14999,KWH,X_TAX,NAC,CZ,1.91,1.91,2.16,2.16,2.44,2.44,2.33,2.33,2.48,2.48,2.62,2.62,2.71,2.71,2.47,2.47,2.46,2.46,2.5,2.5,2.5,2.5,2.53,2.61,2.36,2.43,2.55,2.5,2.44,3.52,3.8515,4.0817,5.1259,5.2844,5.3416,5.2618,4.8144,4.73
S,E7000,KWH5000-14999,KWH,X_TAX,NAC,DE,0.1112,0.1187,0.1176,0.1207,0.1272,0.1233,0.1272,0.1251,0.1299,0.1321,0.1329,0.1311,0.138,0.1361,0.1314,0.1317,0.1305,0.1303,0.126,0.1253,0.1248,0.1241,0.123,0.1226,0.1298,0.1139,0.1294,0.1289,0.1357,0.1377,0.1682,0.2092,0.277,0.2695,0.2551,0.2547,0.2296,0.2325
S,E7000,KWH5000-14999,KWH,X_TAX,NAC,DK,,0.6478,0.7138,0.8166,0.7035,0.5895,0.6427,0.6843,0.74,0.7595,0.7041,0.6586,0.6607,0.6381,0.641,0.6238,0.6248,0.5809,0.5922,0.6271,0.6442,0.6192,0.6714,0.7807,0.751,0.7191,0.6501,0.6156,0.7213,1.0488,1.7095,2.6551,2.1485,1.2877,1.3102,1.3434,1.2623,1.1631
S,E7000,KWH5000-14999,KWH,X_TAX,NAC,EA,,0.109,0.1098,0.1153,0.1188,0.1196,0.1174,0.119,0.1224,0.126,0.1247,0.129,0.1276,0.1305,0.1266,0.131,0.1282,0.1287,0.1217,0.1222,,,,,,,,,,,,,,,,,,
S,E7000,KWH5000-14999,KWH,X_TAX,NAC,EE,,0.98,0.95,1.016,1.067,1.058,1.035,1.079,0.0674,0.0745,0.0738,0.0771,0.0958,0.0973,0.0902,0.0951,0.0889,0.0899,0.0868,0.0913,0.0844,0.0877,0.0918,0.0996,0.0928,0.0955,0.0816,0.0926,0.0969,0.1538,0.1544,0.1769,0.1556,0.1631,0.1578,0.1603,0.1609,0.1549
S,E7000,KWH5000-14999,KWH,X_TAX,NAC,EL,,0.11,0.1139,0.1233,0.1253,0.1097,0.1105,0.1088,0.1082,0.1032,0.1065,0.1106,0.1165,0.1193,0.118,0.1201,0.1176,0.1199,0.1115,0.1171,0.1124,0.107,0.1101,0.1099,0.1113,0.1172,0.1231,0.1214,0.1249,0.1656,0.2835,0.4335,0.1925,0.1854,0.1804,0.1826,0.1807,0.1825
S,E7000,KWH5000-14999,KWH,X_TAX,NAC,ES,,0.1058,0.1021,0.1219,0.1203,0.1266,0.1271,0.1363,0.1426,0.1563,0.1556,0.1642,0.1531,0.1636,0.1473,0.1659,0.1565,0.1642,0.1514,0.1569,0.1518,0.1482,0.1513,0.1697,0.1135,0.1062,0.0953,0.101,0.1094,0.1703,0.2294,0.2693,0.2005,0.1906,0.1664,0.1702,0.1581,0.161
S,E7000,KWH5000-14999,KWH,X_TAX,NAC,FI,,0.0739,0.0779,0.0823,0.0852,0.0849,0.0869,0.0886,0.093,0.0959,0.0945,0.0942,0.0954,0.0935,0.0916,0.0893,0.087,0.085,0.0849,0.0849,0.0868,0.0878,0.0889,0.0944,0.0972,0.1003,0.0979,0.1001,0.1007,0.1067,0.1115,0.1431,0.143,0.1348,0.1565,0.1294,0.1231,0.1215
S,E7000,KWH5000-14999,KWH,X_TAX,NAC,FR,,0.0805,0.0789,0.0789,0.0787,0.085,0.0834,0.0884,0.0886,0.0906,0.088,0.0951,0.0932,0.0984,0.0943,0.104,0.0993,0.1005,0.098,0.0998,0.098,0.1013,0.1001,0.1032,0.1011,0.1123,0.1122,0.1167,0.1168,0.1219,0.1445,0.1533,0.172,0.1944,0.2007,0.2016,0.1726,0.1584
S,E7000,KWH5000-14999,KWH,X_TAX,NAC,GE,,,,,,,,,,,,,,,,,,,,,,,0.192,0.2106,0.1928,0.1921,0.2092,0.1996,0.2332,0.2163,,0.2215,0.2209,0.2359,0.1968,0.196,0.2165,0.2165
S,E7000,KWH5000-14999,KWH,X_TAX,NAC,HR,0.54,0.55,0.54,0.65,0.65,0.66,0.65,0.656,0.651,0.658,0.6857,0.7875,0.786,0.7676,0.7291,0.743,0.7334,0.7305,0.7239,0.731,0.7212,0.7299,0.7257,0.732,0.7279,0.7322,0.7289,0.7358,0.7264,0.7344,0.7601,0.836,0.1204,0.1179,0.1178,0.1172,0.132,0.1323
S,E7000,KWH5000-14999,KWH,X_TAX,NAC,HU,,24.91,32.23,31.51,32.26,33.6,34.33,33.14,34.0442,32.3183,32.3366,32.667,29.9917,29.3386,28.0738,27.1457,26.6994,27.4668,26.7481,26.802,26.5697,26.8711,27.0524,28.0852,27.5726,28.0485,27.8075,28.131,28.2737,28.2131,27.7687,40.3227,43.5343,42.5113,42.1194,40.565,41.7904,40.8175
S,E7000,KWH5000-14999,KWH,X_TAX,NAC,IE,,0.1527,0.1385,0.1625,0.1619,0.1487,0.142,0.147,0.1346,0.159,0.1635,0.1743,0.172,0.1808,0.1775,0.1843,0.1714,0.1768,0.1676,0.1656,0.1597,0.1658,0.1606,0.1777,0.1763,0.1885,0.1789,0.1946,0.1794,0.2125,0.2335,0.3358,0.3968,0.4129,0.3421,0.322,0.2979,0.3108
S,E7000,KWH5000-14999,KWH,X_TAX,NAC,IS,,,,,,,,,,,11.626,11.8881,11.81,11.94,12.18,12.34,12.43,12.5777,12.8272,13.0452,13.1456,13.216,13.4852,13.5119,13.8327,13.881,14.0555,14.1242,14.3902,14.3844,15.0185,15.3131,15.967,16.3039,17.5729,18.71,20.52,
S,E7000,KWH5000-14999,KWH,X_TAX,NAC,IT,,,,,,,,0.1736,0.1723,0.1735,0.1746,0.1835,0.1827,0.184,0.1853,0.1778,0.1859,0.1809,0.1519,0.1404,0.1265,0.1219,0.1157,0.1276,0.1291,0.1253,0.1211,0.1165,0.1246,0.1584,0.2422,0.2961,0.2963,0.2449,0.2262,0.1987,0.2236,0.21
S,E7000,KWH5000-14999,KWH,X_TAX,NAC,LI,,,,,,,,,,,,,,,0.1685,0.1685,0.1685,0.1685,0.1628,0.1628,0.1485,0.1485,0.1766,0.1766,0.1768,0.1772,0.1773,0.1779,0.1787,0.1789,0.1804,0.1808,0.3668,0.287,0.2558,0.2399,0.2282,0.2287
S,E7000,KWH5000-14999,KWH,X_TAX,NAC,LT,,0.2421,0.2365,0.2406,0.2602,0.253,0.3148,0.3369,0.3362,0.3371,0.3504,0.3538,0.2875,0.2935,0.2966,0.2949,0.0836,0.083,0.0823,0.0783,0.0748,0.0744,0.0735,0.0738,0.0902,0.0909,0.1063,0.0922,0.0953,0.1075,0.1148,0.1647,0.2392,0.1766,0.1663,0.1504,0.1532,0.1336
S,E7000,KWH5000-14999,KWH,X_TAX,NAC,LU,0.1384,0.1309,0.1309,0.1283,0.1476,0.1481,0.1323,0.1338,0.1342,0.1322,0.1364,0.1368,0.1308,0.1304,0.1301,0.1301,0.1204,0.1204,0.1201,0.1201,0.0983,0.0981,0.1073,0.1091,0.1098,0.1098,0.1219,0.1218,0.1238,0.1239,0.1439,0.1462,0.27,0.259,0.2738,0.2733,0.2525,0.2525
S,E7000,KWH5000-14999,KWH,X_TAX,NAC,LV,,0.048,0.0546,0.0674,0.0674,0.0676,0.0676,0.0676,0.0684,0.0833,0.0818,0.0718,0.0695,0.0651,0.0892,0.093,0.1076,0.1089,0.107,0.1047,0.1,0.1001,0.0993,0.1004,0.1082,0.1092,0.1026,0.1043,0.1045,0.1391,0.1711,0.2384,0.2447,0.2229,0.2032,0.1954,0.1821,0.1757
S,E7000,KWH5000-14999,KWH,X_TAX,NAC,MD,,,,,,,,,,,,,,,,,1.6468,1.8721,2.11,1.9771,2.0157,2.0552,2.0391,1.8375,1.8359,1.9603,2.0352,1.9062,1.7512,1.746,2.017,3.6508,3.5373,2.7639,2.56,2.5683,4.0871,3.8299
S,E7000,KWH5000-14999,KWH,X_TAX,NAC,ME,,,,,,,,,0.0732,0.0718,0.0759,0.0783,0.0784,0.0807,0.0807,0.082,0.0818,0.0827,0.0813,0.0825,0.0779,0.0783,0.0804,0.0807,0.081,0.0837,0.0821,0.0828,0.0823,0.0809,0.0799,0.0832,0.0826,0.083,0.0875,0.0879,0.0905,0.0912
S,E7000,KWH5000-14999,KWH,X_TAX,NAC,MK,,,,,,,,,,,,2.2711,2.4033,2.5245,2.5783,2.5494,4.2322,4.3141,4.2253,4.2822,4.2187,4.19,4.0082,4.0782,4.0093,4.104,4.0317,4.3505,4.3461,4.9188,5.4575,6.1033,5.9931,6.1034,5.719,5.8235,5.8304,5.877
S,E7000,KWH5000-14999,KWH,X_TAX,NAC,MT,,0.0524,0.1246,0.1719,0.1686,0.151,0.1745,0.1738,0.1747,0.1747,0.1752,0.1747,0.174,0.1769,0.161,0.1391,0.1415,0.1409,0.1429,0.1426,0.1473,0.1425,0.1421,0.1424,0.1425,0.1421,0.1388,0.1413,0.1391,0.1436,0.1417,0.1326,0.1303,0.1309,0.1325,0.1347,0.129,0.1334
S,E7000,KWH5000-14999,KWH,X_TAX,NAC,NL,0.1195,0.1183,0.1196,0.1228,0.1174,0.1124,0.0988,0.0984,0.098,0.0986,0.1005,0.1022,0.0982,0.1005,0.0968,0.0963,0.0943,0.0889,0.0856,0.0837,0.084,0.084,0.089,0.091,0.098,0.098,0.0983,0.0952,0.0938,0.1064,0.1675,0.2829,0.3792,0.2082,0.2213,0.1834,0.1801,0.1952
S,E7000,KWH5000-14999,KWH,X_TAX,NAC,NO,,0.577,0.65,0.763,0.705,0.66,0.867,0.7878,0.901,0.724,0.7049,0.6128,0.7087,0.7071,0.6477,0.673,0.6482,0.5881,0.6521,0.7054,0.7225,0.7343,0.8324,0.9547,0.9359,0.8698,0.6319,0.5985,0.9415,1.3702,1.6074,2.321,1.4442,1.2059,1.2376,1.0653,1.2147,1.2595
S,E7000,KWH5000-14999,KWH,X_TAX,NAC,PL,,0.2955,0.2974,0.3363,0.3734,0.3823,0.3852,0.4162,0.4281,0.4267,0.4663,0.4566,0.4569,0.4551,0.4361,0.4451,0.4448,0.4494,0.4324,0.436,0.3782,0.377,0.3549,0.3579,0.355,0.3488,0.3815,0.3991,0.3859,0.3742,0.3882,0.4415,0.4483,0.626,0.5324,0.5976,0.5879,0.6153
S,E7000,KWH5000-14999,KWH,X_TAX,NAC,PT,,0.1188,0.0933,0.0921,0.1146,0.1233,0.0987,0.095,0.0912,0.0952,0.0998,0.1072,0.1122,0.1164,0.121,0.1254,0.1105,0.1108,0.119,0.1181,0.1066,0.1048,0.0973,0.0991,0.1121,0.1139,0.1081,0.1073,0.1062,0.1092,0.1588,0.1846,0.2924,0.1992,0.1711,0.1597,0.1466,0.1485
S,E7000,KWH5000-14999,KWH,X_TAX,NAC,RO,,0.3209,0.3193,0.3403,0.3314,0.3337,0.3484,0.3535,0.3496,0.3525,0.3484,0.3389,0.3845,0.3899,0.393,0.3957,0.4063,0.4115,0.3927,0.3924,0.388,0.4245,0.4504,0.437,0.4664,0.493,0.5041,0.5014,0.5356,0.5647,0.8648,1.2948,0.8372,0.8397,0.7429,0.7369,0.7947,1.0429
S,E7000,KWH5000-14999,KWH,X_TAX,NAC,RS,,,,,,,,,,,,,5.2484,5.7722,5.8028,5.8272,5.7853,6.0068,5.9814,6.1602,6.2352,6.3332,6.3178,6.4103,6.3138,6.4943,6.5755,6.6114,6.7406,6.9057,6.8272,7.2547,8.0686,9.0945,9.4081,9.5694,9.4314,10.2041
S,E7000,KWH5000-14999,KWH,X_TAX,NAC,SE,0.768,0.834,0.856,0.94,0.92,0.92,0.98,1.0,1.02,1.0163,0.9351,0.9416,0.9293,0.9538,0.8887,0.9105,0.8632,0.8812,0.8634,0.9669,0.9023,0.977,0.9566,1.1302,1.0808,1.1362,0.9487,1.0128,1.0174,1.4281,1.4759,2.2864,1.5722,1.3588,1.4257,1.348,1.416,1.4798
S,E7000,KWH5000-14999,KWH,X_TAX,NAC,SI,,0.0798,0.0849,0.087,0.1013,0.0983,0.0994,0.0994,0.1024,0.1064,0.11,0.11,0.1087,0.1085,0.1062,0.1064,0.1028,0.1033,0.1018,0.1023,0.1012,0.1011,0.1005,0.1028,0.1021,0.105,0.0991,0.1076,0.104,0.1067,0.0924,0.1394,0.1488,0.149,0.1558,0.1452,0.1338,0.1519
S,E7000,KWH5000-14999,KWH,X_TAX,NAC,SK,,3.09,3.23,3.32,0.1247,0.1309,0.1142,0.1225,0.1222,0.1254,0.1239,0.1248,0.1217,0.1228,0.1082,0.1098,0.1062,0.1069,0.1014,0.1082,0.0652,0.0672,0.0752,0.0693,0.0783,0.0802,0.0909,0.0943,0.0886,0.0863,0.1075,0.1147,0.114,0.1059,0.108,0.1064,0.1099,0.1096
S,E7000,KWH5000-14999,KWH,X_TAX,NAC,TR,,0.1234,0.1476,0.1866,0.1957,0.2035,0.2156,0.2155,0.2151,0.2257,0.2442,0.2689,0.2818,0.2819,0.2832,0.2975,0.3086,0.3081,0.3324,0.3318,0.3329,0.3321,0.3588,0.4411,0.4346,0.5335,0.5759,0.5861,0.638,0.727,1.3968,1.8099,1.9364,1.7396,1.7422,2.3416,3.3687,4.3758
S,E7000,KWH5000-14999,KWH,X_TAX,NAC,UA,,,,,,,,,,,,,,,,,,,0.59,0.75,0.95,0.99,1.08,1.0735,1.1434,1.1166,1.0872,1.0867,1.3021,,,,,,,,,
S,E7000,KWH5000-14999,KWH,X_TAX,NAC,UK,,0.0886,0.1,0.109,0.112,0.1058,0.1026,0.1054,0.1048,0.1168,0.1167,0.1229,0.1272,0.1336,0.1351,0.137,0.1161,0.12,0.113,0.1184,0.1045,0.1088,0.1071,0.1136,0.1138,0.1221,0.1227,,,,,,,,,,,
S,E7000,KWH5000-14999,KWH,X_TAX,NAC,XK,,,,,,,,,,,,,0.0475,0.0463,0.0477,0.0443,0.0562,0.0493,0.0564,0.0499,0.0599,0.0546,0.0526,0.054,0.0504,0.0494,0.049,0.0488,0.0484,0.0496,0.0587,0.0678,0.0697,0.0767,0.0755,0.0741,0.0764,0.0883
S,E7000,KWH5000-14999,KWH,X_TAX,PPS,AL,,,,,,,,,0.2193,0.2193,0.2155,0.2155,0.2148,0.2148,0.2182,0.2182,0.1536,0.1631,0.1639,0.1637,0.1537,0.1537,,0.1529,0.1543,0.1543,0.1494,0.1494,0.1476,0.1476,0.1482,0.1482,0.1491,0.1493,0.151,0.1519,0.1529,0.1529
S,E7000,KWH5000-14999,KWH,X_TAX,PPS,AT,,0.1099,0.1081,0.1096,0.1125,0.1135,0.1171,0.1157,0.1188,0.1186,0.118,0.1157,0.1141,0.1114,0.1088,0.1064,0.1024,0.1022,0.103,0.1018,0.0968,0.0969,0.0973,0.1005,0.1033,0.1065,0.1062,0.1087,0.1092,0.112,0.1241,0.1662,0.2236,0.2464,0.2397,0.2202,0.207,0.2039
S,E7000,KWH5000-14999,KWH,X_TAX,PPS,BA,,,,,,,,,,,0.1301,0.1315,0.1291,0.1305,0.1315,0.1319,0.1327,0.1376,0.1383,0.1402,0.1313,0.1317,0.1313,0.1327,0.1303,0.131,0.1316,0.1349,0.1314,0.1272,0.1318,0.1326,0.1348,0.1283,0.1289,0.1337,0.1301,0.1328
S,E7000,KWH5000-14999,KWH,X_TAX,PPS,BE,,0.1033,0.1189,0.1295,0.11,0.106,0.1137,0.1161,0.126,0.125,0.1289,0.1315,0.1259,0.1299,0.1332,0.1342,0.1467,0.1478,0.1334,0.1559,0.1552,0.1441,0.1495,0.1585,0.1547,0.1565,0.1515,0.1458,0.1451,0.1712,0.2275,0.3363,0.3069,0.2258,0.1926,0.1976,0.2246,0.2243
S,E7000,KWH5000-14999,KWH,X_TAX,PPS,BG,,0.1479,0.1375,0.1591,0.1521,0.1532,0.1522,0.1566,0.1449,0.1526,0.1464,0.1713,0.1623,0.1564,0.1474,0.1554,0.1654,0.1734,0.1711,0.1682,0.1568,0.1636,0.1577,0.1639,0.1553,0.1472,0.1489,0.1475,0.153,0.164,0.1634,0.1731,0.1565,0.1655,0.1632,0.1674,0.175,0.1839
S,E7000,KWH5000-14999,KWH,X_TAX,PPS,CY,,0.1549,0.1748,0.2063,0.1551,0.1597,0.1747,0.189,0.1825,0.2188,0.251,0.2651,0.2502,0.227,0.2064,0.2179,0.1742,0.1608,0.1299,0.1451,0.158,0.1587,0.1522,0.1885,0.1655,0.1685,0.1593,0.1238,0.1338,0.153,0.1798,0.2746,0.2464,0.2231,0.2275,0.2214,0.205,0.1987
S,E7000,KWH5000-14999,KWH,X_TAX,PPS,CZ,0.1111,0.1111,0.1183,0.1183,0.132,0.132,0.1274,0.1274,0.1396,0.1396,0.148,0.148,0.155,0.155,0.1416,0.1416,0.1423,0.1423,0.1446,0.1458,0.1382,0.1382,0.1386,0.143,0.1265,0.1303,0.1332,0.1306,0.1274,0.1818,0.1938,0.2054,0.2587,0.2667,0.2663,0.2591,0.2372,0.2331
S,E7000,KWH5000-14999,KWH,X_TAX,PPS,DE,0.1086,0.116,0.1132,0.1162,0.1182,0.1146,0.1219,0.1199,0.125,0.1271,0.1286,0.1269,0.1313,0.1295,0.1261,0.1264,0.1252,0.1249,0.1221,0.1209,0.1151,0.1144,0.1132,0.1128,0.1174,0.103,0.1171,0.1167,0.1228,0.1239,0.1514,0.1884,0.2474,0.2409,0.2268,0.2276,0.2056,0.2082
S,E7000,KWH5000-14999,KWH,X_TAX,PPS,DK,,0.0638,0.0696,0.0796,0.0676,0.0566,0.0633,0.0674,0.0735,0.0754,0.0699,0.0654,0.065,0.0628,0.0638,0.0621,0.0644,0.0599,0.0592,0.0627,0.0644,0.0619,0.0672,0.0782,0.0758,0.0726,0.0655,0.062,0.0727,0.1062,0.173,0.2671,0.2182,0.1299,0.1342,0.1363,0.1294,0.1192
S,E7000,KWH5000-14999,KWH,X_TAX,PPS,EA,,0.1085,0.1068,0.1121,0.1133,0.114,0.1128,0.1143,0.1179,0.1214,0.1213,0.1255,0.1236,0.1264,0.1237,0.128,0.1276,0.1281,0.1186,0.1191,0.1149,0.114,0.1135,0.1191,0.113,0.1118,0.1128,0.1141,0.1175,0.1344,0.1784,0.2198,0.2307,0.2154,0.2044,0.2,0.1897,0.186
S,E7000,KWH5000-14999,KWH,X_TAX,PPS,EE,,0.0922,0.0855,0.0915,0.0974,0.0965,0.0976,0.1017,0.097,0.1072,0.1041,0.1087,0.1314,0.1335,0.1208,0.1274,0.1191,0.124,0.1192,0.1234,0.1084,0.1126,0.1152,0.125,0.1142,0.1175,0.1017,0.1154,0.1208,0.1878,0.1885,0.2158,0.1757,0.1818,0.1753,0.1747,0.176,0.1695
S,E7000,KWH5000-14999,KWH,X_TAX,PPS,EL,,0.1242,0.1269,0.1374,0.1351,0.1183,0.1202,0.1183,0.1166,0.1112,0.1191,0.1237,0.1365,0.1398,0.1423,0.1449,0.1418,0.1467,0.1351,0.1419,0.1342,0.1278,0.1323,0.1321,0.1349,0.142,0.1488,0.1467,0.151,0.2018,0.3445,0.5268,0.2347,0.226,0.2227,0.2254,0.2224,0.2246
S,E7000,KWH5000-14999,KWH,X_TAX,PPS,ES,,0.1178,0.1108,0.1322,0.1276,0.1342,0.1352,0.145,0.1528,0.1675,0.1719,0.1814,0.17,0.1817,0.1647,0.1855,0.175,0.1834,0.171,0.1755,0.1652,0.1613,0.1623,0.1821,0.1218,0.1139,0.1015,0.1076,0.1165,0.182,0.2452,0.2852,0.215,0.2044,0.1818,0.1897,0.1762,0.1794
S,E7000,KWH5000-14999,KWH,X_TAX,PPS,EU27_2020,,,,,,,,,,,,,,,,,,,,,0.1154,0.1155,0.1144,0.1202,0.1144,0.1138,0.1141,0.1157,0.1184,0.1362,0.1738,0.2171,0.2196,0.2071,0.1977,0.1935,0.1855,0.1848
S,E7000,KWH5000-14999,KWH,X_TAX,PPS,FI,,0.0637,0.0663,0.0701,0.071,0.0707,0.0728,0.0742,0.0773,0.0797,0.0783,0.0781,0.0773,0.0758,0.0737,0.0718,0.07,0.0685,0.0695,0.0701,0.0698,0.0706,0.0708,0.0752,0.0774,0.0798,0.0774,0.0792,0.0796,0.0858,0.0894,0.1145,0.1153,0.1087,0.1303,0.1077,0.1025,0.1012
S,E7000,KWH5000-14999,KWH,X_TAX,PPS,FR,,0.0731,0.0699,0.0699,0.0688,0.0743,0.0743,0.0787,0.0792,0.081,0.0784,0.0847,0.0824,0.087,0.0859,0.0949,0.0927,0.0938,0.0907,0.0931,0.0874,0.0903,0.0898,0.0926,0.093,0.1032,0.1031,0.1072,0.1073,0.1122,0.1333,0.1414,0.1584,0.178,0.1837,0.1845,0.1585,0.1455
S,E7000,KWH5000-14999,KWH,X_TAX,PPS,HR,0.1141,0.1162,0.1101,0.1325,0.1269,0.1289,0.1267,0.1279,0.1301,0.1315,0.1421,0.1632,0.1634,0.1595,0.1507,0.1536,0.1516,0.1518,0.1526,0.1544,0.149,0.1508,0.149,0.1503,0.1494,0.1503,0.15,0.1514,0.1495,0.1497,0.155,0.1703,0.1809,0.175,0.1705,0.1645,0.1851,0.1856
S,E7000,KWH5000-14999,KWH,X_TAX,PPS,HU,,0.1539,0.1945,0.1902,0.1933,0.2013,0.2089,0.2016,0.2058,0.1954,0.1921,0.1941,0.1752,0.1714,0.1606,0.1553,0.1528,0.157,0.1523,0.1531,0.1341,0.1356,0.1317,0.1367,0.1293,0.1315,0.1249,0.1263,0.1211,0.1209,0.1098,0.1595,0.1722,0.1681,0.1548,0.1516,0.1491,0.1456
S,E7000,KWH5000-14999,KWH,X_TAX,PPS,IE,,0.1293,0.1137,0.1334,0.1365,0.1254,0.1286,0.1331,0.1221,0.1442,0.1491,0.159,0.1561,0.1641,0.1595,0.1656,0.154,0.1587,0.1555,0.1536,0.138,0.1433,0.1376,0.1523,0.1468,0.1569,0.1472,0.1601,0.1497,0.1773,0.1948,0.2825,0.3338,0.3473,0.289,0.272,0.2516,0.2626
S,E7000,KWH5000-14999,KWH,X_TAX,PPS,IS,,,,,,,,,,,0.0646,0.066,0.0645,0.0652,0.0656,0.0665,0.0669,0.0678,0.0687,0.0694,0.0679,0.0683,0.0661,0.0662,0.0661,0.0663,0.0627,0.0631,0.0642,0.0637,0.0665,0.0678,0.0727,0.0731,0.0784,0.0844,0.0899,
S,E7000,KWH5000-14999,KWH,X_TAX,PPS,IT,,,,,,,,0.1698,0.1691,0.1703,0.1739,0.1827,0.1811,0.1824,0.1846,0.1771,0.1852,0.1798,0.1548,0.143,0.1259,0.1213,0.1154,0.1272,0.1297,0.1259,0.1219,0.1173,0.1254,0.1616,0.247,0.3032,0.3082,0.2552,0.2343,0.2065,0.2338,0.2195
S,E7000,KWH5000-14999,KWH,X_TAX,PPS,LT,,0.1219,0.1088,0.1106,0.1216,0.1182,0.1542,0.165,0.1613,0.1617,0.1683,0.17,0.1358,0.1386,0.1401,0.1393,0.1357,0.1376,0.1361,0.1315,0.116,0.1154,0.1115,0.112,0.1344,0.1355,0.1559,0.1352,0.1398,0.1545,0.165,0.2385,0.3179,0.2347,0.2153,0.1925,0.196,0.171
S,E7000,KWH5000-14999,KWH,X_TAX,PPS,LU,0.1215,0.1149,0.1128,0.1106,0.1224,0.1228,0.1095,0.1107,0.1132,0.1115,0.1155,0.1158,0.1079,0.1076,0.1091,0.1091,0.101,0.1004,0.102,0.1017,0.0796,0.0794,0.0859,0.0873,0.0871,0.0871,0.0942,0.0942,0.0957,0.0971,0.1128,0.1129,0.208,0.1958,0.207,0.2071,0.1913,0.1913
S,E7000,KWH5000-14999,KWH,X_TAX,PPS,LV,,0.1029,0.1081,0.1334,0.1401,0.1405,0.1459,0.1459,0.1448,0.1764,0.1704,0.1496,0.143,0.134,0.1301,0.1356,0.1569,0.1613,0.1607,0.1579,0.1417,0.1419,0.1371,0.1386,0.1463,0.1477,0.139,0.1413,0.1416,0.1833,0.2229,0.3105,0.3065,0.2784,0.252,0.2535,0.2362,0.228
S,E7000,KWH5000-14999,KWH,X_TAX,PPS,ME,,,,,,,,,0.1491,0.1463,0.1545,0.1594,0.1563,0.1608,0.1571,0.1597,0.1593,0.1666,0.1659,0.1709,0.1562,0.157,0.1567,0.1573,0.1596,0.1649,0.1628,0.1642,0.1632,0.1554,0.1535,0.1616,0.1513,0.152,0.1538,0.1563,0.1614,0.1626
S,E7000,KWH5000-14999,KWH,X_TAX,PPS,MK,,,,,,,,,,,,0.0909,0.0939,0.0986,0.101,0.0999,0.1681,0.1714,0.1662,0.1668,0.1527,0.1517,0.1428,0.1453,0.1431,0.1465,0.1423,0.1536,0.1534,0.168,0.1864,0.2128,0.2035,0.2089,0.1918,0.1867,0.1869,0.1884
S,E7000,KWH5000-14999,KWH,X_TAX,PPS,MT,,0.1746,0.1737,0.2397,0.2318,0.2076,0.2389,0.2379,0.231,0.231,0.2285,0.2279,0.2231,0.2268,0.2009,0.1735,0.1764,0.1757,0.1782,0.1777,0.1771,0.1714,0.165,0.1653,0.166,0.1655,0.1583,0.1611,0.1586,0.1626,0.1623,0.1497,0.1453,0.146,0.1459,0.1484,0.1418,0.1467
S,E7000,KWH5000-14999,KWH,X_TAX,PPS,NL,0.1131,0.1119,0.1109,0.1139,0.1049,0.1005,0.0888,0.0884,0.089,0.0896,0.0917,0.0932,0.0897,0.0918,0.0884,0.088,0.0869,0.0819,0.0789,0.0775,0.0738,0.0738,0.0777,0.0794,0.083,0.083,0.0843,0.0817,0.0808,0.0916,0.1431,0.2417,0.3226,0.1771,0.1888,0.1565,0.1537,0.1665
S,E7000,KWH5000-14999,KWH,X_TAX,PPS,NO,,0.0533,0.058,0.0681,0.0592,0.0554,0.0734,0.0667,0.0757,0.0608,0.0601,0.0522,0.0581,0.058,0.0517,0.0538,0.0518,0.0468,0.0507,0.0544,0.0517,0.0525,0.0588,0.0674,0.0644,0.0598,0.0417,0.0395,0.0622,0.0945,0.1109,0.1618,0.1058,0.0889,0.087,0.0751,0.084,0.0871
S,E7000,KWH5000-14999,KWH,X_TAX,PPS,PL,,0.1301,0.1251,0.1415,0.1506,0.1542,0.1615,0.1745,0.1767,0.1762,0.1933,0.1893,0.1894,0.1887,0.1801,0.1839,0.1837,0.1868,0.1829,0.1845,0.149,0.1485,0.1377,0.1389,0.1351,0.1328,0.1424,0.1489,0.144,0.1359,0.1338,0.1521,0.1557,0.2174,0.1735,0.1947,0.1898,0.1987
S,E7000,KWH5000-14999,KWH,X_TAX,PPS,PT,,0.1461,0.1123,0.1108,0.1361,0.1465,0.1192,0.1147,0.1111,0.1159,0.1252,0.1345,0.1439,0.1493,0.1555,0.1612,0.142,0.1422,0.1528,0.151,0.1272,0.125,0.1155,0.1176,0.1335,0.1356,0.127,0.1261,0.1248,0.1275,0.1854,0.2156,0.342,0.2363,0.2069,0.1941,0.1778,0.1801
S,E7000,KWH5000-14999,KWH,X_TAX,PPS,RO,,0.1722,0.1562,0.1665,0.1573,0.1584,0.1671,0.1695,0.1658,0.1671,0.164,0.1595,0.1744,0.1769,0.172,0.1732,0.1778,0.186,0.1801,0.18,0.1651,0.1807,0.1828,0.1773,0.1852,0.1958,0.1973,0.1962,0.2096,0.2159,0.3136,0.4695,0.3036,0.3045,0.2642,0.26,0.2678,0.3514
S,E7000,KWH5000-14999,KWH,X_TAX,PPS,RS,,,,,,,,,,,,,0.0954,0.1049,0.102,0.1024,0.1017,0.1117,0.1098,0.1138,0.1049,0.1065,0.1046,0.1061,0.1029,0.1058,0.1052,0.1058,0.1078,0.1078,0.1066,0.1135,0.1196,0.1328,0.131,0.1341,0.1311,0.1419
S,E7000,KWH5000-14999,KWH,X_TAX,PPS,SE,0.0701,0.0762,0.0762,0.0837,0.0776,0.0776,0.0832,0.0849,0.0869,0.0866,0.0806,0.0812,0.0797,0.0818,0.075,0.0768,0.0728,0.0735,0.07,0.0809,0.07,0.0758,0.0732,0.0865,0.0818,0.086,0.0717,0.0765,0.0773,0.1086,0.1122,0.1738,0.1167,0.1006,0.1048,0.1002,0.1053,0.11
S,E7000,KWH5000-14999,KWH,X_TAX,PPS,SI,,0.1029,0.1046,0.1071,0.1182,0.1147,0.1183,0.1183,0.1226,0.1274,0.1359,0.1359,0.135,0.1348,0.1329,0.1331,0.1286,0.1292,0.1293,0.1306,0.1219,0.1218,0.1199,0.1227,0.1219,0.1254,0.1179,0.128,0.1237,0.1258,0.109,0.1641,0.1731,0.1756,0.1801,0.1686,0.1533,0.1741
S,E7000,KWH5000-14999,KWH,X_TAX,PPS,SK,,0.1361,0.1511,0.1554,0.1835,0.1926,0.1709,0.1833,0.1778,0.1825,0.1814,0.1828,0.1791,0.1807,0.1624,0.1648,0.1594,0.1616,0.155,0.1665,0.0867,0.0894,0.0979,0.0902,0.0994,0.1019,0.1129,0.1171,0.1101,0.1066,0.1328,0.1426,0.1376,0.1335,0.1333,0.133,0.137,0.1367
S,E7000,KWH5000-14999,KWH,X_TAX,PPS,TR,,0.1159,0.1295,0.1638,0.1614,0.1678,0.175,0.1749,0.1636,0.1717,0.1765,0.1944,0.1914,0.1914,0.1785,0.1875,0.1945,0.1971,0.2001,0.1995,0.1652,0.1648,0.1489,0.1831,0.154,0.189,0.1751,0.1783,0.194,0.1744,0.3351,0.2496,0.267,0.2344,0.1563,0.2067,0.1862,0.2418
S,E7000,KWH5000-14999,KWH,X_TAX,PPS,UK,,0.1114,0.12,0.1308,0.1284,0.1213,0.1133,0.1164,0.113,0.126,0.1276,0.1344,0.1375,0.1444,0.1441,0.1461,0.1259,0.1301,0.1225,0.1284,0.1048,0.1091,0.1062,0.1127,0.1117,0.1199,0.119,,,,,,,,,,,
S,E7000,KWH5000-14999,KWH,X_VAT,EUR,AL,,,,,,,,,0.096,0.0964,0.0969,0.0973,0.0963,0.0962,0.0963,0.0967,0.0676,0.0683,0.0687,0.0695,0.0703,0.0713,,0.0759,0.0767,0.0778,0.0768,0.0767,0.0771,0.0781,0.0784,0.0813,0.0842,0.0907,0.0929,0.0958,0.0963,0.0979
S,E7000,KWH5000-14999,KWH,X_VAT,EUR,AT,,0.1358,0.1365,0.1381,0.1449,0.1461,0.1478,0.1462,0.1504,0.1484,0.1487,0.1527,0.1573,0.1542,0.154,0.1513,0.1483,0.1461,0.1493,0.1472,0.1425,0.145,0.1434,0.1474,0.1487,0.1527,0.1548,0.1596,0.162,0.1667,0.1665,0.1857,0.2174,0.234,0.232,0.214,0.237,0.2531
S,E7000,KWH5000-14999,KWH,X_VAT,EUR,BA,,,,,,,,,,,0.0627,0.0633,0.0628,0.0635,0.0634,0.0636,0.0641,0.0648,0.0653,0.0663,0.0679,0.0682,0.0684,0.0692,0.0687,0.0696,0.0696,0.0717,0.0699,0.0689,0.0711,0.0716,0.0738,0.0715,0.0708,0.0739,0.0773,0.0794
S,E7000,KWH5000-14999,KWH,X_VAT,EUR,BE,,0.1308,0.1461,0.1608,0.1407,0.1359,0.1431,0.1459,0.1594,0.1552,0.1599,0.1615,0.1626,0.1645,0.1671,0.169,0.1818,0.1842,0.193,0.2097,0.2139,0.2184,0.2139,0.2228,0.215,0.2177,0.2128,0.2065,0.2091,0.2372,0.2978,0.4186,0.3932,0.3301,0.2908,0.2884,0.3102,0.3089
S,E7000,KWH5000-14999,KWH,X_VAT,EUR,BG,,0.0593,0.0588,0.068,0.068,0.0685,0.0675,0.0694,0.0686,0.0722,0.0688,0.0805,0.0772,0.0744,0.0695,0.0733,0.078,0.0801,0.0789,0.078,0.0789,0.0824,0.0811,0.0843,0.0826,0.0783,0.0802,0.0795,0.0824,0.0905,0.0902,0.096,0.0943,0.0998,0.0985,0.1011,0.1074,0.1128
S,E7000,KWH5000-14999,KWH,X_VAT,EUR,CY,,0.1374,0.1555,0.1831,0.1401,0.1442,0.1572,0.175,0.1736,0.2082,0.2347,0.2487,0.2307,0.2106,0.189,0.1987,0.1609,0.1555,0.1246,0.1367,0.1533,0.1546,0.1526,0.1796,0.1819,0.1842,0.1764,0.138,0.1613,0.1886,0.2307,0.2812,0.309,0.2842,0.2665,0.2668,0.2461,0.2455
S,E7000,KWH5000-14999,KWH,X_VAT,EUR,CZ,0.0678,0.0698,0.0869,0.0886,0.091,0.0959,0.0917,0.0949,0.1031,0.1011,0.1053,0.1055,0.1066,0.1044,0.0911,0.0905,0.0905,0.092,0.0936,0.0936,0.0945,0.0978,0.1004,0.1024,0.1125,0.1154,0.1169,0.114,0.1149,0.147,0.1637,0.155,0.2176,0.2187,0.2347,0.2299,0.2142,0.2167
S,E7000,KWH5000-14999,KWH,X_VAT,EUR,DE,0.1586,0.1669,0.167,0.1713,0.1786,0.1797,0.1883,0.1926,0.2015,0.2036,0.2072,0.2136,0.2339,0.2333,0.2377,0.2376,0.2354,0.235,0.2363,0.237,0.2417,0.2415,0.2349,0.2357,0.2417,0.2222,0.2414,0.2414,0.2458,0.2472,0.2517,0.2557,0.3236,0.3166,0.3037,0.3038,0.2888,0.2922
S,E7000,KWH5000-14999,KWH,X_VAT,EUR,DK,,0.17,0.1875,0.1995,0.1922,0.1807,0.1847,0.1877,0.2032,0.2086,0.2098,0.2083,0.1815,0.1777,0.1841,0.1836,0.1844,0.1816,0.1945,0.1938,0.1917,0.1874,0.194,0.2046,0.1913,0.1864,0.1787,0.1583,0.1489,0.1922,0.2732,0.3918,0.2918,0.2129,0.2193,0.2237,0.2084,0.195
S,E7000,KWH5000-14999,KWH,X_VAT,EUR,EA,0.1591,0.1251,0.1341,0.1407,0.1452,0.1474,0.1478,0.1513,0.1574,0.1627,0.1633,0.1711,0.1746,0.1785,0.1789,0.1833,0.1825,0.1833,0.1769,0.1773,0.1757,0.175,0.1738,0.179,0.1802,0.1792,0.1785,0.1793,0.181,0.2,0.2135,0.2385,0.2544,0.2502,0.2446,0.243,0.2372,0.2348
S,E7000,KWH5000-14999,KWH,X_VAT,EUR,EE,,0.0639,0.0658,0.0701,0.0752,0.0747,0.0783,0.0815,0.0781,0.0851,0.088,0.0913,0.109,0.1105,0.1024,0.1073,0.1023,0.1033,0.1009,0.1054,0.0993,0.1026,0.1052,0.113,0.1077,0.1104,0.0966,0.1049,0.1092,0.1661,0.1667,0.1892,0.169,0.1754,0.1694,0.1723,0.1709,0.1654
S,E7000,KWH5000-14999,KWH,X_VAT,EUR,EL,,0.11,0.1142,0.1233,0.1253,0.1102,0.1251,0.1263,0.1229,0.1225,0.1373,0.142,0.1527,0.1612,0.1693,0.1674,0.1677,0.1664,0.1592,0.1627,0.1642,0.154,0.1598,0.1523,0.1572,0.1522,0.1662,0.1582,0.167,0.2042,0.2445,0.2461,0.2319,0.2247,0.2141,0.2215,0.2194,0.2245
S,E7000,KWH5000-14999,KWH,X_VAT,EUR,ES,,0.1113,0.1074,0.1281,0.1265,0.1331,0.1337,0.1433,0.1499,0.1643,0.1635,0.1726,0.1609,0.172,0.1549,0.1744,0.1645,0.1726,0.1592,0.1649,0.1595,0.1557,0.159,0.1784,0.169,0.1647,0.1497,0.1523,0.1545,0.223,0.25,0.2891,0.2138,0.2039,0.1926,0.1992,0.1917,0.1959
S,E7000,KWH5000-14999,KWH,X_VAT,EUR,EU27_2020,0.1422,0.1201,0.129,0.1353,0.1372,0.1397,0.1411,0.1448,0.1507,0.1543,0.155,0.1622,0.1646,0.1674,0.1662,0.1697,0.1687,0.1695,0.164,0.1648,0.1627,0.1629,0.1617,0.167,0.1675,0.1672,0.1656,0.1666,0.168,0.1888,0.1987,0.2251,0.2366,0.2331,0.2305,0.2284,0.2232,0.223
S,E7000,KWH5000-14999,KWH,X_VAT,EUR,FI,,0.0813,0.0867,0.0911,0.0941,0.0937,0.0958,0.0974,0.1101,0.113,0.1116,0.1112,0.1124,0.1105,0.1106,0.1083,0.1095,0.1076,0.1074,0.1074,0.1093,0.1103,0.1114,0.1169,0.1198,0.1228,0.1204,0.1226,0.1233,0.1292,0.134,0.1656,0.1655,0.1573,0.179,0.1519,0.1457,0.144
S,E7000,KWH5000-14999,KWH,X_VAT,EUR,FR,,0.0918,0.0901,0.09,0.0899,0.097,0.0979,0.1034,0.1075,0.1109,0.1083,0.117,0.1182,0.124,0.1229,0.1325,0.1309,0.1323,0.1327,0.1347,0.1316,0.1351,0.1352,0.1378,0.1358,0.1474,0.1472,0.1521,0.1518,0.1572,0.1635,0.1672,0.1771,0.1983,0.2198,0.2267,0.2069,0.1924
S,E7000,KWH5000-14999,KWH,X_VAT,EUR,GE,,,,,,,,,,,,,,,,,,,,,,,0.0643,0.0703,0.0631,0.059,0.0626,0.0531,0.0583,0.0596,,0.0786,0.0787,0.082,0.0673,0.0662,0.0714,0.0686
S,E7000,KWH5000-14999,KWH,X_VAT,EUR,HR,0.0734,0.0765,0.0756,0.0919,0.0894,0.0918,0.0899,0.0904,0.0887,0.0886,0.0916,0.1057,0.1045,0.1031,0.1002,0.1018,0.1007,0.1007,0.1004,0.1021,0.1015,0.1056,0.1118,0.1128,0.1123,0.1129,0.1107,0.1115,0.1101,0.1118,0.1147,0.1249,0.1343,0.1319,0.1314,0.1305,0.1452,0.1456
S,E7000,KWH5000-14999,KWH,X_VAT,EUR,HU,,0.111,0.1284,0.1275,0.1124,0.1251,0.1275,0.1199,0.1273,0.1168,0.1144,0.1205,0.1063,0.1018,0.0915,0.0875,0.0868,0.0879,0.0855,0.0864,0.0859,0.087,0.0861,0.0868,0.086,0.085,0.0805,0.0788,0.079,0.0786,0.074,0.099,0.1144,0.111,0.1081,0.1012,0.1033,0.1044
S,E7000,KWH5000-14999,KWH,X_VAT,EUR,IE,,0.1527,0.1385,0.1625,0.1619,0.1487,0.142,0.1483,0.1392,0.1633,0.1659,0.1776,0.1755,0.1857,0.1831,0.1923,0.1797,0.1862,0.1754,0.1755,0.1691,0.1772,0.1726,0.1899,0.1817,0.1946,0.1833,0.2019,0.1877,0.2233,0.2069,0.2903,0.2743,0.3446,0.2541,0.2701,0.274,0.3154
S,E7000,KWH5000-14999,KWH,X_VAT,EUR,IS,,,,,,,,,,,0.072,0.0758,0.0733,0.0746,0.0791,0.0808,0.085,0.0898,0.0936,0.1054,0.1149,0.1092,0.1116,0.105,0.1032,0.1031,0.0967,0.0898,0.0971,0.099,0.1091,0.1098,0.1084,0.1135,0.1203,0.1282,0.1442,
S,E7000,KWH5000-14999,KWH,X_VAT,EUR,IT,,,0.21,0.2187,0.2373,0.2379,0.227,0.2203,0.221,0.2314,0.2395,0.2571,0.2588,0.2642,0.2732,0.2667,0.2777,0.2757,0.2496,0.2355,0.2013,0.1929,0.1881,0.1958,0.208,0.2112,0.1922,0.1843,0.1905,0.2033,0.2645,0.3178,0.3252,0.2983,0.2827,0.2603,0.2805,0.2649
S,E7000,KWH5000-14999,KWH,X_VAT,EUR,LI,,,,,,,,,,,,,,,0.1404,0.142,0.1689,0.1655,0.1577,0.1594,0.1518,0.1426,0.1638,0.168,0.1698,0.1753,0.1807,0.1779,0.177,0.1815,0.1894,0.2002,0.3875,0.3152,0.2817,0.27,0.2584,0.2613
S,E7000,KWH5000-14999,KWH,X_VAT,EUR,LT,,0.0701,0.0685,0.0697,0.0754,0.0733,0.0912,0.0976,0.0974,0.0976,0.1015,0.1025,0.1104,0.1122,0.1066,0.1061,0.1001,0.0994,0.098,0.0933,0.0887,0.0883,0.087,0.0873,0.0992,0.0999,0.113,0.104,0.1063,0.1172,0.1179,0.1647,0.2322,0.1685,0.1663,0.1504,0.15,0.1336
S,E7000,KWH5000-14999,KWH,X_VAT,EUR,LU,0.1464,0.1394,0.1394,0.1386,0.1603,0.1603,0.152,0.1538,0.1474,0.1454,0.1496,0.15,0.1432,0.1427,0.151,0.151,0.1509,0.1509,0.1446,0.1446,0.1311,0.1309,0.1337,0.1355,0.1438,0.1438,0.1593,0.1591,0.1611,0.1612,0.1634,0.1657,0.1564,0.1595,0.1593,0.1588,0.2159,0.2159
S,E7000,KWH5000-14999,KWH,X_VAT,EUR,LV,,0.0686,0.0782,0.0954,0.0954,0.0959,0.0954,0.0953,0.0967,0.1181,0.1171,0.1208,0.1168,0.1196,0.116,0.1198,0.1344,0.1356,0.1338,0.1315,0.1268,0.1269,0.12,0.1196,0.1274,0.1287,0.1218,0.1235,0.1181,0.153,0.1408,0.2399,0.2449,0.2091,0.2044,0.1922,0.1826,0.1762
S,E7000,KWH5000-14999,KWH,X_VAT,EUR,MD,,,,,,,,,,,,,,,,,0.0816,0.0867,0.0949,0.0904,0.0964,0.0991,0.1008,0.0944,0.0926,0.1003,0.1046,0.0952,0.0822,0.0849,0.0999,0.1862,0.1779,0.1424,0.1333,0.1331,0.2096,0.1946
S,E7000,KWH5000-14999,KWH,X_VAT,EUR,ME,,,,,,,,,0.0732,0.0718,0.0765,0.0775,0.0765,0.078,0.0773,0.0781,0.0772,0.0778,0.0754,0.0767,0.0791,0.0806,0.0811,0.0814,0.0837,0.0846,0.0832,0.084,0.0831,0.0837,0.0825,0.085,0.0845,0.0823,0.0841,0.0867,0.0857,0.0868
S,E7000,KWH5000-14999,KWH,X_VAT,EUR,MK,,,,,,,,,,,,0.0671,0.0673,0.0682,0.0658,0.0707,0.0687,0.07,0.0685,0.0696,0.0685,0.0681,0.0651,0.0663,0.0652,0.0667,0.0654,0.0705,0.0705,0.0798,0.0885,0.0991,0.0973,0.0992,0.0929,0.0947,0.0947,0.0954
S,E7000,KWH5000-14999,KWH,X_VAT,EUR,MT,,0.1221,0.1246,0.1719,0.1686,0.151,0.1745,0.1738,0.1747,0.1747,0.1752,0.1747,0.174,0.1769,0.161,0.1391,0.1415,0.1409,0.1429,0.1426,0.1488,0.144,0.1436,0.1439,0.144,0.1436,0.1403,0.1428,0.1406,0.1451,0.1432,0.1341,0.1318,0.1324,0.134,0.1362,0.1305,0.1349
S,E7000,KWH5000-14999,KWH,X_VAT,EUR,NL,0.1626,0.1613,0.1613,0.1652,0.1815,0.1757,0.1652,0.1652,0.1647,0.1651,0.1683,0.1678,0.1684,0.1689,0.1668,0.1646,0.1723,0.1649,0.1453,0.1429,0.146,0.145,0.158,0.16,0.177,0.176,0.1556,0.1505,0.1467,0.1592,0.1191,0.23,0.39,0.2507,0.2414,0.2042,0.2074,0.2206
S,E7000,KWH5000-14999,KWH,X_VAT,EUR,NO,,0.086,0.095,0.1022,0.0914,0.0898,0.122,0.1122,0.1296,0.1077,0.1081,0.0984,0.1097,0.1018,0.0932,0.0945,0.0907,0.079,0.0862,0.0945,0.0972,0.0954,0.1048,0.1174,0.1131,0.1037,0.0744,0.0714,0.1095,0.152,0.1239,0.1405,0.1165,0.1055,0.113,0.1002,0.1068,0.1044
S,E7000,KWH5000-14999,KWH,X_VAT,EUR,PL,,0.0855,0.0913,0.1007,0.0879,0.0961,0.1012,0.1094,0.1134,0.1042,0.1145,0.1156,0.1142,0.1127,0.1092,0.1109,0.1123,0.1111,0.1036,0.1046,0.1078,0.1094,0.1056,0.1054,0.1016,0.1052,0.1126,0.1157,0.1155,0.1174,0.1259,0.1398,0.1492,0.2102,0.1992,0.2034,0.1976,0.2049
S,E7000,KWH5000-14999,KWH,X_VAT,EUR,PT,,0.1424,0.1265,0.1301,0.1302,0.1366,0.1365,0.1427,0.1415,0.1486,0.1492,0.1548,0.1566,0.162,0.1675,0.1735,0.1762,0.1767,0.1822,0.1809,0.1782,0.1752,0.1743,0.1775,0.166,0.1682,0.1641,0.1644,0.164,0.1694,0.1725,0.1751,0.1654,0.1848,0.1916,0.2078,0.1897,0.193
S,E7000,KWH5000-14999,KWH,X_VAT,EUR,RO,,0.0961,0.087,0.0921,0.0783,0.0786,0.084,0.0827,0.0836,0.082,0.0793,0.0868,0.1051,0.1012,0.1013,0.0995,0.1036,0.1052,0.1012,0.101,0.099,0.106,0.1096,0.1082,0.1142,0.1207,0.1227,0.121,0.1269,0.1323,0.1954,0.2816,0.1857,0.1856,0.1681,0.1652,0.1751,0.2231
S,E7000,KWH5000-14999,KWH,X_VAT,EUR,RS,,,,,,,,,,,,,0.0472,0.0509,0.0509,0.0497,0.0486,0.0538,0.053,0.0545,0.0551,0.0578,0.0582,0.059,0.0582,0.0603,0.061,0.0614,0.0657,0.0672,0.0664,0.0731,0.0811,0.0903,0.0932,0.0953,0.0939,0.1009
S,E7000,KWH5000-14999,KWH,X_VAT,EUR,SE,0.111,0.1175,0.1188,0.1208,0.1096,0.1136,0.1277,0.1366,0.1443,0.141,0.1362,0.1426,0.1411,0.1404,0.1302,0.1286,0.1239,0.1238,0.1242,0.1292,0.1247,0.1315,0.1268,0.141,0.1357,0.1392,0.1221,0.1324,0.1356,0.1667,0.1332,0.1667,0.1733,0.1507,0.1627,0.1548,0.1672,0.1739
S,E7000,KWH5000-14999,KWH,X_VAT,EUR,SI,,0.0851,0.0888,0.091,0.1055,0.1026,0.1064,0.1085,0.111,0.1134,0.117,0.1171,0.1199,0.1208,0.1185,0.1191,0.1145,0.1169,0.1152,0.1163,0.1146,0.1147,0.1137,0.1167,0.1152,0.1191,0.1076,0.121,0.1166,0.1204,0.0996,0.1489,0.1558,0.1568,0.1583,0.1477,0.1362,0.1605
S,E7000,KWH5000-14999,KWH,X_VAT,EUR,SK,,0.0922,0.1002,0.1095,0.1247,0.1309,0.1142,0.1225,0.1252,0.1284,0.1269,0.1279,0.1248,0.126,0.1114,0.113,0.1094,0.1101,0.1046,0.1114,0.1016,0.1036,0.1115,0.1062,0.1135,0.1154,0.124,0.1274,0.1219,0.1196,0.133,0.1402,0.1395,0.1448,0.1335,0.1319,0.1415,0.1412
S,E7000,KWH5000-14999,KWH,X_VAT,EUR,TR,,0.0764,0.0846,0.1036,0.097,0.0999,0.1137,0.1164,0.1029,0.0967,0.1112,0.125,0.1264,0.1112,0.101,0.1116,0.1149,0.1032,0.1073,0.102,0.0889,0.0812,0.0762,0.0723,0.0718,0.0881,0.0844,0.0691,0.0702,0.0665,0.089,0.1012,0.0923,0.0596,0.0522,0.0648,0.084,0.0927
S,E7000,KWH5000-14999,KWH,X_VAT,EUR,UA,,,,,,,,,,,,,,,,,,,0.0207,0.0267,0.0328,0.0318,0.0333,0.0337,0.0376,0.0406,0.038,0.033,0.0389,,,,,,,,,
S,E7000,KWH5000-14999,KWH,X_VAT,EUR,UK,,0.1277,0.129,0.1334,0.1253,0.1191,0.1179,0.1246,0.1207,0.1346,0.1419,0.1537,0.1495,0.1576,0.1645,0.1731,0.1823,0.1919,0.1712,0.1626,0.1511,0.1602,0.1627,0.1758,0.1827,0.1924,0.1926,,,,,,,,,,,
S,E7000,KWH5000-14999,KWH,X_VAT,EUR,XK,,,,,,,,,,,,,0.0554,0.0542,0.0543,0.0508,0.062,0.0551,0.0627,0.0562,0.0666,0.0563,0.0544,0.0552,0.0523,0.0526,0.0524,0.0526,0.0522,0.0523,0.0598,0.0685,0.0715,0.0799,0.0786,0.0772,0.0794,0.0912
S,E7000,KWH5000-14999,KWH,X_VAT,NAC,AL,,,,,,,,,13.5,13.5,13.5,13.5,13.5,13.5,13.5,13.5,9.5,9.5,9.5,9.5,9.5,9.5,,9.5,9.5,9.5,9.5,9.5,9.5,9.5,9.5,9.5,9.5,9.5,9.5,9.5,9.5,9.5
S,E7000,KWH5000-14999,KWH,X_VAT,NAC,AT,,0.1358,0.1365,0.1381,0.1449,0.1461,0.1478,0.1462,0.1504,0.1484,0.1487,0.1527,0.1573,0.1542,0.154,0.1513,0.1483,0.1461,0.1493,0.1472,0.1425,0.145,0.1434,0.1474,0.1487,0.1527,0.1548,0.1596,0.162,0.1667,0.1665,0.1857,0.2174,0.234,0.232,0.214,0.237,0.2531
S,E7000,KWH5000-14999,KWH,X_VAT,NAC,BA,,,,,,,,,,,0.1228,0.1241,0.1231,0.1245,0.1243,0.1247,0.1254,0.1268,0.1278,0.1297,0.1328,0.1333,0.1338,0.1354,0.1344,0.1362,0.1362,0.1403,0.1368,0.1348,0.139,0.1401,0.1443,0.1398,0.1385,0.1444,0.1511,0.1552
S,E7000,KWH5000-14999,KWH,X_VAT,NAC,BE,,0.1308,0.1461,0.1608,0.1407,0.1359,0.1431,0.1459,0.1594,0.1552,0.1599,0.1615,0.1626,0.1645,0.1671,0.169,0.1818,0.1842,0.193,0.2097,0.2139,0.2184,0.2139,0.2228,0.215,0.2177,0.2128,0.2065,0.2091,0.2372,0.2978,0.4186,0.3932,0.3301,0.2908,0.2884,0.3102,0.3089
S,E7000,KWH5000-14999,KWH,X_VAT,NAC,BG,,0.116,0.115,0.133,0.133,0.134,0.132,0.1358,0.1342,0.1413,0.1346,0.1575,0.151,0.1455,0.1359,0.1433,0.1525,0.1567,0.1543,0.1525,0.1544,0.1611,0.1586,0.1648,0.1615,0.1531,0.1569,0.1555,0.1612,0.177,0.1764,0.1877,0.1845,0.1951,0.1927,0.1977,0.21,0.2207
S,E7000,KWH5000-14999,KWH,X_VAT,NAC,CY,,0.0803,0.1555,0.1831,0.1401,0.1442,0.1572,0.175,0.1736,0.2082,0.2347,0.2487,0.2307,0.2106,0.189,0.1987,0.1609,0.1555,0.1246,0.1367,0.1533,0.1546,0.1526,0.1796,0.1819,0.1842,0.1764,0.138,0.1613,0.1886,0.2307,0.2812,0.309,0.2842,0.2665,0.2668,0.2461,0.2455
S,E7000,KWH5000-14999,KWH,X_VAT,NAC,CZ,1.91,1.91,2.19,2.19,2.47,2.47,2.36,2.36,2.51,2.51,2.65,2.65,2.74,2.74,2.5,2.5,2.49,2.49,2.53,2.53,2.53,2.53,2.56,2.64,2.89,2.96,3.08,3.03,2.97,3.74,4.0356,3.7944,5.1542,5.3184,5.8701,5.7996,5.3542,5.285
S,E7000,KWH5000-14999,KWH,X_VAT,NAC,DE,0.1586,0.1669,0.167,0.1713,0.1786,0.1797,0.1883,0.1926,0.2015,0.2036,0.2072,0.2136,0.2339,0.2333,0.2377,0.2376,0.2354,0.235,0.2363,0.237,0.2417,0.2415,0.2349,0.2357,0.2417,0.2222,0.2414,0.2414,0.2458,0.2472,0.2517,0.2557,0.3236,0.3166,0.3037,0.3038,0.2888,0.2922
S,E7000,KWH5000-14999,KWH,X_VAT,NAC,DK,,1.2662,1.398,1.4874,1.4319,1.3452,1.3742,1.3986,1.5154,1.5529,1.56,1.5521,1.3536,1.3255,1.3737,1.3676,1.375,1.355,1.4493,1.4422,1.4257,1.394,1.4452,1.5264,1.428,1.3919,1.334,1.1784,1.1076,1.4296,2.0328,2.9145,2.1725,1.5873,1.6354,1.6686,1.5551,1.4559
S,E7000,KWH5000-14999,KWH,X_VAT,NAC,EA,,0.1343,0.1352,0.1417,0.146,0.1482,0.1484,0.152,0.1584,0.1637,0.1637,0.1716,0.1749,0.1788,0.1796,0.184,0.1828,0.1836,0.1792,0.1796,,,,,,,,,,,,,,,,,,
S,E7000,KWH5000-14999,KWH,X_VAT,NAC,EE,,1.0,1.03,1.097,1.176,1.169,1.225,1.275,0.0781,0.0851,0.088,0.0913,0.109,0.1105,0.1024,0.1073,0.1023,0.1033,0.1009,0.1054,0.0993,0.1026,0.1052,0.113,0.1077,0.1104,0.0966,0.1049,0.1092,0.1661,0.1667,0.1892,0.169,0.1754,0.1694,0.1723,0.1709,0.1654
S,E7000,KWH5000-14999,KWH,X_VAT,NAC,EL,,0.11,0.1142,0.1233,0.1253,0.1102,0.1251,0.1263,0.1229,0.1225,0.1373,0.142,0.1527,0.1612,0.1693,0.1674,0.1677,0.1664,0.1592,0.1627,0.1642,0.154,0.1598,0.1523,0.1572,0.1522,0.1662,0.1582,0.167,0.2042,0.2445,0.2461,0.2319,0.2247,0.2141,0.2215,0.2194,0.2245
S,E7000,KWH5000-14999,KWH,X_VAT,NAC,ES,,0.1113,0.1074,0.1281,0.1265,0.1331,0.1337,0.1433,0.1499,0.1643,0.1635,0.1726,0.1609,0.172,0.1549,0.1744,0.1645,0.1726,0.1592,0.1649,0.1595,0.1557,0.159,0.1784,0.169,0.1647,0.1497,0.1523,0.1545,0.223,0.25,0.2891,0.2138,0.2039,0.1926,0.1992,0.1917,0.1959
S,E7000,KWH5000-14999,KWH,X_VAT,NAC,FI,,0.0813,0.0867,0.0911,0.0941,0.0937,0.0958,0.0974,0.1101,0.113,0.1116,0.1112,0.1124,0.1105,0.1106,0.1083,0.1095,0.1076,0.1074,0.1074,0.1093,0.1103,0.1114,0.1169,0.1198,0.1228,0.1204,0.1226,0.1233,0.1292,0.134,0.1656,0.1655,0.1573,0.179,0.1519,0.1457,0.144
S,E7000,KWH5000-14999,KWH,X_VAT,NAC,FR,,0.0918,0.0901,0.09,0.0899,0.097,0.0979,0.1034,0.1075,0.1109,0.1083,0.117,0.1182,0.124,0.1229,0.1325,0.1309,0.1323,0.1327,0.1347,0.1316,0.1351,0.1352,0.1378,0.1358,0.1474,0.1472,0.1521,0.1518,0.1572,0.1635,0.1672,0.1771,0.1983,0.2198,0.2267,0.2069,0.1924
S,E7000,KWH5000-14999,KWH,X_VAT,NAC,GE,,,,,,,,,,,,,,,,,,,,,,,0.192,0.2106,0.1928,0.1921,0.2092,0.1996,0.2332,0.2163,,0.2215,0.2209,0.2359,0.1968,0.196,0.2165,0.2165
S,E7000,KWH5000-14999,KWH,X_VAT,NAC,HR,0.54,0.56,0.55,0.66,0.66,0.67,0.653,0.661,0.656,0.663,0.6907,0.7925,0.791,0.7826,0.7641,0.778,0.7684,0.7655,0.7589,0.7668,0.7562,0.7898,0.8296,0.837,0.8329,0.8372,0.834,0.8408,0.8314,0.8394,0.8651,0.941,0.1343,0.1319,0.1314,0.1305,0.1452,0.1456
S,E7000,KWH5000-14999,KWH,X_VAT,NAC,HU,,28.02,32.57,31.84,32.58,33.92,34.65,33.46,34.3042,33.7783,33.7966,34.127,31.4517,30.312,28.0738,27.1457,26.6994,27.4668,26.7481,26.802,26.5697,26.8711,27.0524,28.0852,27.5726,28.0485,27.8075,28.131,28.2737,28.2131,27.7687,40.3227,43.5343,42.5113,42.1194,40.565,41.7904,40.8175
S,E7000,KWH5000-14999,KWH,X_VAT,NAC,IE,,0.1527,0.1385,0.1625,0.1619,0.1487,0.142,0.1483,0.1392,0.1633,0.1659,0.1776,0.1755,0.1857,0.1831,0.1923,0.1797,0.1862,0.1754,0.1755,0.1691,0.1772,0.1726,0.1899,0.1817,0.1946,0.1833,0.2019,0.1877,0.2233,0.2069,0.2903,0.2743,0.3446,0.2541,0.2701,0.274,0.3154
S,E7000,KWH5000-14999,KWH,X_VAT,NAC,IS,,,,,,,,,,,11.746,12.0142,11.94,12.07,12.31,12.46,12.66,12.9067,13.1562,13.3742,13.4456,13.516,13.7852,13.8119,14.1327,14.181,14.3555,14.4242,14.7302,14.7244,15.4285,15.7231,16.377,16.7139,17.9829,19.12,20.93,
S,E7000,KWH5000-14999,KWH,X_VAT,NAC,IT,,,0.21,0.2187,0.2373,0.2379,0.227,0.2203,0.221,0.2314,0.2395,0.2571,0.2588,0.2642,0.2732,0.2667,0.2777,0.2757,0.2496,0.2355,0.2013,0.1929,0.1881,0.1958,0.208,0.2112,0.1922,0.1843,0.1905,0.2033,0.2645,0.3178,0.3252,0.2983,0.2827,0.2603,0.2805,0.2649
S,E7000,KWH5000-14999,KWH,X_VAT,NAC,LI,,,,,,,,,,,,,,,0.1715,0.1715,0.1785,0.1785,0.1728,0.1728,0.1635,0.1635,0.1916,0.1916,0.1918,0.1922,0.1923,0.1929,0.1937,0.1939,0.1954,0.1958,0.3818,0.302,0.2708,0.2548,0.2432,0.2437
S,E7000,KWH5000-14999,KWH,X_VAT,NAC,LT,,0.2421,0.2365,0.2406,0.2602,0.253,0.3148,0.3369,0.3362,0.3371,0.3504,0.3538,0.3813,0.3873,0.368,0.3663,0.1001,0.0994,0.098,0.0933,0.0887,0.0883,0.087,0.0873,0.0992,0.0999,0.113,0.104,0.1063,0.1172,0.1179,0.1647,0.2322,0.1685,0.1663,0.1504,0.15,0.1336
S,E7000,KWH5000-14999,KWH,X_VAT,NAC,LU,0.1464,0.1394,0.1394,0.1386,0.1603,0.1603,0.152,0.1538,0.1474,0.1454,0.1496,0.15,0.1432,0.1427,0.151,0.151,0.1509,0.1509,0.1446,0.1446,0.1311,0.1309,0.1337,0.1355,0.1438,0.1438,0.1593,0.1591,0.1611,0.1612,0.1634,0.1657,0.1564,0.1595,0.1593,0.1588,0.2159,0.2159
S,E7000,KWH5000-14999,KWH,X_VAT,NAC,LV,,0.048,0.0546,0.0674,0.0674,0.0676,0.0676,0.0676,0.0684,0.0833,0.0818,0.0841,0.0818,0.084,0.116,0.1198,0.1344,0.1356,0.1338,0.1315,0.1268,0.1269,0.12,0.1196,0.1274,0.1287,0.1218,0.1235,0.1181,0.153,0.1408,0.2399,0.2449,0.2091,0.2044,0.1922,0.1826,0.1762
S,E7000,KWH5000-14999,KWH,X_VAT,NAC,MD,,,,,,,,,,,,,,,,,1.6468,1.8721,2.11,1.9771,2.0157,2.0552,2.0391,1.8375,1.8359,1.9603,2.0352,1.9062,1.7512,1.746,2.017,3.6508,3.5373,2.7639,2.56,2.5683,4.0871,3.8299
S,E7000,KWH5000-14999,KWH,X_VAT,NAC,ME,,,,,,,,,0.0732,0.0718,0.0765,0.0775,0.0765,0.078,0.0773,0.0781,0.0772,0.0778,0.0754,0.0767,0.0791,0.0806,0.0811,0.0814,0.0837,0.0846,0.0832,0.084,0.0831,0.0837,0.0825,0.085,0.0845,0.0823,0.0841,0.0867,0.0857,0.0868
S,E7000,KWH5000-14999,KWH,X_VAT,NAC,MK,,,,,,,,,,,,4.126,4.1495,4.1971,4.0568,4.3525,4.2322,4.3141,4.2253,4.2822,4.2187,4.19,4.0082,4.0782,4.0093,4.104,4.0317,4.3505,4.3461,4.9188,5.4575,6.1033,5.9931,6.1034,5.719,5.8235,5.8304,5.877
S,E7000,KWH5000-14999,KWH,X_VAT,NAC,MT,,0.0524,0.1246,0.1719,0.1686,0.151,0.1745,0.1738,0.1747,0.1747,0.1752,0.1747,0.174,0.1769,0.161,0.1391,0.1415,0.1409,0.1429,0.1426,0.1488,0.144,0.1436,0.1439,0.144,0.1436,0.1403,0.1428,0.1406,0.1451,0.1432,0.1341,0.1318,0.1324,0.134,0.1362,0.1305,0.1349
S,E7000,KWH5000-14999,KWH,X_VAT,NAC,NL,0.1626,0.1613,0.1613,0.1652,0.1815,0.1757,0.1652,0.1652,0.1647,0.1651,0.1683,0.1678,0.1684,0.1689,0.1668,0.1646,0.1723,0.1649,0.1453,0.1429,0.146,0.145,0.158,0.16,0.177,0.176,0.1556,0.1505,0.1467,0.1592,0.1191,0.23,0.39,0.2507,0.2414,0.2042,0.2074,0.2206
S,E7000,KWH5000-14999,KWH,X_VAT,NAC,NO,,0.679,0.755,0.868,0.813,0.769,0.977,0.8979,1.014,0.836,0.8185,0.7264,0.8248,0.8232,0.7716,0.7969,0.7847,0.7296,0.8121,0.8654,0.8922,0.9041,1.0049,1.1273,1.1006,1.0338,0.7989,0.7655,1.1143,1.543,1.2369,1.4364,1.3196,1.216,1.2986,1.179,1.2449,1.2287
S,E7000,KWH5000-14999,KWH,X_VAT,NAC,PL,,0.3183,0.3189,0.3563,0.3934,0.4023,0.4052,0.4362,0.4481,0.4467,0.4863,0.4766,0.4769,0.4751,0.4561,0.4651,0.4648,0.4694,0.4524,0.456,0.46,0.4646,0.4456,0.4534,0.4361,0.4528,0.4971,0.5176,0.5239,0.5392,0.5837,0.6618,0.6897,0.9373,0.86,0.8736,0.8363,0.8702
S,E7000,KWH5000-14999,KWH,X_VAT,NAC,PT,,0.1424,0.1265,0.1301,0.1302,0.1366,0.1365,0.1427,0.1415,0.1486,0.1492,0.1548,0.1566,0.162,0.1675,0.1735,0.1762,0.1767,0.1822,0.1809,0.1782,0.1752,0.1743,0.1775,0.166,0.1682,0.1641,0.1644,0.164,0.1694,0.1725,0.1751,0.1654,0.1848,0.1916,0.2078,0.1897,0.193
S,E7000,KWH5000-14999,KWH,X_VAT,NAC,RO,,0.3209,0.3193,0.3403,0.3314,0.3337,0.3484,0.3535,0.3496,0.3525,0.3484,0.3928,0.4616,0.4498,0.452,0.4402,0.461,0.4674,0.4548,0.4529,0.4494,0.4877,0.5101,0.5034,0.5416,0.5732,0.5913,0.5878,0.6219,0.6535,0.9666,1.3846,0.9163,0.9206,0.8362,0.8219,0.8761,1.1332
S,E7000,KWH5000-14999,KWH,X_VAT,NAC,RS,,,,,,,,,,,,,5.283,5.8162,5.8838,5.9082,5.8783,6.4868,6.521,6.7136,6.7933,6.9019,6.8816,6.9812,6.8768,7.0873,7.1722,7.2153,7.7246,7.8981,7.8128,8.5767,9.5086,10.5809,10.9128,11.1499,10.999,11.8239
S,E7000,KWH5000-14999,KWH,X_VAT,NAC,SE,1.024,1.09,1.114,1.19,1.19,1.18,1.25,1.27,1.29,1.2859,1.2095,1.2161,1.2037,1.2311,1.166,1.1878,1.1572,1.1593,1.1554,1.245,1.1973,1.272,1.2876,1.4612,1.4278,1.4832,1.3017,1.3658,1.3734,1.6941,1.3959,1.7964,1.9642,1.7508,1.8537,1.776,1.855,1.9188
S,E7000,KWH5000-14999,KWH,X_VAT,NAC,SI,,0.0851,0.0888,0.091,0.1055,0.1026,0.1064,0.1085,0.111,0.1134,0.117,0.1171,0.1199,0.1208,0.1185,0.1191,0.1145,0.1169,0.1152,0.1163,0.1146,0.1147,0.1137,0.1167,0.1152,0.1191,0.1076,0.121,0.1166,0.1204,0.0996,0.1489,0.1558,0.1568,0.1583,0.1477,0.1362,0.1605
S,E7000,KWH5000-14999,KWH,X_VAT,NAC,SK,,3.09,3.23,3.32,0.1247,0.1309,0.1142,0.1225,0.1252,0.1284,0.1269,0.1279,0.1248,0.126,0.1114,0.113,0.1094,0.1101,0.1046,0.1114,0.1016,0.1036,0.1115,0.1062,0.1135,0.1154,0.124,0.1274,0.1219,0.1196,0.133,0.1402,0.1395,0.1448,0.1335,0.1319,0.1415,0.1412
S,E7000,KWH5000-14999,KWH,X_VAT,NAC,TR,,0.1335,0.1597,0.1994,0.2088,0.2171,0.2298,0.2297,0.2272,0.2384,0.2597,0.2864,0.301,0.2981,0.2997,0.3177,0.3289,0.3284,0.3498,0.3495,0.3501,0.3494,0.3778,0.4657,0.4565,0.5605,0.6037,0.6167,0.6687,0.7623,1.4475,1.8762,1.9926,1.7841,1.7869,2.3885,3.4524,4.4896
S,E7000,KWH5000-14999,KWH,X_VAT,NAC,UA,,,,,,,,,,,,,,,,,,,0.59,0.75,0.95,0.99,1.08,1.0735,1.1434,1.1166,1.0872,1.0867,1.3021,,,,,,,,,
S,E7000,KWH5000-14999,KWH,X_VAT,NAC,UK,,0.0886,0.1,0.109,0.112,0.1058,0.1026,0.1054,0.1048,0.1168,0.1167,0.1229,0.1272,0.1336,0.1351,0.137,0.1335,0.1381,0.1333,0.1397,0.13,0.143,0.1431,0.1564,0.1596,0.1696,0.1685,,,,,,,,,,,
S,E7000,KWH5000-14999,KWH,X_VAT,NAC,XK,,,,,,,,,,,,,0.0554,0.0542,0.0543,0.0508,0.062,0.0551,0.0627,0.0562,0.0666,0.0563,0.0544,0.0552,0.0523,0.0526,0.0524,0.0526,0.0522,0.0523,0.0598,0.0685,0.0715,0.0799,0.0786,0.0772,0.0794,0.0912
S,E7000,KWH5000-14999,KWH,X_VAT,PPS,AL,,,,,,,,,0.2193,0.2193,0.2155,0.2155,0.2148,0.2148,0.2182,0.2182,0.1536,0.1631,0.1639,0.1637,0.1537,0.1537,,0.1529,0.1543,0.1543,0.1494,0.1494,0.1476,0.1476,0.1482,0.1482,0.1491,0.1493,0.151,0.1519,0.1529,0.1529
S,E7000,KWH5000-14999,KWH,X_VAT,PPS,AT,,0.127,0.1251,0.1266,0.1291,0.1302,0.1341,0.1326,0.1358,0.134,0.1349,0.1385,0.1408,0.138,0.1393,0.1369,0.1342,0.1345,0.1389,0.1379,0.1263,0.1285,0.1272,0.1308,0.1308,0.1343,0.1354,0.1396,0.1417,0.1443,0.1442,0.1628,0.1941,0.2084,0.2048,0.1888,0.2064,0.2204
S,E7000,KWH5000-14999,KWH,X_VAT,PPS,BA,,,,,,,,,,,0.1301,0.1315,0.1291,0.1305,0.1315,0.1319,0.1327,0.1376,0.1383,0.1402,0.134,0.1345,0.1345,0.1361,0.1338,0.1356,0.136,0.1401,0.1366,0.1325,0.1366,0.1376,0.1356,0.1292,0.1298,0.1346,0.131,0.1345
S,E7000,KWH5000-14999,KWH,X_VAT,PPS,BE,,0.1197,0.1307,0.1438,0.1233,0.1191,0.129,0.1316,0.1436,0.1398,0.1443,0.1458,0.1444,0.1461,0.1506,0.1523,0.1638,0.1669,0.1784,0.1962,0.1894,0.1934,0.1896,0.1975,0.1905,0.1929,0.1907,0.1851,0.1874,0.2131,0.268,0.3767,0.3532,0.295,0.2591,0.2555,0.2763,0.2752
S,E7000,KWH5000-14999,KWH,X_VAT,PPS,BG,,0.1479,0.1375,0.1591,0.1521,0.1532,0.1522,0.1566,0.1449,0.1526,0.1464,0.1713,0.1623,0.1564,0.1474,0.1554,0.1654,0.1734,0.1711,0.1682,0.1568,0.1636,0.1577,0.1639,0.1553,0.1472,0.1489,0.1475,0.153,0.164,0.1634,0.1731,0.1565,0.1655,0.1632,0.1674,0.175,0.1839
S,E7000,KWH5000-14999,KWH,X_VAT,PPS,CY,,0.1574,0.1773,0.2088,0.1576,0.1622,0.1772,0.1972,0.1886,0.2262,0.2585,0.274,0.2586,0.236,0.215,0.226,0.183,0.1707,0.141,0.1546,0.1718,0.1733,0.17,0.2001,0.2007,0.2032,0.1926,0.1507,0.1761,0.2057,0.2516,0.3103,0.3378,0.3117,0.2966,0.293,0.2695,0.2688
S,E7000,KWH5000-14999,KWH,X_VAT,PPS,CZ,0.1111,0.1111,0.12,0.12,0.1337,0.1337,0.1291,0.1291,0.1413,0.1413,0.1497,0.1497,0.1567,0.1567,0.1433,0.1433,0.144,0.144,0.1463,0.1476,0.1398,0.1398,0.1403,0.1447,0.155,0.1587,0.1609,0.1583,0.1551,0.1932,0.2031,0.191,0.2601,0.2684,0.2926,0.2856,0.2638,0.2604
S,E7000,KWH5000-14999,KWH,X_VAT,PPS,DE,0.1549,0.163,0.1607,0.1649,0.166,0.167,0.1805,0.1846,0.1939,0.1959,0.2005,0.2067,0.2225,0.2219,0.2281,0.228,0.2259,0.2253,0.229,0.2287,0.2229,0.2227,0.2162,0.2169,0.2186,0.2009,0.2185,0.2185,0.2225,0.2225,0.2266,0.2302,0.289,0.283,0.27,0.2714,0.2586,0.2617
S,E7000,KWH5000-14999,KWH,X_VAT,PPS,DK,,0.1248,0.1363,0.145,0.1375,0.1292,0.1353,0.1377,0.1505,0.1542,0.1549,0.1541,0.1332,0.1304,0.1368,0.1362,0.1417,0.1396,0.145,0.1443,0.1425,0.1393,0.1448,0.1529,0.1441,0.1405,0.1344,0.1187,0.1116,0.1447,0.2058,0.2932,0.2206,0.1601,0.1675,0.1693,0.1594,0.1492
S,E7000,KWH5000-14999,KWH,X_VAT,PPS,EA,,0.1336,0.1315,0.1378,0.1392,0.1413,0.1426,0.146,0.1526,0.1577,0.1592,0.1669,0.1694,0.1732,0.1755,0.1798,0.1819,0.1827,0.1746,0.175,0.1691,0.1682,0.1669,0.1721,0.1731,0.1722,0.171,0.1716,0.1733,0.1901,0.2069,0.2312,0.2441,0.2387,0.2346,0.2343,0.2292,0.2268
S,E7000,KWH5000-14999,KWH,X_VAT,PPS,EE,,0.0941,0.0927,0.0988,0.1073,0.1067,0.1155,0.1202,0.1124,0.1225,0.1241,0.1287,0.1495,0.1516,0.1371,0.1437,0.137,0.1424,0.1385,0.1425,0.1275,0.1317,0.1321,0.1418,0.1325,0.1359,0.1204,0.1307,0.1361,0.2028,0.2035,0.2308,0.1908,0.1955,0.1882,0.1877,0.1869,0.1809
S,E7000,KWH5000-14999,KWH,X_VAT,PPS,EL,,0.1242,0.1273,0.1374,0.1351,0.1188,0.1361,0.1374,0.1324,0.132,0.1535,0.1588,0.1789,0.1889,0.2042,0.2019,0.2023,0.2035,0.1929,0.1972,0.1961,0.1839,0.192,0.183,0.1905,0.1845,0.2009,0.1912,0.2019,0.2488,0.2971,0.2991,0.2827,0.2739,0.2643,0.2735,0.27,0.2763
S,E7000,KWH5000-14999,KWH,X_VAT,PPS,ES,,0.124,0.1165,0.139,0.1341,0.1411,0.1423,0.1525,0.1607,0.1761,0.1806,0.1907,0.1787,0.191,0.1732,0.195,0.1839,0.1928,0.1798,0.1844,0.1736,0.1695,0.1706,0.1914,0.1813,0.1767,0.1594,0.1622,0.1646,0.2383,0.2672,0.3062,0.2293,0.2186,0.2104,0.222,0.2136,0.2184
S,E7000,KWH5000-14999,KWH,X_VAT,PPS,EU27_2020,,,,,,,,,,,,,,,,,,,,,0.1631,0.1633,0.1618,0.1673,0.1675,0.1675,0.1663,0.1671,0.1685,0.1848,0.2006,0.2281,0.2364,0.2333,0.2267,0.2258,0.2242,0.2247
S,E7000,KWH5000-14999,KWH,X_VAT,PPS,FI,,0.0701,0.0738,0.0776,0.0784,0.078,0.0803,0.0816,0.0915,0.0939,0.0925,0.0921,0.0911,0.0896,0.0889,0.0871,0.088,0.0867,0.0879,0.0886,0.0879,0.0888,0.0887,0.0931,0.0953,0.0977,0.0952,0.097,0.0975,0.1039,0.1075,0.1325,0.1335,0.1269,0.1491,0.1265,0.1213,0.1199
S,E7000,KWH5000-14999,KWH,X_VAT,PPS,FR,,0.0834,0.0798,0.0797,0.0785,0.0848,0.0872,0.0921,0.0961,0.0991,0.0965,0.1042,0.1045,0.1096,0.112,0.1209,0.1222,0.1235,0.1228,0.1257,0.1173,0.1205,0.1213,0.1237,0.1249,0.1355,0.1352,0.1397,0.1395,0.1447,0.1508,0.1542,0.1631,0.1816,0.2012,0.2075,0.19,0.1767
S,E7000,KWH5000-14999,KWH,X_VAT,PPS,HR,0.1141,0.1183,0.1121,0.1346,0.1289,0.1308,0.1273,0.1289,0.1311,0.1325,0.1432,0.1643,0.1644,0.1627,0.158,0.1608,0.1589,0.159,0.1599,0.162,0.1562,0.1631,0.1704,0.1719,0.171,0.1718,0.1716,0.173,0.1711,0.1711,0.1764,0.1916,0.2017,0.1958,0.1902,0.183,0.2037,0.2042
S,E7000,KWH5000-14999,KWH,X_VAT,PPS,HU,,0.1731,0.1966,0.1922,0.1952,0.2032,0.2108,0.2036,0.2074,0.2042,0.2008,0.2028,0.1837,0.1771,0.1606,0.1553,0.1528,0.157,0.1523,0.1531,0.1341,0.1356,0.1317,0.1367,0.1293,0.1315,0.1249,0.1263,0.1211,0.1209,0.1098,0.1595,0.1722,0.1681,0.1548,0.1516,0.1491,0.1456
S,E7000,KWH5000-14999,KWH,X_VAT,PPS,IE,,0.1293,0.1137,0.1334,0.1365,0.1254,0.1286,0.1343,0.1262,0.1481,0.1513,0.162,0.1593,0.1685,0.1645,0.1728,0.1615,0.1671,0.1627,0.1628,0.1462,0.1532,0.1479,0.1627,0.1512,0.162,0.1508,0.1661,0.1566,0.1863,0.1726,0.2442,0.2307,0.2899,0.2147,0.2282,0.2315,0.2665
S,E7000,KWH5000-14999,KWH,X_VAT,PPS,IS,,,,,,,,,,,0.0653,0.0667,0.0652,0.066,0.0663,0.0671,0.0682,0.0695,0.0705,0.0711,0.0694,0.0698,0.0676,0.0677,0.0675,0.0678,0.0641,0.0644,0.0658,0.0652,0.0683,0.0696,0.0746,0.075,0.0803,0.0862,0.0917,
S,E7000,KWH5000-14999,KWH,X_VAT,PPS,IT,,,0.208,0.2166,0.229,0.2296,0.2221,0.2155,0.2169,0.2271,0.2385,0.256,0.2565,0.2619,0.2722,0.2657,0.2767,0.274,0.2543,0.2399,0.2004,0.192,0.1876,0.1953,0.209,0.2122,0.1935,0.1855,0.1918,0.2074,0.2698,0.3254,0.3382,0.3108,0.2928,0.2707,0.2933,0.2769
S,E7000,KWH5000-14999,KWH,X_VAT,PPS,LT,,0.1219,0.1088,0.1106,0.1216,0.1182,0.1542,0.165,0.1613,0.1617,0.1683,0.17,0.1801,0.1829,0.1738,0.173,0.1625,0.1648,0.1621,0.1567,0.1376,0.137,0.132,0.1325,0.1479,0.1489,0.1657,0.1525,0.1559,0.1684,0.1694,0.2385,0.3086,0.224,0.2153,0.1925,0.1919,0.171
S,E7000,KWH5000-14999,KWH,X_VAT,PPS,LU,0.1285,0.1223,0.1202,0.1195,0.1329,0.1329,0.1258,0.1273,0.1243,0.1227,0.1267,0.127,0.1181,0.1177,0.1267,0.1267,0.1266,0.1258,0.1228,0.1224,0.1061,0.106,0.107,0.1085,0.114,0.114,0.1231,0.123,0.1245,0.1264,0.1281,0.1279,0.1205,0.1206,0.1204,0.1203,0.1636,0.1636
S,E7000,KWH5000-14999,KWH,X_VAT,PPS,LV,,0.1029,0.1081,0.1334,0.1401,0.1405,0.1459,0.1459,0.1448,0.1764,0.1704,0.1752,0.1683,0.1728,0.1691,0.1747,0.196,0.2009,0.201,0.1984,0.1797,0.1798,0.1657,0.1652,0.1723,0.174,0.165,0.1673,0.16,0.2017,0.1834,0.3125,0.3067,0.2612,0.2535,0.2494,0.2369,0.2286
S,E7000,KWH5000-14999,KWH,X_VAT,PPS,ME,,,,,,,,,0.1491,0.1463,0.1558,0.1578,0.1525,0.1555,0.1505,0.1521,0.1503,0.1567,0.1538,0.1589,0.1586,0.1616,0.1581,0.1587,0.1649,0.1667,0.165,0.1666,0.1648,0.1608,0.1585,0.1651,0.1548,0.1507,0.1478,0.1541,0.1528,0.1548
S,E7000,KWH5000-14999,KWH,X_VAT,PPS,MK,,,,,,,,,,,,0.1652,0.1621,0.164,0.1589,0.1705,0.1681,0.1714,0.1662,0.1668,0.1527,0.1517,0.1428,0.1453,0.1431,0.1465,0.1423,0.1536,0.1534,0.168,0.1864,0.2128,0.2035,0.2089,0.1918,0.1867,0.1869,0.1884
S,E7000,KWH5000-14999,KWH,X_VAT,PPS,MT,,0.1746,0.1737,0.2397,0.2318,0.2076,0.2389,0.2379,0.231,0.231,0.2285,0.2279,0.2231,0.2268,0.2009,0.1735,0.1764,0.1757,0.1782,0.1777,0.1789,0.1732,0.1667,0.1671,0.1677,0.1673,0.16,0.1628,0.1603,0.1643,0.164,0.1514,0.147,0.1476,0.1476,0.15,0.1435,0.1483
S,E7000,KWH5000-14999,KWH,X_VAT,PPS,NL,0.1539,0.1526,0.1496,0.1532,0.1622,0.1571,0.1484,0.1484,0.1496,0.15,0.1535,0.1531,0.1539,0.1543,0.1524,0.1504,0.1588,0.152,0.1339,0.1323,0.1282,0.1273,0.1379,0.1397,0.15,0.1492,0.1335,0.1291,0.1263,0.1371,0.1017,0.1965,0.3318,0.2133,0.206,0.1742,0.1769,0.1882
S,E7000,KWH5000-14999,KWH,X_VAT,PPS,NO,,0.0628,0.0674,0.0775,0.0683,0.0646,0.0827,0.076,0.0852,0.0702,0.0697,0.0619,0.0677,0.0675,0.0616,0.0637,0.0627,0.0581,0.0631,0.0667,0.0638,0.0647,0.071,0.0796,0.0757,0.0711,0.0528,0.0505,0.0736,0.1064,0.0853,0.1001,0.0966,0.0897,0.0913,0.0831,0.0861,0.085
S,E7000,KWH5000-14999,KWH,X_VAT,PPS,PL,,0.1401,0.1342,0.1499,0.1587,0.1623,0.1699,0.1829,0.185,0.1844,0.2016,0.1976,0.1977,0.197,0.1884,0.1921,0.192,0.1951,0.1913,0.193,0.1812,0.1831,0.1729,0.176,0.166,0.1724,0.1855,0.1932,0.1955,0.1959,0.2011,0.2281,0.2395,0.3255,0.2803,0.2847,0.2701,0.281
S,E7000,KWH5000-14999,KWH,X_VAT,PPS,PT,,0.1751,0.1522,0.1566,0.1547,0.1623,0.1648,0.1723,0.1723,0.181,0.1872,0.1943,0.2008,0.2078,0.2153,0.223,0.2265,0.2268,0.234,0.2313,0.2126,0.209,0.2069,0.2107,0.1976,0.2003,0.1929,0.1932,0.1927,0.1978,0.2014,0.2045,0.1935,0.2192,0.2316,0.2524,0.2301,0.234
S,E7000,KWH5000-14999,KWH,X_VAT,PPS,RO,,0.1722,0.1562,0.1665,0.1573,0.1584,0.1671,0.1695,0.1658,0.1671,0.164,0.1849,0.2094,0.2041,0.1978,0.1927,0.2018,0.2113,0.2086,0.2078,0.1913,0.2076,0.207,0.2043,0.2151,0.2276,0.2314,0.23,0.2434,0.2498,0.3505,0.5021,0.3322,0.3338,0.2974,0.29,0.2952,0.3818
S,E7000,KWH5000-14999,KWH,X_VAT,PPS,RS,,,,,,,,,,,,,0.096,0.1057,0.1034,0.1039,0.1033,0.1206,0.1197,0.124,0.1143,0.1161,0.1139,0.1156,0.1121,0.1155,0.1147,0.1154,0.1236,0.1233,0.122,0.1342,0.141,0.1545,0.1519,0.1562,0.1529,0.1644
S,E7000,KWH5000-14999,KWH,X_VAT,PPS,SE,0.0935,0.0995,0.0992,0.106,0.1004,0.0996,0.1061,0.1078,0.1099,0.1096,0.1043,0.1048,0.1032,0.1056,0.0984,0.1002,0.0976,0.0967,0.0937,0.1042,0.0929,0.0987,0.0985,0.1118,0.108,0.1122,0.0984,0.1032,0.1044,0.1288,0.1061,0.1366,0.1458,0.1296,0.1363,0.132,0.1379,0.1427
S,E7000,KWH5000-14999,KWH,X_VAT,PPS,SI,,0.1097,0.1094,0.1121,0.1231,0.1198,0.1266,0.1291,0.1329,0.1357,0.1446,0.1447,0.1489,0.15,0.1482,0.149,0.1432,0.1462,0.1463,0.1485,0.138,0.1381,0.1357,0.1392,0.1375,0.1422,0.128,0.1439,0.1387,0.142,0.1175,0.1753,0.1813,0.1848,0.1829,0.1714,0.1561,0.184
S,E7000,KWH5000-14999,KWH,X_VAT,PPS,SK,,0.1361,0.1511,0.1554,0.1835,0.1926,0.1709,0.1833,0.1822,0.1869,0.1858,0.1873,0.1837,0.1855,0.1672,0.1696,0.1642,0.1664,0.1599,0.1714,0.1351,0.1378,0.1452,0.1383,0.1442,0.1466,0.154,0.1583,0.1514,0.1478,0.1643,0.1743,0.1684,0.1826,0.1648,0.1648,0.1764,0.1761
S,E7000,KWH5000-14999,KWH,X_VAT,PPS,TR,,0.1253,0.1402,0.175,0.1722,0.179,0.1865,0.1864,0.1728,0.1814,0.1877,0.207,0.2044,0.2024,0.1889,0.2002,0.2073,0.2101,0.2106,0.2101,0.1737,0.1734,0.1568,0.1933,0.1618,0.1986,0.1836,0.1876,0.2034,0.1829,0.3473,0.2587,0.2747,0.2404,0.1603,0.2108,0.1908,0.2481
S,E7000,KWH5000-14999,KWH,X_VAT,PPS,UK,,0.1114,0.12,0.1308,0.1284,0.1213,0.1133,0.1164,0.113,0.126,0.1276,0.1344,0.1375,0.1444,0.1441,0.1461,0.1448,0.1497,0.1445,0.1515,0.1304,0.1434,0.1419,0.1551,0.1567,0.1665,0.1634,,,,,,,,,,,
S,E7000,KWH_GE15000,KWH,I_TAX,EUR,AL,,,,,,,,,0.1152,0.1157,0.1163,0.1167,0.1156,0.1154,0.1156,0.116,0.0812,0.0819,0.0824,0.0835,0.0844,0.0856,,0.091,0.092,0.0933,0.0922,0.092,0.0925,0.0937,0.0941,0.0976,0.101,0.1089,0.1114,0.115,0.1156,0.1175
S,E7000,KWH_GE15000,KWH,I_TAX,EUR,AT,,0.149,0.1514,0.1534,0.1572,0.1599,0.157,0.1466,0.1631,0.1611,0.1595,0.1639,0.1755,0.1698,0.1613,0.1572,0.1518,0.1491,0.1517,0.1491,0.1561,0.1577,0.1542,0.1602,0.1589,0.1617,0.1683,0.1726,0.1746,0.1782,0.185,0.2196,0.266,0.2949,0.2854,0.2596,0.2746,0.2853
S,E7000,KWH_GE15000,KWH,I_TAX,EUR,BA,,,,,,,,,,,0.0692,0.0697,0.07,0.0688,0.0697,0.0686,0.0708,0.0693,0.0711,0.0715,0.0744,0.0739,0.075,0.0752,0.0758,0.0755,0.0766,0.0777,0.0774,0.0752,0.0785,0.0783,0.0873,0.0898,0.0834,0.0875,0.0884,0.0937
S,E7000,KWH_GE15000,KWH,I_TAX,EUR,BE,,0.1562,0.1592,0.1746,0.1459,0.1365,0.1447,0.1509,0.1666,0.1582,0.1835,0.1619,0.1743,0.1679,0.1597,0.1588,0.1613,0.1776,0.179,0.2209,0.2339,0.2297,0.2217,0.2321,0.2308,0.2094,0.2262,0.2185,0.2343,0.2648,0.3172,0.4397,0.371,0.3219,0.2847,0.2902,0.3021,0.3463
S,E7000,KWH_GE15000,KWH,I_TAX,EUR,BG,,0.0721,0.0706,0.09,0.0813,0.0813,0.0803,0.0834,0.0829,0.0866,0.082,0.0967,0.0931,0.0893,0.0829,0.0849,0.093,0.0957,0.0951,0.0926,0.0936,0.098,0.0963,0.1,0.098,0.0935,0.0932,0.0949,0.0946,0.1079,0.1077,0.114,0.112,0.118,0.1168,0.12,0.1273,0.134
S,E7000,KWH_GE15000,KWH,I_TAX,EUR,CY,,0.1586,0.1792,0.212,0.1628,0.1682,0.159,0.2028,0.1783,0.2415,0.247,0.2913,0.2544,0.2488,0.2075,0.2365,0.1707,0.1848,0.1316,0.1635,0.1609,0.1835,0.1676,0.2101,0.1814,0.2124,0.1809,0.1602,0.1648,0.2208,0.2254,0.3361,0.3378,0.3331,0.2892,0.3104,0.2672,0.2717
S,E7000,KWH_GE15000,KWH,I_TAX,EUR,CZ,0.0714,0.0734,0.0941,0.0959,0.0991,0.1044,0.0987,0.1022,0.1113,0.1091,0.1152,0.1154,0.1183,0.1158,0.094,0.0934,0.0938,0.0953,0.1036,0.1036,0.1046,0.1082,0.12,0.1221,0.1351,0.1388,0.1412,0.137,0.1381,0.1293,0.1723,0.1896,0.2336,0.2384,0.257,0.2502,0.2306,0.2311
S,E7000,KWH_GE15000,KWH,I_TAX,EUR,DE,0.18,0.1908,0.1907,0.197,0.2058,0.2067,0.2178,0.2211,0.2319,0.2325,0.2374,0.2442,0.2712,0.2668,0.2691,0.2714,0.2676,0.2679,0.268,0.2682,0.2717,0.2713,0.2667,0.2594,0.2655,0.237,0.2579,0.2523,0.2549,0.251,0.2703,0.2938,0.3484,0.3427,0.3453,0.337,0.3267,0.3283
S,E7000,KWH_GE15000,KWH,I_TAX,EUR,DK,,0.2124,0.2344,0.2494,0.2403,0.2259,0.2308,0.2346,0.2541,0.2607,0.2623,0.2603,0.2269,0.2221,0.2301,0.2295,0.2253,0.2222,0.2213,0.2202,0.2179,0.2146,0.2202,0.2357,0.2199,0.2137,0.2034,0.1699,0.1516,0.2055,0.3153,0.4692,0.3592,0.2374,0.2429,0.2484,0.2312,0.2146
S,E7000,KWH_GE15000,KWH,I_TAX,EUR,EA,0.1792,0.1368,0.1458,0.1567,0.1685,0.1703,0.1711,0.1729,0.1826,0.1857,0.1892,0.1962,0.2015,0.1995,0.203,0.209,0.2096,0.2117,0.2018,0.1985,0.1934,0.1927,0.193,0.1948,0.1996,0.1953,0.1948,0.1937,0.196,0.2057,0.2338,0.265,0.2844,0.2677,0.2754,0.2718,0.2661,0.2622
S,E7000,KWH_GE15000,KWH,I_TAX,EUR,EE,,0.0652,0.0669,0.0742,0.078,0.081,0.0842,0.0906,0.0851,0.0954,0.097,0.1017,0.1176,0.1172,0.1109,0.1199,0.1138,0.1179,0.1044,0.1107,0.1062,0.1147,0.117,0.1273,0.119,0.1218,0.1057,0.1157,0.1216,0.1912,0.1882,0.2054,0.1634,0.1756,0.1714,0.1534,0.1735,0.1682
S,E7000,KWH_GE15000,KWH,I_TAX,EUR,EL,,0.1401,0.136,0.1705,0.1664,0.1439,0.1677,0.1762,0.126,0.1393,0.1362,0.1672,0.152,0.1939,0.1881,0.2006,0.1872,0.1961,0.1835,0.1967,0.1805,0.176,0.2041,0.214,0.2052,0.1996,0.1945,0.1975,0.1951,0.2553,0.3048,0.3214,0.3086,0.2815,0.2583,0.2666,0.2614,0.2703
S,E7000,KWH_GE15000,KWH,I_TAX,EUR,ES,,0.1182,0.1188,0.14,0.1418,0.1406,0.1432,0.1543,0.1551,0.1791,0.1755,0.1858,0.1794,0.1859,0.1665,0.1787,0.184,0.2002,0.1766,0.167,0.1483,0.1667,0.1571,0.1798,0.1792,0.1796,0.1614,0.1644,0.156,0.176,0.2298,0.2623,0.229,0.2154,0.2084,0.2056,0.198,0.2046
S,E7000,KWH_GE15000,KWH,I_TAX,EUR,EU27_2020,0.1592,0.1334,0.1419,0.152,0.1596,0.162,0.1638,0.1662,0.1754,0.1771,0.1802,0.1868,0.1906,0.1883,0.1895,0.194,0.1941,0.1959,0.1874,0.1852,0.18,0.1805,0.1803,0.1831,0.1866,0.1834,0.1827,0.1818,0.1834,0.1949,0.2181,0.2508,0.2678,0.2529,0.26,0.2561,0.2521,0.2505
S,E7000,KWH_GE15000,KWH,I_TAX,EUR,FI,,0.0816,0.0889,0.0934,0.096,0.0952,0.0975,0.1001,0.1153,0.1181,0.1169,0.1165,0.1189,0.1169,0.1172,0.1145,0.1165,0.114,0.1124,0.1125,0.1133,0.1136,0.1148,0.1203,0.1218,0.1255,0.1228,0.1249,0.1274,0.1341,0.139,0.1675,0.157,0.1634,0.1792,0.1539,0.1493,0.1476
S,E7000,KWH_GE15000,KWH,I_TAX,EUR,FR,,0.0997,0.0993,0.1055,0.1004,0.1107,0.1118,0.1184,0.1245,0.1269,0.1256,0.1342,0.1272,0.1339,0.1317,0.1518,0.1517,0.1537,0.1543,0.156,0.1513,0.1534,0.1545,0.1556,0.1533,0.1671,0.1677,0.1733,0.1726,0.1781,0.185,0.1868,0.2001,0.2239,0.2534,0.2637,0.2401,0.2248
S,E7000,KWH_GE15000,KWH,I_TAX,EUR,GE,,,,,,,,,,,,,,,,,,,,,,,0.0723,0.0816,0.0847,0.067,0.0695,0.0567,0.0691,0.0669,,0.0924,0.0937,0.0956,0.0793,0.0779,0.0849,0.0818
S,E7000,KWH_GE15000,KWH,I_TAX,EUR,HR,0.0666,0.0888,0.088,0.1073,0.1043,0.1082,0.1067,0.1068,0.1049,0.1048,0.1089,0.1273,0.1263,0.1249,0.1217,0.1229,0.1218,0.1219,0.1216,0.1239,0.1112,0.1159,0.123,0.1243,0.1237,0.1244,0.1218,0.1227,0.1214,0.1229,0.1261,0.1405,0.1582,0.1587,0.1581,0.1608,0.1755,0.1768
S,E7000,KWH_GE15000,KWH,I_TAX,EUR,HU,,0.1067,0.1589,0.1615,0.133,0.1614,0.1614,0.1545,0.1651,0.1497,0.1646,0.1634,0.139,0.1325,0.1235,0.1151,0.1127,0.1187,0.1128,0.1133,0.1098,0.1125,0.1101,0.1078,0.1084,0.1063,0.1062,0.1041,0.0993,0.102,0.0964,0.1324,0.1646,0.1679,0.1593,0.1549,0.1573,0.1564
S,E7000,KWH_GE15000,KWH,I_TAX,EUR,IE,,0.1469,0.1372,0.1591,0.1612,0.1467,0.14,0.1426,0.1318,0.1553,0.1635,0.1733,0.1733,0.1807,0.1806,0.1824,0.1738,0.1808,0.1723,0.1659,0.159,0.164,0.1617,0.1756,0.1778,0.1833,0.1807,0.1857,0.1794,0.208,0.2172,0.2884,0.2957,0.3546,0.2872,0.2962,0.2765,0.2731
S,E7000,KWH_GE15000,KWH,I_TAX,EUR,IS,,,,,,,,,,,0.0863,0.0909,0.0518,0.0523,0.0585,0.0602,0.0632,0.0665,0.0604,0.0657,0.0805,0.0714,0.0798,0.0753,0.0653,0.064,0.0593,0.056,0.061,0.0655,0.0714,0.0735,0.0771,0.0826,0.0907,0.1077,0.1279,
S,E7000,KWH_GE15000,KWH,I_TAX,EUR,IT,,,0.217,0.2335,0.2927,0.3111,0.2804,0.2732,0.2866,0.2866,0.2948,0.3173,0.3202,0.2972,0.328,0.3337,0.3288,0.3405,0.2798,0.2552,0.2181,0.2038,0.2018,0.2061,0.2243,0.2252,0.188,0.1799,0.1958,0.2147,0.2901,0.355,0.3441,0.2483,0.2787,0.2675,0.2979,0.2808
S,E7000,KWH_GE15000,KWH,I_TAX,EUR,LI,,,,,,,,,,,,,,,0.1494,0.1511,0.18,0.1763,0.1656,0.1674,0.1517,0.1425,0.1688,0.1702,0.1746,0.1792,0.1853,0.1821,0.1816,0.1863,0.1974,0.2093,0.4127,0.3362,0.3017,0.2879,0.2693,0.2725
S,E7000,KWH_GE15000,KWH,I_TAX,EUR,LT,,0.0785,0.0753,0.0769,0.0808,0.0822,0.1035,0.1128,0.1113,0.1106,0.1155,0.1173,0.1253,0.128,0.1208,0.1211,0.113,0.1133,0.1105,0.1051,0.0986,0.0991,0.0978,0.0981,0.1108,0.1133,0.1279,0.1204,0.1234,0.1436,0.1423,0.2111,0.2869,0.238,0.2172,0.2101,0.1982,0.1831
S,E7000,KWH_GE15000,KWH,I_TAX,EUR,LU,0.1058,0.1049,0.1049,0.1153,0.1393,0.1393,0.145,0.1466,0.1397,0.1376,0.144,0.143,0.1396,0.1393,0.1482,0.1486,0.1521,0.152,0.1455,0.1455,0.1324,0.1322,0.1346,0.1362,0.1451,0.145,0.1611,0.1612,0.1634,0.1635,0.1662,0.1686,0.1577,0.1608,0.162,0.1624,0.222,0.222
S,E7000,KWH_GE15000,KWH,I_TAX,EUR,LV,,0.0696,0.079,0.1,0.1048,0.1049,0.1045,0.1043,0.1209,0.1447,0.1461,0.1471,0.1457,0.1379,0.1451,0.1408,0.1598,0.1624,0.1583,0.1602,0.1553,0.1568,0.1466,0.1482,0.1538,0.1574,0.1492,0.1527,0.1426,0.1917,0.1535,0.2783,0.2849,0.2294,0.2205,0.2124,0.2013,0.1933
S,E7000,KWH_GE15000,KWH,I_TAX,EUR,MD,,,,,,,,,,,,,,,,,0.0808,0.0854,0.0935,0.0885,0.094,0.0972,0.0992,0.0937,0.091,0.0957,0.0962,0.0866,0.0907,0.0736,0.0878,0.1684,0.1712,0.1325,0.1224,0.1208,0.1932,0.1874
S,E7000,KWH_GE15000,KWH,I_TAX,EUR,ME,,,,,,,,,0.085,0.0835,0.089,0.0873,0.087,0.0895,0.0901,0.0909,0.0905,0.0909,0.0892,0.0903,0.0943,0.0948,0.0979,0.0985,0.1031,0.1061,0.1041,0.1059,0.1033,0.1022,0.1006,0.1085,0.1071,0.1035,0.1064,0.1092,0.1082,0.1105
S,E7000,KWH_GE15000,KWH,I_TAX,EUR,MK,,,,,,,,,,,,0.0791,0.0828,0.0822,0.0809,0.0852,0.0811,0.0825,0.0825,0.0837,0.0825,0.0814,0.0788,0.0797,0.0782,0.0799,0.0783,0.0842,0.0842,0.0848,0.0939,0.1209,0.1366,0.136,0.1269,0.1324,0.1339,0.1297
S,E7000,KWH_GE15000,KWH,I_TAX,EUR,MT,,0.14,0.1417,0.1972,0.2128,0.2128,0.3983,0.3881,0.383,0.3681,0.3689,0.3559,0.3573,0.3761,0.3803,0.3883,0.3636,0.3456,0.3623,0.3936,0.3779,0.3492,0.356,0.3353,0.324,0.3198,0.3156,0.3128,0.3169,0.3102,0.3144,0.2943,0.2923,0.2872,0.297,0.2897,0.2855,0.3007
S,E7000,KWH_GE15000,KWH,I_TAX,EUR,NL,0.177,,,,0.2577,0.2054,0.2376,0.1891,0.2436,0.1948,0.2544,0.2085,0.2618,0.2121,0.2678,0.2056,0.2632,0.1977,0.2432,0.2011,0.181,0.143,0.198,0.162,0.221,0.191,0.2178,0.1874,0.2124,0.2039,0.2314,0.3507,0.5765,0.3246,0.3355,0.2812,0.2833,0.2609
S,E7000,KWH_GE15000,KWH,I_TAX,EUR,NO,,0.0948,0.105,0.115,0.1016,0.0989,0.1374,0.1251,0.1465,0.1189,0.1192,0.1067,0.121,0.1121,0.1019,0.1038,0.0991,0.0853,0.0946,0.1045,0.1047,0.103,0.1138,0.1291,0.1235,0.1122,0.0774,0.0737,0.119,0.1567,0.1368,0.1539,0.1272,0.1112,0.1196,0.1019,0.1096,0.1075
S,E7000,KWH_GE15000,KWH,I_TAX,EUR,PL,,0.1284,0.111,0.1167,0.1052,0.1171,0.1243,0.1301,0.139,0.129,0.1336,0.1399,0.1383,0.1349,0.1346,0.1368,0.1366,0.1347,0.1267,0.1276,0.1313,0.1327,0.1269,0.1249,0.1243,0.1259,0.1382,0.1396,0.1374,0.1377,0.1275,0.1427,0.2221,0.2735,0.2706,0.2515,0.2441,0.245
S,E7000,KWH_GE15000,KWH,I_TAX,EUR,PT,,0.1429,0.1241,0.1269,0.1284,0.1334,0.1372,0.1392,0.1442,0.1579,0.1777,0.186,0.1914,0.1913,0.1998,0.2008,0.2094,0.2069,0.2154,0.2161,0.2162,0.2098,0.2048,0.2052,0.1957,0.1958,0.1917,0.1932,0.1909,0.1998,0.2019,0.2048,0.2052,0.2243,0.2318,0.2476,0.2284,0.2282
S,E7000,KWH_GE15000,KWH,I_TAX,EUR,RO,,0.1163,0.1052,0.113,0.0916,0.0916,0.0978,0.0989,0.1014,0.1064,0.1039,0.1055,0.1274,0.1217,0.1232,0.1217,0.125,0.1275,0.1173,0.1172,0.1144,0.1219,0.1279,0.1243,0.1355,0.1416,0.1434,0.141,0.1463,0.1526,0.2184,0.2853,0.1976,0.1718,0.1893,0.1868,0.2056,0.257
S,E7000,KWH_GE15000,KWH,I_TAX,EUR,RS,,,,,,,,,,,,,0.0685,0.0798,0.0718,0.0708,0.072,0.0766,0.0759,0.0799,0.0797,0.0834,0.0865,0.0876,0.0853,0.0892,0.0884,0.0915,0.094,0.0983,0.098,0.1067,0.1188,0.1336,0.1414,0.1452,0.147,0.1589
S,E7000,KWH_GE15000,KWH,I_TAX,EUR,SE,0.1241,0.1311,0.1349,0.138,0.1289,0.13,0.1461,0.1538,0.1633,0.1577,0.1532,0.159,0.1575,0.1558,0.1436,0.1383,0.1359,0.134,0.1358,0.1404,0.1351,0.1436,0.1358,0.1522,0.1467,0.1482,0.1355,0.146,0.1506,0.1732,0.1524,0.1915,0.1924,0.1657,0.1808,0.1666,0.1834,0.1896
S,E7000,KWH_GE15000,KWH,I_TAX,EUR,SI,,0.0958,0.1006,0.1076,0.1249,0.1176,0.1209,0.1233,0.1259,0.1249,0.1273,0.1283,0.1279,0.1323,0.1298,0.1309,0.1272,0.1288,0.1266,0.1271,0.1247,0.1251,0.1239,0.1279,0.1226,0.1272,0.1135,0.1313,0.1254,0.133,0.1156,0.1635,0.1647,0.1798,0.1859,0.1669,0.1549,0.186
S,E7000,KWH_GE15000,KWH,I_TAX,EUR,SK,,0.0845,0.094,0.1048,0.1216,0.1316,0.1152,0.1239,0.132,0.1332,0.1337,0.1349,0.1322,0.1342,0.1208,0.1228,0.1169,0.1159,0.112,0.1162,0.1043,0.1068,0.1129,0.1126,0.1196,0.1229,0.133,0.1367,0.1301,0.129,0.1447,0.1532,0.1523,0.163,0.1488,0.1487,0.1558,0.1571
S,E7000,KWH_GE15000,KWH,I_TAX,EUR,TR,,0.0901,0.0998,0.1222,0.1144,0.1179,0.1342,0.1374,0.1214,0.1141,0.1318,0.1471,0.1495,0.1306,0.1189,0.1315,0.128,0.1217,0.1264,0.1194,0.1041,0.0948,0.0891,0.0835,0.0839,0.1031,0.0987,0.082,0.0826,0.0781,0.1127,0.125,0.1069,0.0721,0.0631,0.0768,0.0956,0.099
S,E7000,KWH_GE15000,KWH,I_TAX,EUR,UA,,,,,,,,,,,,,,,,,,,0.0249,0.032,0.0393,0.0383,0.0352,0.0368,0.0477,0.0498,0.0441,0.0386,0.0447,,,,,,,,,
S,E7000,KWH_GE15000,KWH,I_TAX,EUR,UK,,0.1125,0.1381,0.1322,0.1309,0.119,0.1123,0.1208,0.1153,0.132,0.1361,0.1499,0.1419,0.1542,0.1588,0.1679,0.174,0.1862,0.1627,0.1609,0.1497,0.1583,0.1595,0.1728,0.1779,0.1884,0.19,,,,,,,,,,,
S,E7000,KWH_GE15000,KWH,I_TAX,EUR,XK,,,,,,,,,,,,,0.0746,0.0733,0.0781,0.0713,0.0833,0.0747,0.0786,0.0729,0.0784,0.0567,0.0546,0.0556,0.0537,0.0564,0.0532,0.0557,0.0529,0.0556,0.0735,0.0984,0.0931,0.1152,0.105,0.1063,0.1016,0.1242
S,E7000,KWH_GE15000,KWH,I_TAX,NAC,AL,,,,,,,,,16.2,16.2,16.2,16.2,16.2,16.2,16.2,16.2,11.4,11.4,11.4,11.4,11.4,11.4,,11.4,11.4,11.4,11.4,11.4,11.4,11.4,11.4,11.4,11.4,11.4,11.4,11.4,11.4,11.4
S,E7000,KWH_GE15000,KWH,I_TAX,NAC,AT,,0.149,0.1514,0.1534,0.1572,0.1599,0.157,0.1466,0.1631,0.1611,0.1595,0.1639,0.1755,0.1698,0.1613,0.1572,0.1518,0.1491,0.1517,0.1491,0.1561,0.1577,0.1542,0.1602,0.1589,0.1617,0.1683,0.1726,0.1746,0.1782,0.185,0.2196,0.266,0.2949,0.2854,0.2596,0.2746,0.2853
S,E7000,KWH_GE15000,KWH,I_TAX,NAC,BA,,,,,,,,,,,0.1357,0.1367,0.1372,0.1349,0.1367,0.1345,0.1385,0.1356,0.1391,0.1399,0.1456,0.1446,0.1466,0.147,0.1482,0.1477,0.1499,0.152,0.1513,0.147,0.1536,0.1531,0.1708,0.1756,0.163,0.1711,0.1729,0.1833
S,E7000,KWH_GE15000,KWH,I_TAX,NAC,BE,,0.1562,0.1592,0.1746,0.1459,0.1365,0.1447,0.1509,0.1666,0.1582,0.1835,0.1619,0.1743,0.1679,0.1597,0.1588,0.1613,0.1776,0.179,0.2209,0.2339,0.2297,0.2217,0.2321,0.2308,0.2094,0.2262,0.2185,0.2343,0.2648,0.3172,0.4397,0.371,0.3219,0.2847,0.2902,0.3021,0.3463
S,E7000,KWH_GE15000,KWH,I_TAX,NAC,BG,,0.141,0.138,0.176,0.159,0.159,0.157,0.1632,0.1621,0.1694,0.1603,0.1891,0.1821,0.1746,0.1621,0.1661,0.1818,0.1871,0.186,0.1811,0.183,0.1916,0.1884,0.1955,0.1916,0.1829,0.1823,0.1857,0.1851,0.211,0.2107,0.223,0.219,0.2308,0.2284,0.2346,0.249,0.262
S,E7000,KWH_GE15000,KWH,I_TAX,NAC,CY,,0.0927,0.1792,0.212,0.1628,0.1682,0.159,0.2028,0.1783,0.2415,0.247,0.2913,0.2544,0.2488,0.2075,0.2365,0.1707,0.1848,0.1316,0.1635,0.1609,0.1835,0.1676,0.2101,0.1814,0.2124,0.1809,0.1602,0.1648,0.2208,0.2254,0.3361,0.3378,0.3331,0.2892,0.3104,0.2672,0.2717
S,E7000,KWH_GE15000,KWH,I_TAX,NAC,CZ,2.01,2.01,2.37,2.37,2.69,2.69,2.54,2.54,2.71,2.71,2.9,2.9,3.04,3.04,2.58,2.58,2.58,2.58,2.8,2.8,2.8,2.8,3.06,3.15,3.47,3.56,3.72,3.64,3.57,3.29,4.2472,4.6414,5.5331,5.7991,6.4301,6.3107,5.7643,5.636
S,E7000,KWH_GE15000,KWH,I_TAX,NAC,DE,0.18,0.1908,0.1907,0.197,0.2058,0.2067,0.2178,0.2211,0.2319,0.2325,0.2374,0.2442,0.2712,0.2668,0.2691,0.2714,0.2676,0.2679,0.268,0.2682,0.2717,0.2713,0.2667,0.2594,0.2655,0.237,0.2579,0.2523,0.2549,0.251,0.2703,0.2938,0.3484,0.3427,0.3453,0.337,0.3267,0.3283
S,E7000,KWH_GE15000,KWH,I_TAX,NAC,DK,,1.5827,1.7476,1.8593,1.7899,1.6815,1.7178,1.7483,1.8943,1.9411,1.9501,1.9401,1.692,1.6569,1.7172,1.7095,1.68,1.6578,1.6487,1.6388,1.6203,1.5968,1.6396,1.7582,1.6413,1.5959,1.5184,1.2645,1.1271,1.5281,2.3459,3.4901,2.6748,1.7703,1.8119,1.8532,1.7252,1.6022
S,E7000,KWH_GE15000,KWH,I_TAX,NAC,EA,,0.1483,0.1471,0.158,0.1694,0.1713,0.1719,0.1737,0.1837,0.1868,0.1897,0.1967,0.2018,0.1998,0.2038,0.2097,0.2099,0.2121,0.2042,0.2008,,,,,,,,,,,,,,,,,,
S,E7000,KWH_GE15000,KWH,I_TAX,NAC,EE,,1.02,1.047,1.161,1.221,1.267,1.318,1.417,0.0851,0.0954,0.097,0.1017,0.1176,0.1172,0.1109,0.1199,0.1138,0.1179,0.1044,0.1107,0.1062,0.1147,0.117,0.1273,0.119,0.1218,0.1057,0.1157,0.1216,0.1912,0.1882,0.2054,0.1634,0.1756,0.1714,0.1534,0.1735,0.1682
S,E7000,KWH_GE15000,KWH,I_TAX,NAC,EL,,0.1401,0.136,0.1705,0.1664,0.1439,0.1677,0.1762,0.126,0.1393,0.1362,0.1672,0.152,0.1939,0.1881,0.2006,0.1872,0.1961,0.1835,0.1967,0.1805,0.176,0.2041,0.214,0.2052,0.1996,0.1945,0.1975,0.1951,0.2553,0.3048,0.3214,0.3086,0.2815,0.2583,0.2666,0.2614,0.2703
S,E7000,KWH_GE15000,KWH,I_TAX,NAC,ES,,0.1182,0.1188,0.14,0.1418,0.1406,0.1432,0.1543,0.1551,0.1791,0.1755,0.1858,0.1794,0.1859,0.1665,0.1787,0.184,0.2002,0.1766,0.167,0.1483,0.1667,0.1571,0.1798,0.1792,0.1796,0.1614,0.1644,0.156,0.176,0.2298,0.2623,0.229,0.2154,0.2084,0.2056,0.198,0.2046
S,E7000,KWH_GE15000,KWH,I_TAX,NAC,FI,,0.0816,0.0889,0.0934,0.096,0.0952,0.0975,0.1001,0.1153,0.1181,0.1169,0.1165,0.1189,0.1169,0.1172,0.1145,0.1165,0.114,0.1124,0.1125,0.1133,0.1136,0.1148,0.1203,0.1218,0.1255,0.1228,0.1249,0.1274,0.1341,0.139,0.1675,0.157,0.1634,0.1792,0.1539,0.1493,0.1476
S,E7000,KWH_GE15000,KWH,I_TAX,NAC,FR,,0.0997,0.0993,0.1055,0.1004,0.1107,0.1118,0.1184,0.1245,0.1269,0.1256,0.1342,0.1272,0.1339,0.1317,0.1518,0.1517,0.1537,0.1543,0.156,0.1513,0.1534,0.1545,0.1556,0.1533,0.1671,0.1677,0.1733,0.1726,0.1781,0.185,0.1868,0.2001,0.2239,0.2534,0.2637,0.2401,0.2248
S,E7000,KWH_GE15000,KWH,I_TAX,NAC,GE,,,,,,,,,,,,,,,,,,,,,,,0.2158,0.2445,0.2588,0.2181,0.2323,0.2131,0.2766,0.2426,,0.2604,0.263,0.2748,0.232,0.2308,0.2576,0.2582
S,E7000,KWH_GE15000,KWH,I_TAX,NAC,HR,0.49,0.65,0.64,0.77,0.77,0.79,0.775,0.781,0.776,0.784,0.8211,0.9549,0.9564,0.9475,0.9281,0.9391,0.9292,0.9264,0.9194,0.9301,0.8284,0.8667,0.9125,0.9219,0.9175,0.9227,0.9176,0.9253,0.9163,0.9229,0.9509,1.0583,0.1582,0.1587,0.1581,0.1608,0.1755,0.1768
S,E7000,KWH_GE15000,KWH,I_TAX,NAC,HU,,26.93,40.3,40.33,38.56,43.76,43.85,43.12,44.4913,43.31,48.6256,46.262,41.1578,39.4483,37.9096,35.7344,34.6678,37.0794,35.2708,35.135,33.969,34.7673,34.5893,34.8676,34.7337,35.0942,36.6691,37.1581,35.5205,36.6376,36.1813,53.8859,62.6571,64.2876,62.1001,62.0959,63.6434,61.1792
S,E7000,KWH_GE15000,KWH,I_TAX,NAC,IE,,0.1469,0.1372,0.1591,0.1612,0.1467,0.14,0.1426,0.1318,0.1553,0.1635,0.1733,0.1733,0.1807,0.1806,0.1824,0.1738,0.1808,0.1723,0.1659,0.159,0.164,0.1617,0.1756,0.1778,0.1833,0.1807,0.1857,0.1794,0.208,0.2172,0.2884,0.2957,0.3546,0.2872,0.2962,0.2765,0.2731
S,E7000,KWH_GE15000,KWH,I_TAX,NAC,IS,,,,,,,,,,,14.0698,14.403,8.43,8.47,9.11,9.29,9.42,9.5605,8.4956,8.3448,9.4267,8.8345,9.8525,9.9078,8.9416,8.8018,8.8081,8.9956,9.2436,9.7414,10.0926,10.5237,11.6425,12.1634,13.5534,16.06,18.57,
S,E7000,KWH_GE15000,KWH,I_TAX,NAC,IT,,,0.217,0.2335,0.2927,0.3111,0.2804,0.2732,0.2866,0.2866,0.2948,0.3173,0.3202,0.2972,0.328,0.3337,0.3288,0.3405,0.2798,0.2552,0.2181,0.2038,0.2018,0.2061,0.2243,0.2252,0.188,0.1799,0.1958,0.2147,0.2901,0.355,0.3441,0.2483,0.2787,0.2675,0.2979,0.2808
S,E7000,KWH_GE15000,KWH,I_TAX,NAC,LI,,,,,,,,,,,,,,,0.1825,0.1825,0.1902,0.1902,0.1815,0.1815,0.1634,0.1634,0.1974,0.1941,0.1972,0.1964,0.1972,0.1975,0.1988,0.199,0.2037,0.2047,0.4067,0.3221,0.2901,0.2718,0.2535,0.2542
S,E7000,KWH_GE15000,KWH,I_TAX,NAC,LT,,0.2711,0.2599,0.2654,0.279,0.2839,0.3574,0.3896,0.3842,0.3818,0.3987,0.4051,0.4328,0.442,0.4172,0.4182,0.113,0.1133,0.1105,0.1051,0.0986,0.0991,0.0978,0.0981,0.1108,0.1133,0.1279,0.1204,0.1234,0.1436,0.1423,0.2111,0.2869,0.238,0.2172,0.2101,0.1982,0.1831
S,E7000,KWH_GE15000,KWH,I_TAX,NAC,LU,0.1058,0.1049,0.1049,0.1153,0.1393,0.1393,0.145,0.1466,0.1397,0.1376,0.144,0.143,0.1396,0.1393,0.1482,0.1486,0.1521,0.152,0.1455,0.1455,0.1324,0.1322,0.1346,0.1362,0.1451,0.145,0.1611,0.1612,0.1634,0.1635,0.1662,0.1686,0.1577,0.1608,0.162,0.1624,0.222,0.222
S,E7000,KWH_GE15000,KWH,I_TAX,NAC,LV,,0.0487,0.0552,0.0707,0.074,0.074,0.074,0.074,0.0855,0.1021,0.102,0.1024,0.102,0.0969,0.1451,0.1408,0.1598,0.1624,0.1583,0.1602,0.1553,0.1568,0.1466,0.1482,0.1538,0.1574,0.1492,0.1527,0.1426,0.1917,0.1535,0.2783,0.2849,0.2294,0.2205,0.2124,0.2013,0.1933
S,E7000,KWH_GE15000,KWH,I_TAX,NAC,MD,,,,,,,,,,,,,,,,,1.632,1.8438,2.08,1.9359,1.9672,2.016,2.0053,1.8251,1.804,1.8687,1.8721,1.7338,1.9307,1.5141,1.7741,3.3007,3.4049,2.5711,2.35,2.332,3.7672,3.6879
S,E7000,KWH_GE15000,KWH,I_TAX,NAC,ME,,,,,,,,,0.085,0.0835,0.089,0.0873,0.087,0.0895,0.0901,0.0909,0.0905,0.0909,0.0892,0.0903,0.0943,0.0948,0.0979,0.0985,0.1031,0.1061,0.1041,0.1059,0.1033,0.1022,0.1006,0.1085,0.1071,0.1035,0.1064,0.1092,0.1082,0.1105
S,E7000,KWH_GE15000,KWH,I_TAX,NAC,MK,,,,,,,,,,,,4.8688,5.1024,5.0622,4.9865,5.247,4.994,5.0854,5.0895,5.1461,5.0814,5.0091,4.8457,4.9007,4.8077,4.9119,4.8269,5.1973,5.1908,5.2227,5.792,7.4444,8.4153,8.3662,7.808,8.1424,8.2457,7.989
S,E7000,KWH_GE15000,KWH,I_TAX,NAC,MT,,0.0601,0.1417,0.1972,0.2128,0.2128,0.3983,0.3881,0.383,0.3681,0.3689,0.3559,0.3573,0.3761,0.3803,0.3883,0.3636,0.3456,0.3623,0.3936,0.3779,0.3492,0.356,0.3353,0.324,0.3198,0.3156,0.3128,0.3169,0.3102,0.3144,0.2943,0.2923,0.2872,0.297,0.2897,0.2855,0.3007
S,E7000,KWH_GE15000,KWH,I_TAX,NAC,NL,0.177,,,,0.2577,0.2054,0.2376,0.1891,0.2436,0.1948,0.2544,0.2085,0.2618,0.2121,0.2678,0.2056,0.2632,0.1977,0.2432,0.2011,0.181,0.143,0.198,0.162,0.221,0.191,0.2178,0.1874,0.2124,0.2039,0.2314,0.3507,0.5765,0.3246,0.3355,0.2812,0.2833,0.2609
S,E7000,KWH_GE15000,KWH,I_TAX,NAC,NO,,0.749,0.835,0.9771,0.904,0.847,1.1,1.0012,1.146,0.923,0.9027,0.7875,0.9096,0.9065,0.8434,0.8749,0.8566,0.7882,0.8915,0.9579,0.9611,0.9763,1.0912,1.2401,1.2021,1.1189,0.8314,0.79,1.2109,1.5909,1.3657,1.5734,1.4407,1.2827,1.3743,1.1989,1.2782,1.2657
S,E7000,KWH_GE15000,KWH,I_TAX,NAC,PL,,0.4782,0.3875,0.4129,0.4709,0.4903,0.4973,0.5187,0.5494,0.5531,0.5674,0.577,0.5775,0.5689,0.5622,0.5738,0.5656,0.569,0.5536,0.5562,0.5604,0.5632,0.5357,0.5373,0.5333,0.5419,0.6098,0.6243,0.6235,0.6321,0.5908,0.6757,1.0264,1.2198,1.168,1.0801,1.0327,1.0406
S,E7000,KWH_GE15000,KWH,I_TAX,NAC,PT,,0.1429,0.1241,0.1269,0.1284,0.1334,0.1372,0.1392,0.1442,0.1579,0.1777,0.186,0.1914,0.1913,0.1998,0.2008,0.2094,0.2069,0.2154,0.2161,0.2162,0.2098,0.2048,0.2052,0.1957,0.1958,0.1917,0.1932,0.1909,0.1998,0.2019,0.2048,0.2052,0.2243,0.2318,0.2476,0.2284,0.2282
S,E7000,KWH_GE15000,KWH,I_TAX,NAC,RO,,0.3884,0.3863,0.4177,0.3877,0.3891,0.4057,0.4224,0.4238,0.4573,0.4562,0.4775,0.5593,0.5409,0.55,0.5383,0.5561,0.5663,0.5272,0.5256,0.5192,0.5607,0.5953,0.5787,0.6427,0.6725,0.6908,0.685,0.7171,0.754,1.0802,1.4029,0.975,0.8518,0.9418,0.9292,1.0287,1.3052
S,E7000,KWH_GE15000,KWH,I_TAX,NAC,RS,,,,,,,,,,,,,7.6647,9.1219,8.3071,8.4093,8.7099,9.2322,9.3334,9.8517,9.8332,9.9582,10.2346,10.3568,10.0706,10.4926,10.3982,10.7601,11.0533,11.5577,11.5258,12.5162,13.9308,15.6522,16.5625,16.9932,17.229,18.6231
S,E7000,KWH_GE15000,KWH,I_TAX,NAC,SE,1.145,1.216,1.265,1.36,1.4,1.35,1.43,1.43,1.46,1.4378,1.3606,1.3565,1.3433,1.366,1.2854,1.2778,1.2694,1.2552,1.2631,1.3523,1.2967,1.3892,1.3782,1.5776,1.5426,1.5791,1.4444,1.5057,1.5259,1.7598,1.5975,2.0644,2.1806,1.9255,2.0595,1.9108,2.0344,2.0921
S,E7000,KWH_GE15000,KWH,I_TAX,NAC,SI,,0.0958,0.1006,0.1076,0.1249,0.1176,0.1209,0.1233,0.1259,0.1249,0.1273,0.1283,0.1279,0.1323,0.1298,0.1309,0.1272,0.1288,0.1266,0.1271,0.1247,0.1251,0.1239,0.1279,0.1226,0.1272,0.1135,0.1313,0.1254,0.133,0.1156,0.1635,0.1647,0.1798,0.1859,0.1669,0.1549,0.186
S,E7000,KWH_GE15000,KWH,I_TAX,NAC,SK,,2.83,3.03,3.18,0.1216,0.1316,0.1152,0.1239,0.132,0.1332,0.1337,0.1349,0.1322,0.1342,0.1208,0.1228,0.1169,0.1159,0.112,0.1162,0.1043,0.1068,0.1129,0.1126,0.1196,0.1229,0.133,0.1367,0.1301,0.129,0.1447,0.1532,0.1523,0.163,0.1488,0.1487,0.1558,0.1571
S,E7000,KWH_GE15000,KWH,I_TAX,NAC,TR,,0.1575,0.1884,0.2353,0.2463,0.2562,0.2712,0.2711,0.2682,0.2811,0.3079,0.3371,0.356,0.3501,0.3529,0.3744,0.3665,0.387,0.4119,0.4092,0.4102,0.4079,0.4418,0.5377,0.5334,0.656,0.706,0.7319,0.7869,0.895,1.8332,2.3167,2.3093,2.158,2.1596,2.8321,3.9309,4.7914
S,E7000,KWH_GE15000,KWH,I_TAX,NAC,UA,,,,,,,,,,,,,,,,,,,0.71,0.9,1.14,1.19,1.14,1.1723,1.4526,1.3683,1.2606,1.2715,1.4968,,,,,,,,,
S,E7000,KWH_GE15000,KWH,I_TAX,NAC,UK,,0.0781,0.107,0.108,0.117,0.1057,0.0977,0.1022,0.1001,0.1145,0.1119,0.1198,0.1207,0.1307,0.1304,0.1329,0.1274,0.134,0.1267,0.1383,0.1288,0.1413,0.1403,0.1537,0.1554,0.1661,0.1662,,,,,,,,,,,
S,E7000,KWH_GE15000,KWH,I_TAX,NAC,XK,,,,,,,,,,,,,0.0746,0.0733,0.0781,0.0713,0.0833,0.0747,0.0786,0.0729,0.0784,0.0567,0.0546,0.0556,0.0537,0.0564,0.0532,0.0557,0.0529,0.0556,0.0735,0.0984,0.0931,0.1152,0.105,0.1063,0.1016,0.1242
S,E7000,KWH_GE15000,KWH,I_TAX,PPS,AL,,,,,,,,,0.2632,0.2632,0.2586,0.2586,0.2578,0.2578,0.2619,0.2619,0.1843,0.1957,0.1967,0.1964,0.1844,0.1844,,0.1835,0.1852,0.1852,0.1792,0.1792,0.1771,0.1771,0.1778,0.1778,0.1789,0.1792,0.1812,0.1822,0.1834,0.1834
S,E7000,KWH_GE15000,KWH,I_TAX,PPS,AT,,0.1394,0.1387,0.1406,0.1401,0.1425,0.1424,0.133,0.1473,0.1455,0.1447,0.1487,0.157,0.1519,0.1459,0.1422,0.1373,0.1373,0.1412,0.1397,0.1383,0.1397,0.1368,0.1422,0.1398,0.1423,0.1472,0.151,0.1527,0.1543,0.1602,0.1925,0.2374,0.2627,0.252,0.2291,0.2391,0.2485
S,E7000,KWH_GE15000,KWH,I_TAX,PPS,BA,,,,,,,,,,,0.1438,0.1449,0.1439,0.1415,0.1446,0.1423,0.1465,0.1471,0.1505,0.1512,0.1469,0.1459,0.1474,0.1478,0.1475,0.147,0.1496,0.1517,0.151,0.1445,0.151,0.1503,0.1605,0.1623,0.1529,0.1595,0.1498,0.1588
S,E7000,KWH_GE15000,KWH,I_TAX,PPS,BE,,0.1429,0.1424,0.1562,0.1279,0.1196,0.1305,0.1361,0.1501,0.1425,0.1656,0.1461,0.1548,0.1491,0.1439,0.1431,0.1453,0.1609,0.1654,0.2067,0.2071,0.2034,0.1965,0.2057,0.2045,0.1856,0.2028,0.1959,0.21,0.2379,0.2855,0.3957,0.3333,0.2876,0.2538,0.2571,0.2691,0.3085
S,E7000,KWH_GE15000,KWH,I_TAX,PPS,BG,,0.1797,0.165,0.2105,0.1818,0.1818,0.1811,0.1882,0.1751,0.183,0.1743,0.2056,0.1958,0.1877,0.1758,0.1801,0.1971,0.207,0.2063,0.1998,0.1858,0.1946,0.1873,0.1944,0.1842,0.1759,0.173,0.1762,0.1756,0.1955,0.1952,0.2056,0.1858,0.1958,0.1935,0.1987,0.2075,0.2183
S,E7000,KWH_GE15000,KWH,I_TAX,PPS,CY,,0.1817,0.2043,0.2417,0.1831,0.1892,0.1792,0.2286,0.1938,0.2624,0.2721,0.3209,0.2851,0.2788,0.2361,0.269,0.1942,0.2029,0.1489,0.1849,0.1803,0.2057,0.1867,0.2341,0.2002,0.2344,0.1975,0.1749,0.1799,0.2408,0.2458,0.3709,0.3693,0.3654,0.3219,0.3408,0.2925,0.2975
S,E7000,KWH_GE15000,KWH,I_TAX,PPS,CZ,0.117,0.117,0.1298,0.1298,0.1456,0.1456,0.1389,0.1389,0.1526,0.1526,0.1639,0.1639,0.1738,0.1738,0.1479,0.1479,0.1492,0.1492,0.1619,0.1633,0.1547,0.1547,0.1677,0.1726,0.1861,0.1909,0.1943,0.1901,0.1865,0.17,0.2137,0.2336,0.2792,0.2926,0.3205,0.3107,0.284,0.2777
S,E7000,KWH_GE15000,KWH,I_TAX,PPS,DE,0.1758,0.1864,0.1835,0.1896,0.1913,0.1921,0.2087,0.2119,0.2231,0.2237,0.2297,0.2363,0.258,0.2538,0.2583,0.2605,0.2568,0.2569,0.2597,0.2588,0.2505,0.2501,0.2455,0.2387,0.2401,0.2143,0.2334,0.2283,0.2307,0.2259,0.2433,0.2646,0.3112,0.3063,0.307,0.3011,0.2926,0.294
S,E7000,KWH_GE15000,KWH,I_TAX,PPS,DK,,0.1559,0.1704,0.1813,0.1719,0.1615,0.1691,0.1721,0.1881,0.1928,0.1936,0.1926,0.1665,0.1631,0.171,0.1702,0.1731,0.1708,0.1649,0.164,0.1619,0.1596,0.1642,0.1761,0.1656,0.161,0.153,0.1274,0.1136,0.1547,0.2375,0.3511,0.2717,0.1786,0.1856,0.188,0.1768,0.1642
S,E7000,KWH_GE15000,KWH,I_TAX,PPS,EA,,0.1476,0.1431,0.1537,0.1615,0.1633,0.1652,0.1669,0.1769,0.1799,0.1845,0.1913,0.1955,0.1935,0.1991,0.2049,0.2089,0.2111,0.199,0.1957,0.1856,0.1853,0.1851,0.1875,0.1918,0.1881,0.1865,0.1855,0.1875,0.1943,0.2259,0.2561,0.2727,0.2546,0.2635,0.2615,0.2566,0.2532
S,E7000,KWH_GE15000,KWH,I_TAX,PPS,EE,,0.096,0.0943,0.1045,0.1114,0.1156,0.1242,0.1336,0.1225,0.1373,0.1368,0.1434,0.1613,0.1608,0.1485,0.1606,0.1524,0.1626,0.1433,0.1497,0.1363,0.1472,0.1469,0.1598,0.1464,0.1499,0.1317,0.1442,0.1515,0.2334,0.2298,0.2506,0.1845,0.1957,0.1905,0.1671,0.1898,0.184
S,E7000,KWH_GE15000,KWH,I_TAX,PPS,EL,,0.1582,0.1516,0.19,0.1794,0.1552,0.1824,0.1916,0.1358,0.1501,0.1523,0.187,0.1781,0.2272,0.2269,0.242,0.2258,0.2399,0.2224,0.2384,0.2155,0.2102,0.2453,0.2572,0.2487,0.2419,0.2351,0.2387,0.2358,0.311,0.3704,0.3906,0.3762,0.3432,0.3189,0.3292,0.3217,0.3326
S,E7000,KWH_GE15000,KWH,I_TAX,PPS,ES,,0.1317,0.1289,0.1519,0.1503,0.1491,0.1524,0.1642,0.1662,0.192,0.1939,0.2053,0.1992,0.2064,0.1861,0.1998,0.2057,0.2236,0.1995,0.1868,0.1614,0.1815,0.1685,0.1929,0.1923,0.1927,0.1719,0.1751,0.1662,0.1881,0.2456,0.2778,0.2456,0.231,0.2276,0.2291,0.2207,0.228
S,E7000,KWH_GE15000,KWH,I_TAX,PPS,EU27_2020,,,,,,,,,,,,,,,,,,,,,0.1807,0.1816,0.181,0.1842,0.1875,0.185,0.1843,0.1836,0.1847,0.1904,0.2196,0.253,0.269,0.2537,0.2557,0.2533,0.2539,0.2531
S,E7000,KWH_GE15000,KWH,I_TAX,PPS,FI,,0.0704,0.0757,0.0795,0.08,0.0793,0.0817,0.0839,0.0958,0.0982,0.0969,0.0965,0.0964,0.0948,0.0942,0.0921,0.0937,0.0918,0.092,0.0929,0.0912,0.0914,0.0914,0.0958,0.0969,0.0999,0.0971,0.0988,0.1007,0.1079,0.1115,0.134,0.1266,0.1318,0.1492,0.1282,0.1243,0.1229
S,E7000,KWH_GE15000,KWH,I_TAX,PPS,FR,,0.0906,0.0879,0.0934,0.0877,0.0967,0.0996,0.1055,0.1113,0.1134,0.1119,0.1196,0.1125,0.1184,0.12,0.1385,0.1416,0.1435,0.1427,0.1456,0.1349,0.1368,0.1387,0.1396,0.1409,0.1536,0.1541,0.1592,0.1586,0.1639,0.1707,0.1723,0.1842,0.205,0.232,0.2414,0.2205,0.2065
S,E7000,KWH_GE15000,KWH,I_TAX,PPS,HR,0.1035,0.1374,0.1305,0.157,0.1504,0.1543,0.1511,0.1523,0.155,0.1566,0.1702,0.198,0.1988,0.1969,0.1919,0.1941,0.1921,0.1925,0.1938,0.1965,0.1711,0.179,0.1874,0.1893,0.1883,0.1894,0.1888,0.1904,0.1885,0.1881,0.1939,0.2155,0.2376,0.2356,0.2288,0.2256,0.2462,0.2481
S,E7000,KWH_GE15000,KWH,I_TAX,PPS,HU,,0.1664,0.2432,0.2434,0.231,0.2622,0.2668,0.2623,0.2689,0.2618,0.2889,0.2749,0.2404,0.2304,0.2169,0.2045,0.1984,0.212,0.2008,0.2007,0.1715,0.1755,0.1683,0.1697,0.1629,0.1646,0.1647,0.1669,0.1522,0.157,0.1431,0.2131,0.2478,0.2542,0.2282,0.232,0.2271,0.2183
S,E7000,KWH_GE15000,KWH,I_TAX,PPS,IE,,0.1244,0.1126,0.1306,0.1359,0.1237,0.1268,0.1291,0.1195,0.1408,0.1491,0.1581,0.1573,0.164,0.1623,0.1639,0.1562,0.1622,0.1598,0.1539,0.1374,0.1418,0.1386,0.1505,0.148,0.1526,0.1487,0.1528,0.1497,0.1735,0.1812,0.2426,0.2487,0.2983,0.2426,0.2502,0.2336,0.2307
S,E7000,KWH_GE15000,KWH,I_TAX,PPS,IS,,,,,,,,,,,0.0782,0.08,0.0461,0.0463,0.0491,0.05,0.0507,0.0515,0.0455,0.0444,0.0487,0.0456,0.0483,0.0486,0.0427,0.0421,0.0393,0.0402,0.0413,0.0432,0.0447,0.0466,0.053,0.0546,0.0605,0.0724,0.0813,
S,E7000,KWH_GE15000,KWH,I_TAX,PPS,IT,,,0.2149,0.2312,0.2825,0.3003,0.2743,0.2673,0.2813,0.2813,0.2935,0.3159,0.3174,0.2946,0.3268,0.3324,0.3276,0.3384,0.2851,0.26,0.2171,0.2029,0.2012,0.2055,0.2253,0.2262,0.1893,0.1811,0.1971,0.219,0.2959,0.3635,0.3579,0.2587,0.2887,0.2781,0.3114,0.2935
S,E7000,KWH_GE15000,KWH,I_TAX,PPS,LT,,0.1365,0.1195,0.122,0.1304,0.1327,0.1751,0.1908,0.1843,0.1832,0.1915,0.1946,0.2044,0.2088,0.197,0.1975,0.1835,0.1878,0.1827,0.1765,0.1529,0.1537,0.1484,0.1489,0.1651,0.1689,0.1876,0.1766,0.181,0.2064,0.2045,0.3057,0.3813,0.3163,0.2812,0.2689,0.2536,0.2343
S,E7000,KWH_GE15000,KWH,I_TAX,PPS,LU,0.0929,0.0921,0.0904,0.0994,0.1155,0.1155,0.12,0.1213,0.1178,0.1161,0.1219,0.1211,0.1152,0.1149,0.1243,0.1247,0.1276,0.1267,0.1235,0.1232,0.1072,0.107,0.1078,0.109,0.1151,0.115,0.1245,0.1246,0.1263,0.1282,0.1303,0.1301,0.1215,0.1216,0.1225,0.1231,0.1682,0.1682
S,E7000,KWH_GE15000,KWH,I_TAX,PPS,LV,,0.1044,0.1093,0.14,0.1538,0.1538,0.1598,0.1598,0.181,0.2162,0.2125,0.2133,0.2099,0.1994,0.2116,0.2053,0.233,0.2406,0.2378,0.2416,0.2201,0.2222,0.2024,0.2047,0.208,0.2128,0.2021,0.2069,0.1932,0.2527,0.1999,0.3625,0.3568,0.2866,0.2734,0.2756,0.2611,0.2508
S,E7000,KWH_GE15000,KWH,I_TAX,PPS,ME,,,,,,,,,0.1732,0.1701,0.1812,0.1778,0.1734,0.1784,0.1755,0.177,0.1762,0.1831,0.182,0.1871,0.1891,0.1901,0.1908,0.192,0.2031,0.209,0.2064,0.21,0.2048,0.1963,0.1933,0.2107,0.1962,0.1896,0.187,0.1941,0.1928,0.197
S,E7000,KWH_GE15000,KWH,I_TAX,PPS,MK,,,,,,,,,,,,0.1949,0.1993,0.1977,0.1954,0.2056,0.1984,0.202,0.2002,0.2005,0.1839,0.1813,0.1726,0.1746,0.1716,0.1753,0.1704,0.1835,0.1832,0.1783,0.1978,0.2595,0.2857,0.2864,0.2619,0.2611,0.2644,0.2561
S,E7000,KWH_GE15000,KWH,I_TAX,PPS,MT,,0.2002,0.1976,0.275,0.2926,0.2926,0.5453,0.5313,0.5065,0.4868,0.4812,0.4642,0.4581,0.4822,0.4744,0.4844,0.4534,0.431,0.4518,0.4905,0.4545,0.4199,0.4134,0.3893,0.3774,0.3725,0.3598,0.3567,0.3613,0.3513,0.3601,0.3322,0.3259,0.3202,0.3271,0.3191,0.3139,0.3306
S,E7000,KWH_GE15000,KWH,I_TAX,PPS,NL,0.1675,,,,0.2304,0.1836,0.2135,0.1699,0.2213,0.177,0.2321,0.1902,0.2392,0.1938,0.2447,0.1879,0.2426,0.1822,0.2242,0.1862,0.1589,0.1256,0.1728,0.1414,0.1873,0.1619,0.1869,0.1608,0.1829,0.1756,0.1977,0.2996,0.4905,0.2762,0.2862,0.2399,0.2417,0.2226
S,E7000,KWH_GE15000,KWH,I_TAX,PPS,NO,,0.0693,0.0745,0.0872,0.0759,0.0711,0.0932,0.0848,0.0962,0.0775,0.0769,0.0671,0.0746,0.0744,0.0674,0.0699,0.0684,0.0628,0.0693,0.0739,0.0687,0.0698,0.0771,0.0876,0.0827,0.077,0.0549,0.0522,0.08,0.1097,0.0942,0.1097,0.1055,0.0946,0.0967,0.0845,0.0884,0.0875
S,E7000,KWH_GE15000,KWH,I_TAX,PPS,PL,,0.2105,0.1631,0.1737,0.19,0.1978,0.2085,0.2175,0.2268,0.2284,0.2352,0.2392,0.2394,0.2358,0.2322,0.237,0.2336,0.2365,0.2341,0.2354,0.2208,0.2219,0.2079,0.2085,0.203,0.2063,0.2276,0.233,0.2327,0.2296,0.2036,0.2329,0.3564,0.4236,0.3806,0.352,0.3335,0.336
S,E7000,KWH_GE15000,KWH,I_TAX,PPS,PT,,0.1757,0.1493,0.1527,0.1525,0.1585,0.1657,0.1681,0.1756,0.1923,0.223,0.2334,0.2455,0.2453,0.2568,0.2581,0.2692,0.2655,0.2767,0.2764,0.2579,0.2503,0.2431,0.2436,0.233,0.2331,0.2253,0.2271,0.2244,0.2333,0.2357,0.2392,0.24,0.266,0.2803,0.3008,0.277,0.2767
S,E7000,KWH_GE15000,KWH,I_TAX,PPS,RO,,0.2084,0.189,0.2044,0.1841,0.1847,0.1946,0.2026,0.2009,0.2168,0.2148,0.2248,0.2537,0.2454,0.2407,0.2356,0.2434,0.256,0.2418,0.2411,0.221,0.2386,0.2416,0.2348,0.2552,0.2671,0.2703,0.2681,0.2806,0.2882,0.3917,0.5087,0.3535,0.3089,0.335,0.3278,0.3466,0.4398
S,E7000,KWH_GE15000,KWH,I_TAX,PPS,RS,,,,,,,,,,,,,0.1393,0.1658,0.146,0.1478,0.1531,0.1717,0.1713,0.182,0.1654,0.1675,0.1694,0.1714,0.1641,0.171,0.1664,0.1721,0.1768,0.1805,0.18,0.1958,0.2066,0.2286,0.2305,0.2381,0.2396,0.259
S,E7000,KWH_GE15000,KWH,I_TAX,PPS,SE,0.1046,0.111,0.1126,0.1211,0.1181,0.1139,0.1213,0.1213,0.1244,0.1225,0.1173,0.1169,0.1152,0.1171,0.1085,0.1078,0.1071,0.1047,0.1024,0.1131,0.1006,0.1078,0.1055,0.1207,0.1167,0.1195,0.1091,0.1138,0.116,0.1338,0.1214,0.1569,0.1618,0.1425,0.1514,0.1421,0.1513,0.1555
S,E7000,KWH_GE15000,KWH,I_TAX,PPS,SI,,0.1235,0.1239,0.1325,0.1458,0.1373,0.1439,0.1467,0.1507,0.1495,0.1573,0.1585,0.1589,0.1643,0.1624,0.1638,0.1591,0.1611,0.1608,0.1623,0.1502,0.1507,0.1478,0.1526,0.1464,0.1519,0.135,0.1562,0.1492,0.1568,0.1363,0.1925,0.1916,0.2119,0.2148,0.1937,0.1776,0.2131
S,E7000,KWH_GE15000,KWH,I_TAX,PPS,SK,,0.1247,0.1418,0.1488,0.1789,0.1937,0.1724,0.1854,0.1921,0.1938,0.1958,0.1975,0.1946,0.1975,0.1813,0.1843,0.1755,0.1752,0.1712,0.1788,0.1387,0.142,0.147,0.1466,0.1519,0.1561,0.1652,0.1698,0.1616,0.1594,0.1788,0.1904,0.1838,0.2056,0.1837,0.1858,0.1943,0.1959
S,E7000,KWH_GE15000,KWH,I_TAX,PPS,TR,,0.1479,0.1654,0.2065,0.2031,0.2113,0.2201,0.22,0.204,0.2138,0.2226,0.2437,0.2417,0.2377,0.2224,0.2359,0.2309,0.2476,0.248,0.246,0.2035,0.2024,0.1834,0.2232,0.189,0.2324,0.2147,0.2226,0.2393,0.2147,0.4398,0.3194,0.3184,0.2908,0.1937,0.25,0.2172,0.2648
S,E7000,KWH_GE15000,KWH,I_TAX,PPS,UK,,0.0982,0.1284,0.1296,0.1342,0.1212,0.1079,0.1129,0.108,0.1235,0.1224,0.131,0.1305,0.1413,0.1391,0.1417,0.1381,0.1453,0.1374,0.15,0.1292,0.1417,0.1392,0.1525,0.1526,0.1631,0.1612,,,,,,,,,,,
S,E7000,KWH_GE15000,KWH,X_TAX,EUR,AL,,,,,,,,,0.096,0.0964,0.0969,0.0973,0.0963,0.0962,0.0963,0.0967,0.0676,0.0683,0.0687,0.0695,0.0703,0.0713,,0.0759,0.0767,0.0778,0.0768,0.0767,0.0771,0.0781,0.0784,0.0813,0.0842,0.0907,0.0929,0.0958,0.0963,0.0979
S,E7000,KWH_GE15000,KWH,X_TAX,EUR,AT,,0.1089,0.1095,0.1112,0.1143,0.1164,0.116,0.1075,0.1191,0.1194,0.1166,0.1139,0.1183,0.1143,0.105,0.1017,0.0976,0.0954,0.0946,0.0925,0.1007,0.0998,0.0985,0.1031,0.105,0.1072,0.1099,0.1122,0.112,0.1154,0.1331,0.1756,0.2406,0.2636,0.2566,0.2348,0.2202,0.2168
S,E7000,KWH_GE15000,KWH,X_TAX,EUR,BA,,,,,,,,,,,0.0592,0.0596,0.0598,0.0588,0.0596,0.0588,0.0605,0.0593,0.0608,0.0612,0.0622,0.0617,0.0624,0.0624,0.063,0.062,0.0633,0.0636,0.0635,0.0614,0.0647,0.0643,0.0741,0.0762,0.0707,0.0743,0.075,0.0789
S,E7000,KWH_GE15000,KWH,X_TAX,EUR,BE,,0.0966,0.1181,0.1284,0.1055,0.0982,0.1025,0.1075,0.1181,0.1151,0.1232,0.1201,0.1237,0.1224,0.1254,0.1317,0.1356,0.1337,0.103,0.1396,0.1592,0.1346,0.1484,0.156,0.1527,0.1331,0.1444,0.138,0.1481,0.1736,0.2378,0.3702,0.3022,0.227,0.1966,0.2096,0.2307,0.27
S,E7000,KWH_GE15000,KWH,X_TAX,EUR,BG,,0.0598,0.0588,0.0752,0.068,0.0675,0.067,0.0696,0.0691,0.0722,0.0682,0.0807,0.0777,0.0744,0.0691,0.0708,0.0775,0.0797,0.0793,0.0772,0.078,0.0816,0.0803,0.0833,0.0817,0.0779,0.0777,0.0791,0.0788,0.0899,0.0897,0.095,0.0933,0.0983,0.0974,0.1,0.1061,0.1116
S,E7000,KWH_GE15000,KWH,X_TAX,EUR,CY,,0.1361,0.1539,0.1824,0.1397,0.1444,0.1364,0.1698,0.15,0.2042,0.2075,0.2424,0.2099,0.2042,0.1684,0.1931,0.1368,0.1478,0.102,0.1303,0.1244,0.143,0.1265,0.168,0.1224,0.1484,0.1229,0.1106,0.1009,0.1365,0.1383,0.2442,0.2013,0.2004,0.1823,0.197,0.1665,0.1788
S,E7000,KWH_GE15000,KWH,X_TAX,EUR,CZ,0.06,0.0617,0.0778,0.0793,0.0822,0.0866,0.0812,0.0841,0.0916,0.0898,0.0949,0.0951,0.0965,0.0945,0.0765,0.076,0.0764,0.0776,0.0843,0.0844,0.0851,0.0881,0.098,0.0996,0.0911,0.0939,0.0964,0.0933,0.0936,0.1101,0.1399,0.1454,0.1919,0.1943,0.1916,0.1857,0.1693,0.1691
S,E7000,KWH_GE15000,KWH,X_TAX,EUR,DE,0.1063,0.1146,0.1131,0.1181,0.1248,0.1199,0.1246,0.1214,0.1267,0.1254,0.129,0.1269,0.1349,0.1313,0.1272,0.1275,0.1261,0.1253,0.1217,0.121,0.1196,0.119,0.1125,0.1089,0.1159,0.0936,0.1085,0.1077,0.108,0.1058,0.147,0.2017,0.2497,0.2441,0.2418,0.2343,0.2159,0.2168
S,E7000,KWH_GE15000,KWH,X_TAX,EUR,DK,,0.087,0.0957,0.1095,0.0944,0.0792,0.0864,0.0918,0.0992,0.102,0.0947,0.0884,0.0886,0.0856,0.0859,0.0838,0.0804,0.0748,0.0761,0.0808,0.0833,0.0817,0.0863,0.1014,0.0976,0.0932,0.0836,0.0791,0.0938,0.1377,0.2265,0.3539,0.2847,0.1688,0.1715,0.1759,0.1648,0.1515
S,E7000,KWH_GE15000,KWH,X_TAX,EUR,EA,0.1063,0.0956,0.0949,0.1029,0.106,0.1056,0.1051,0.119,0.1196,0.1235,0.1231,0.1268,0.1243,0.1242,0.1216,0.128,0.1259,0.1277,0.115,0.1134,0.1081,0.1083,0.1056,0.1096,0.1073,0.1042,0.1046,0.1058,0.109,0.1195,0.1665,0.211,0.2268,0.2055,0.2015,0.1952,0.1858,0.1812
S,E7000,KWH_GE15000,KWH,X_TAX,EUR,EE,,0.0543,0.0515,0.0578,0.0592,0.0604,0.0585,0.0629,0.0603,0.0689,0.0669,0.0706,0.0848,0.0845,0.0802,0.0877,0.0814,0.0839,0.0785,0.0841,0.079,0.0807,0.0841,0.0927,0.0843,0.0866,0.0737,0.0841,0.089,0.147,0.1445,0.1589,0.1228,0.134,0.1289,0.1138,0.1322,0.1252
S,E7000,KWH_GE15000,KWH,X_TAX,EUR,EL,,0.1283,0.1245,0.1561,0.1524,0.1315,0.1337,0.1351,0.0969,0.0969,0.09,0.1062,0.098,0.1157,0.1106,0.1161,0.1118,0.1144,0.1059,0.1142,0.106,0.099,0.1022,0.1044,0.1062,0.1122,0.1141,0.1148,0.1156,0.1684,0.2673,0.425,0.2204,0.1876,0.1753,0.1757,0.1745,0.1769
S,E7000,KWH_GE15000,KWH,X_TAX,EUR,ES,,0.0976,0.0981,0.1148,0.1163,0.1153,0.1174,0.1244,0.1251,0.1444,0.1415,0.1461,0.1411,0.1462,0.1309,0.1405,0.1447,0.1574,0.1389,0.1313,0.1166,0.1311,0.1236,0.1414,0.105,0.1028,0.0864,0.0908,0.0996,0.1162,0.1831,0.2112,0.1909,0.1806,0.1557,0.1544,0.1389,0.1423
S,E7000,KWH_GE15000,KWH,X_TAX,EUR,EU27_2020,0.0956,0.0923,0.0929,0.1005,0.1011,0.1014,0.102,0.1141,0.1155,0.118,0.1176,0.1211,0.1189,0.1184,0.1151,0.12,0.1181,0.1196,0.109,0.1082,0.1029,0.1037,0.1013,0.1054,0.1031,0.1005,0.1005,0.1018,0.1045,0.1174,0.1567,0.2,0.2089,0.1897,0.1892,0.1833,0.1746,0.1721
S,E7000,KWH_GE15000,KWH,X_TAX,EUR,FI,,0.0595,0.0641,0.0677,0.0699,0.0692,0.0711,0.0726,0.0767,0.079,0.078,0.0777,0.0788,0.0773,0.0755,0.0733,0.0715,0.0694,0.0681,0.0682,0.0688,0.0691,0.07,0.0745,0.0757,0.0784,0.0765,0.0782,0.0802,0.0856,0.0896,0.1154,0.1111,0.1093,0.122,0.1005,0.0964,0.0951
S,E7000,KWH_GE15000,KWH,X_TAX,EUR,FR,,0.0737,0.0734,0.0784,0.0745,0.0822,0.0801,0.0853,0.086,0.0872,0.0856,0.0917,0.0821,0.087,0.0819,0.0989,0.096,0.0976,0.0952,0.0964,0.0947,0.0965,0.0946,0.0975,0.0955,0.1067,0.1074,0.1118,0.1123,0.1169,0.1394,0.1457,0.1657,0.187,0.1977,0.1984,0.1718,0.1549
S,E7000,KWH_GE15000,KWH,X_TAX,EUR,GE,,,,,,,,,,,,,,,,,,,,,,,0.0613,0.0691,0.0718,0.0568,0.0589,0.048,0.0586,0.0567,,0.0783,0.0794,0.081,0.0672,0.066,0.072,0.0693
S,E7000,KWH_GE15000,KWH,X_TAX,EUR,HR,0.0544,0.0711,0.0715,0.0864,0.084,0.0863,0.086,0.0862,0.0846,0.0845,0.0869,0.1012,0.1004,0.0979,0.0928,0.0937,0.0929,0.0929,0.0926,0.0946,0.0937,0.0946,0.0949,0.0958,0.0953,0.096,0.0939,0.0946,0.0935,0.0948,0.0977,0.1104,0.1261,0.1265,0.1263,0.1291,0.1421,0.1433
S,E7000,KWH_GE15000,KWH,X_TAX,EUR,HU,,0.0766,0.1311,0.1332,0.1099,0.1282,0.1279,0.1224,0.1311,0.1147,0.1257,0.1246,0.1056,0.1018,0.0973,0.0907,0.0888,0.0935,0.0888,0.0892,0.0864,0.0886,0.0867,0.0849,0.0853,0.0837,0.0836,0.0819,0.0782,0.0803,0.0759,0.1042,0.1296,0.1322,0.1255,0.122,0.1239,0.1232
S,E7000,KWH_GE15000,KWH,X_TAX,EUR,IE,,0.1294,0.1209,0.1402,0.142,0.1293,0.1233,0.1252,0.1146,0.1355,0.1433,0.1517,0.1515,0.1577,0.1573,0.1582,0.1505,0.1562,0.1492,0.1429,0.1373,0.141,0.1388,0.1513,0.1551,0.1598,0.1577,0.1582,0.1554,0.1805,0.2033,0.2765,0.3481,0.36,0.31,0.2872,0.2624,0.2493
S,E7000,KWH_GE15000,KWH,X_TAX,EUR,IS,,,,,,,,,,,0.068,0.0716,0.041,0.0414,0.0465,0.0479,0.0499,0.0518,0.0458,0.0495,0.0619,0.0541,0.0609,0.0576,0.0496,0.0486,0.045,0.0426,0.0462,0.0503,0.098,0.0992,0.0982,0.1026,0.1103,0.0842,0.1004,
S,E7000,KWH_GE15000,KWH,X_TAX,EUR,IT,,,,,,,,0.2082,0.194,0.2003,0.1997,0.2091,0.2092,0.1932,0.2086,0.2085,0.2047,0.208,0.1507,0.1305,0.1164,0.1078,0.1065,0.1124,0.1182,0.1125,0.0994,0.0965,0.1113,0.1483,0.2394,0.3002,0.2842,0.1824,0.1968,0.1794,0.2137,0.1997
S,E7000,KWH_GE15000,KWH,X_TAX,EUR,LI,,,,,,,,,,,,,,,0.1359,0.1374,0.1572,0.154,0.1442,0.1458,0.1266,0.1189,0.1438,0.1448,0.1488,0.1527,0.1581,0.1554,0.155,0.159,0.1689,0.1792,0.3681,0.2965,0.2636,0.2506,0.2332,0.236
S,E7000,KWH_GE15000,KWH,X_TAX,EUR,LT,,0.0665,0.0638,0.0651,0.0679,0.0681,0.0855,0.0933,0.092,0.0914,0.0954,0.097,0.0764,0.0786,0.0792,0.0794,0.077,0.0771,0.0756,0.0719,0.0677,0.068,0.0674,0.0676,0.0831,0.0845,0.0987,0.0877,0.0909,0.1088,0.1142,0.1742,0.244,0.2046,0.1793,0.1736,0.1717,0.1515
S,E7000,KWH_GE15000,KWH,X_TAX,EUR,LU,0.0918,0.0909,0.0909,0.099,0.1192,0.1192,0.1168,0.1183,0.1186,0.1166,0.1227,0.1217,0.1193,0.119,0.1189,0.1193,0.1104,0.1103,0.1101,0.1102,0.0898,0.0896,0.0982,0.0997,0.1004,0.1005,0.1122,0.1121,0.1142,0.1142,0.1344,0.1366,0.26,0.2488,0.2637,0.2632,0.2422,0.2422
S,E7000,KWH_GE15000,KWH,X_TAX,EUR,LV,,0.0663,0.0753,0.0952,0.0953,0.0954,0.095,0.0949,0.0991,0.1186,0.1207,0.104,0.1028,0.0871,0.0932,0.0942,0.1053,0.1074,0.104,0.1056,0.1016,0.1028,0.0989,0.1016,0.1066,0.109,0.103,0.1057,0.1037,0.1434,0.1631,0.2278,0.2353,0.1959,0.1818,0.1761,0.1659,0.1593
S,E7000,KWH_GE15000,KWH,X_TAX,EUR,MD,,,,,,,,,,,,,,,,,0.0808,0.0854,0.0935,0.0867,0.0922,0.0953,0.0977,0.0917,0.0906,0.0932,0.0937,0.0847,0.0904,0.0722,0.0854,0.1622,0.1712,0.1296,0.1197,0.1175,0.189,0.1822
S,E7000,KWH_GE15000,KWH,X_TAX,EUR,ME,,,,,,,,,0.0726,0.0713,0.0754,0.0756,0.0755,0.0774,0.0775,0.0788,0.0789,0.0794,0.0786,0.0796,0.0764,0.0767,0.0788,0.079,0.0793,0.0819,0.0815,0.0821,0.0813,0.0822,0.0808,0.0817,0.0809,0.0815,0.0856,0.0862,0.0885,0.0894
S,E7000,KWH_GE15000,KWH,X_TAX,EUR,MK,,,,,,,,,,,,0.0369,0.039,0.041,0.0418,0.0414,0.0687,0.0699,0.0699,0.0709,0.0699,0.069,0.0667,0.0675,0.0662,0.0677,0.0663,0.0714,0.0713,0.0807,0.0894,0.1152,0.1242,0.1153,0.1154,0.1122,0.1134,0.1099
S,E7000,KWH_GE15000,KWH,X_TAX,EUR,MT,,0.1335,0.135,0.1878,0.2027,0.2027,0.3793,0.3687,0.3648,0.3501,0.3513,0.3379,0.3403,0.3571,0.3622,0.3698,0.3463,0.3291,0.345,0.3749,0.3584,0.3311,0.3375,0.3178,0.3071,0.3031,0.2991,0.2964,0.3003,0.2939,0.2979,0.2788,0.2769,0.272,0.2814,0.2744,0.2704,0.2849
S,E7000,KWH_GE15000,KWH,X_TAX,EUR,NL,0.107,,,,0.1466,0.142,0.1273,0.1276,0.1307,0.1323,0.1383,0.1423,0.1366,0.142,0.1342,0.1353,0.1314,0.122,0.1219,0.1194,0.067,0.067,0.071,0.073,0.085,0.084,0.0844,0.0808,0.0801,0.0925,0.1525,0.2713,0.3859,0.1877,0.195,0.1652,0.1609,0.166
S,E7000,KWH_GE15000,KWH,X_TAX,EUR,NO,,0.0629,0.0708,0.0796,0.0691,0.0665,0.0962,0.0863,0.1029,0.0806,0.0804,0.07,0.0813,0.0753,0.0666,0.0683,0.0635,0.0529,0.0587,0.0662,0.0674,0.0666,0.0752,0.0878,0.0843,0.0755,0.0479,0.0448,0.0805,0.1229,0.1492,0.2126,0.1152,0.0903,0.0926,0.0739,0.0873,0.091
S,E7000,KWH_GE15000,KWH,X_TAX,EUR,PL,,0.099,0.0851,0.09,0.0818,0.0912,0.0969,0.1016,0.1079,0.1002,0.1039,0.1089,0.1076,0.1049,0.1047,0.1065,0.1062,0.1047,0.0984,0.0992,0.0883,0.0882,0.0831,0.0812,0.0815,0.0772,0.0855,0.0866,0.0821,0.0774,0.0802,0.0895,0.117,0.147,0.1372,0.1385,0.1368,0.1406
S,E7000,KWH_GE15000,KWH,X_TAX,EUR,PT,,0.1103,0.0868,0.0825,0.1073,0.1141,0.092,0.0881,0.0897,0.0893,0.0989,0.1064,0.1153,0.1161,0.1204,0.121,0.1096,0.1083,0.1166,0.117,0.107,0.1039,0.0959,0.0961,0.1076,0.1085,0.1028,0.1035,0.0999,0.1056,0.1501,0.177,0.2764,0.1864,0.1672,0.1541,0.1423,0.1418
S,E7000,KWH_GE15000,KWH,X_TAX,EUR,RO,,0.0972,0.0878,0.0943,0.0761,0.0763,0.0811,0.0788,0.0792,0.0808,0.0786,0.0732,0.0852,0.0845,0.0861,0.0881,0.0888,0.0903,0.0837,0.0842,0.0824,0.0887,0.0951,0.0903,0.098,0.1021,0.1024,0.1007,0.1053,0.1103,0.1631,0.2218,0.1462,0.1281,0.1407,0.1402,0.1566,0.1953
S,E7000,KWH_GE15000,KWH,X_TAX,EUR,RS,,,,,,,,,,,,,0.0568,0.0661,0.0592,0.0583,0.0592,0.0593,0.0582,0.0613,0.0611,0.0643,0.0664,0.0672,0.0654,0.0683,0.0677,0.0701,0.0691,0.0724,0.0722,0.077,0.0859,0.0981,0.1046,0.1059,0.1074,0.1167
S,E7000,KWH_GE15000,KWH,X_TAX,EUR,SE,0.0714,0.0772,0.0805,0.0842,0.0783,0.0789,0.0899,0.0947,0.1007,0.0966,0.0916,0.095,0.0938,0.093,0.0839,0.0806,0.0773,0.0775,0.0772,0.0834,0.0773,0.0844,0.076,0.0898,0.0843,0.086,0.0753,0.0826,0.0854,0.1208,0.1212,0.1829,0.1193,0.0988,0.1071,0.0959,0.1071,0.1119
S,E7000,KWH_GE15000,KWH,X_TAX,EUR,SI,,0.0756,0.0802,0.086,0.1015,0.0955,0.0967,0.0966,0.099,0.0987,0.1009,0.1015,0.0994,0.1006,0.0986,0.099,0.0966,0.0969,0.0953,0.0954,0.0938,0.0939,0.0932,0.0959,0.0921,0.0951,0.0868,0.0987,0.0946,0.1,0.0898,0.1354,0.142,0.1419,0.1499,0.1343,0.1245,0.146
S,E7000,KWH_GE15000,KWH,X_TAX,EUR,SK,,0.071,0.0791,0.088,0.1022,0.1106,0.0968,0.1041,0.107,0.108,0.1084,0.1093,0.1071,0.1086,0.0975,0.0991,0.0942,0.0934,0.0901,0.0936,0.0505,0.0526,0.0578,0.0569,0.0645,0.0672,0.0777,0.0808,0.0751,0.0742,0.0951,0.1022,0.1014,0.0969,0.0985,0.0984,0.0993,0.1004
S,E7000,KWH_GE15000,KWH,X_TAX,EUR,TR,,0.0706,0.0782,0.0969,0.0909,0.0936,0.1067,0.1092,0.0974,0.0915,0.1051,0.117,0.1186,0.1047,0.0952,0.1044,0.1019,0.0968,0.1018,0.0961,0.0839,0.0763,0.0716,0.067,0.0676,0.0831,0.0797,0.0659,0.0667,0.0632,0.0979,0.1125,0.097,0.0645,0.0563,0.0688,0.0852,0.0882
S,E7000,KWH_GE15000,KWH,X_TAX,EUR,UA,,,,,,,,,,,,,,,,,,,0.0207,0.0267,0.0328,0.0318,0.0293,0.0307,0.0398,0.0415,0.0367,0.0321,0.0372,,,,,,,,,
S,E7000,KWH_GE15000,KWH,X_TAX,EUR,UK,,0.1072,0.1316,0.1261,0.1242,0.1134,0.107,0.115,0.1098,0.1258,0.1296,0.1428,0.135,0.1468,0.1512,0.1598,0.1441,0.1542,0.1314,0.13,0.1156,0.116,0.1137,0.1194,0.1202,0.1311,0.1326,,,,,,,,,,,
S,E7000,KWH_GE15000,KWH,X_TAX,EUR,XK,,,,,,,,,,,,,0.0564,0.0553,0.0607,0.055,0.066,0.0601,0.0665,0.0612,0.0659,0.0507,0.0488,0.0503,0.0479,0.049,0.0458,0.0478,0.0451,0.0487,0.067,0.0904,0.0845,0.1035,0.0942,0.0953,0.0911,0.1121
S,E7000,KWH_GE15000,KWH,X_TAX,NAC,AL,,,,,,,,,13.5,13.5,13.5,13.5,13.5,13.5,13.5,13.5,9.5,9.5,9.5,9.5,9.5,9.5,,9.5,9.5,9.5,9.5,9.5,9.5,9.5,9.5,9.5,9.5,9.5,9.5,9.5,9.5,9.5
S,E7000,KWH_GE15000,KWH,X_TAX,NAC,AT,,0.1089,0.1095,0.1112,0.1143,0.1164,0.116,0.1075,0.1191,0.1194,0.1166,0.1139,0.1183,0.1143,0.105,0.1017,0.0976,0.0954,0.0946,0.0925,0.1007,0.0998,0.0985,0.1031,0.105,0.1072,0.1099,0.1122,0.112,0.1154,0.1331,0.1756,0.2406,0.2636,0.2566,0.2348,0.2202,0.2168
S,E7000,KWH_GE15000,KWH,X_TAX,NAC,BA,,,,,,,,,,,0.116,0.1168,0.1173,0.1153,0.1168,0.1152,0.1183,0.1159,0.1189,0.1196,0.1217,0.1207,0.1221,0.122,0.1233,0.1212,0.1238,0.1243,0.1242,0.1201,0.1265,0.1257,0.145,0.1491,0.1383,0.1452,0.1466,0.1544
S,E7000,KWH_GE15000,KWH,X_TAX,NAC,BE,,0.0966,0.1181,0.1284,0.1055,0.0982,0.1025,0.1075,0.1181,0.1151,0.1232,0.1201,0.1237,0.1224,0.1254,0.1317,0.1356,0.1337,0.103,0.1396,0.1592,0.1346,0.1484,0.156,0.1527,0.1331,0.1444,0.138,0.1481,0.1736,0.2378,0.3702,0.3022,0.227,0.1966,0.2096,0.2307,0.27
S,E7000,KWH_GE15000,KWH,X_TAX,NAC,BG,,0.117,0.115,0.147,0.133,0.132,0.131,0.1362,0.1351,0.1413,0.1334,0.1578,0.1519,0.1455,0.1351,0.1384,0.1515,0.1559,0.155,0.1509,0.1525,0.1596,0.157,0.1629,0.1597,0.1524,0.1519,0.1547,0.1542,0.1758,0.1755,0.1858,0.1825,0.1923,0.1904,0.1955,0.2075,0.2183
S,E7000,KWH_GE15000,KWH,X_TAX,NAC,CY,,0.0795,0.1539,0.1824,0.1397,0.1444,0.1364,0.1698,0.15,0.2042,0.2075,0.2424,0.2099,0.2042,0.1684,0.1931,0.1368,0.1478,0.102,0.1303,0.1244,0.143,0.1265,0.168,0.1224,0.1484,0.1229,0.1106,0.1009,0.1365,0.1383,0.2442,0.2013,0.2004,0.1823,0.197,0.1665,0.1788
S,E7000,KWH_GE15000,KWH,X_TAX,NAC,CZ,1.69,1.69,1.96,1.96,2.23,2.23,2.09,2.09,2.23,2.23,2.39,2.39,2.48,2.48,2.1,2.1,2.1,2.1,2.28,2.28,2.28,2.28,2.5,2.57,2.34,2.41,2.54,2.48,2.42,2.8,3.4482,3.5601,4.5445,4.7259,4.7939,4.6832,4.232,4.124
S,E7000,KWH_GE15000,KWH,X_TAX,NAC,DE,0.1063,0.1146,0.1131,0.1181,0.1248,0.1199,0.1246,0.1214,0.1267,0.1254,0.129,0.1269,0.1349,0.1313,0.1272,0.1275,0.1261,0.1253,0.1217,0.121,0.1196,0.119,0.1125,0.1089,0.1159,0.0936,0.1085,0.1077,0.108,0.1058,0.147,0.2017,0.2497,0.2441,0.2418,0.2343,0.2159,0.2168
S,E7000,KWH_GE15000,KWH,X_TAX,NAC,DK,,0.6478,0.7138,0.8166,0.7035,0.5895,0.6427,0.6843,0.74,0.7595,0.7041,0.6586,0.6607,0.6381,0.641,0.6238,0.5998,0.5579,0.5668,0.6009,0.6196,0.6079,0.6431,0.7561,0.7288,0.6961,0.6239,0.5891,0.6976,1.0239,1.6849,2.6323,2.1196,1.2582,1.2787,1.3118,1.2297,1.1313
S,E7000,KWH_GE15000,KWH,X_TAX,NAC,EA,,0.1035,0.1041,0.1127,0.1203,0.1216,0.118,0.1193,0.1201,0.1241,0.1232,0.127,0.1245,0.1245,0.122,0.1283,0.1261,0.1279,0.1165,0.1148,,,,,,,,,,,,,,,,,,
S,E7000,KWH_GE15000,KWH,X_TAX,NAC,EE,,0.85,0.806,0.904,0.926,0.945,0.916,0.984,0.0603,0.0689,0.0669,0.0706,0.0848,0.0845,0.0802,0.0877,0.0814,0.0839,0.0785,0.0841,0.079,0.0807,0.0841,0.0927,0.0843,0.0866,0.0737,0.0841,0.089,0.147,0.1445,0.1589,0.1228,0.134,0.1289,0.1138,0.1322,0.1252
S,E7000,KWH_GE15000,KWH,X_TAX,NAC,EL,,0.1283,0.1245,0.1561,0.1524,0.1315,0.1337,0.1351,0.0969,0.0969,0.09,0.1062,0.098,0.1157,0.1106,0.1161,0.1118,0.1144,0.1059,0.1142,0.106,0.099,0.1022,0.1044,0.1062,0.1122,0.1141,0.1148,0.1156,0.1684,0.2673,0.425,0.2204,0.1876,0.1753,0.1757,0.1745,0.1769
S,E7000,KWH_GE15000,KWH,X_TAX,NAC,ES,,0.0976,0.0981,0.1148,0.1163,0.1153,0.1174,0.1244,0.1251,0.1444,0.1415,0.1461,0.1411,0.1462,0.1309,0.1405,0.1447,0.1574,0.1389,0.1313,0.1166,0.1311,0.1236,0.1414,0.105,0.1028,0.0864,0.0908,0.0996,0.1162,0.1831,0.2112,0.1909,0.1806,0.1557,0.1544,0.1389,0.1423
S,E7000,KWH_GE15000,KWH,X_TAX,NAC,FI,,0.0595,0.0641,0.0677,0.0699,0.0692,0.0711,0.0726,0.0767,0.079,0.078,0.0777,0.0788,0.0773,0.0755,0.0733,0.0715,0.0694,0.0681,0.0682,0.0688,0.0691,0.07,0.0745,0.0757,0.0784,0.0765,0.0782,0.0802,0.0856,0.0896,0.1154,0.1111,0.1093,0.122,0.1005,0.0964,0.0951
S,E7000,KWH_GE15000,KWH,X_TAX,NAC,FR,,0.0737,0.0734,0.0784,0.0745,0.0822,0.0801,0.0853,0.086,0.0872,0.0856,0.0917,0.0821,0.087,0.0819,0.0989,0.096,0.0976,0.0952,0.0964,0.0947,0.0965,0.0946,0.0975,0.0955,0.1067,0.1074,0.1118,0.1123,0.1169,0.1394,0.1457,0.1657,0.187,0.1977,0.1984,0.1718,0.1549
S,E7000,KWH_GE15000,KWH,X_TAX,NAC,GE,,,,,,,,,,,,,,,,,,,,,,,0.1829,0.2072,0.2193,0.1848,0.1969,0.1806,0.2344,0.2056,,0.2207,0.2229,0.2329,0.1966,0.1956,0.2183,0.2188
S,E7000,KWH_GE15000,KWH,X_TAX,NAC,HR,0.4,0.52,0.52,0.62,0.62,0.63,0.625,0.63,0.626,0.632,0.6554,0.7589,0.7601,0.743,0.7074,0.7162,0.7083,0.7061,0.7005,0.71,0.6981,0.7073,0.7039,0.7109,0.7069,0.7117,0.7071,0.7139,0.706,0.7117,0.7365,0.8315,0.1261,0.1265,0.1263,0.1291,0.1421,0.1433
S,E7000,KWH_GE15000,KWH,X_TAX,NAC,HU,,19.33,33.25,33.27,31.86,34.75,34.76,34.17,35.3331,33.188,37.1383,35.2772,31.2581,30.2952,29.8501,28.1374,27.2975,29.1964,27.7723,27.6654,26.7472,27.3758,27.2357,27.4548,27.3494,27.6332,28.8733,29.2583,27.9689,28.8485,28.4892,42.4299,49.3363,50.6201,48.8977,48.8944,50.1129,48.1726
S,E7000,KWH_GE15000,KWH,X_TAX,NAC,IE,,0.1294,0.1209,0.1402,0.142,0.1293,0.1233,0.1252,0.1146,0.1355,0.1433,0.1517,0.1515,0.1577,0.1573,0.1582,0.1505,0.1562,0.1492,0.1429,0.1373,0.141,0.1388,0.1513,0.1551,0.1598,0.1577,0.1582,0.1554,0.1805,0.2033,0.2765,0.3481,0.36,0.31,0.2872,0.2624,0.2493
S,E7000,KWH_GE15000,KWH,X_TAX,NAC,IS,,,,,,,,,,,11.091,11.3505,6.67,6.7,7.24,7.39,7.44,7.4492,6.4445,6.2852,7.2516,6.6913,7.5177,7.5724,6.7969,6.6845,6.6827,6.8348,7.0137,7.4739,13.855,14.1947,14.8395,15.1045,16.4941,12.55,14.57,
S,E7000,KWH_GE15000,KWH,X_TAX,NAC,IT,,,,,,,,0.2082,0.194,0.2003,0.1997,0.2091,0.2092,0.1932,0.2086,0.2085,0.2047,0.208,0.1507,0.1305,0.1164,0.1078,0.1065,0.1124,0.1182,0.1125,0.0994,0.0965,0.1113,0.1483,0.2394,0.3002,0.2842,0.1824,0.1968,0.1794,0.2137,0.1997
S,E7000,KWH_GE15000,KWH,X_TAX,NAC,LI,,,,,,,,,,,,,,,0.166,0.166,0.1661,0.1661,0.1581,0.1581,0.1363,0.1363,0.1682,0.1652,0.1681,0.1674,0.1682,0.1686,0.1697,0.1699,0.1743,0.1753,0.3627,0.2841,0.2534,0.2365,0.2195,0.2201
S,E7000,KWH_GE15000,KWH,X_TAX,NAC,LT,,0.2297,0.2203,0.2249,0.2345,0.2353,0.2953,0.322,0.3175,0.3155,0.3295,0.3348,0.2639,0.2715,0.2734,0.2742,0.077,0.0771,0.0756,0.0719,0.0677,0.068,0.0674,0.0676,0.0831,0.0845,0.0987,0.0877,0.0909,0.1088,0.1142,0.1742,0.244,0.2046,0.1793,0.1736,0.1717,0.1515
S,E7000,KWH_GE15000,KWH,X_TAX,NAC,LU,0.0918,0.0909,0.0909,0.099,0.1192,0.1192,0.1168,0.1183,0.1186,0.1166,0.1227,0.1217,0.1193,0.119,0.1189,0.1193,0.1104,0.1103,0.1101,0.1102,0.0898,0.0896,0.0982,0.0997,0.1004,0.1005,0.1122,0.1121,0.1142,0.1142,0.1344,0.1366,0.26,0.2488,0.2637,0.2632,0.2422,0.2422
S,E7000,KWH_GE15000,KWH,X_TAX,NAC,LV,,0.0464,0.0526,0.0673,0.0673,0.0673,0.0673,0.0673,0.0701,0.0837,0.0843,0.0724,0.072,0.0612,0.0932,0.0942,0.1053,0.1074,0.104,0.1056,0.1016,0.1028,0.0989,0.1016,0.1066,0.109,0.103,0.1057,0.1037,0.1434,0.1631,0.2278,0.2353,0.1959,0.1818,0.1761,0.1659,0.1593
S,E7000,KWH_GE15000,KWH,X_TAX,NAC,MD,,,,,,,,,,,,,,,,,1.632,1.8438,2.08,1.8975,1.929,1.9775,1.9767,1.7863,1.7944,1.8204,1.8237,1.6952,1.9241,1.4854,1.724,3.1795,3.4049,2.5148,2.3,2.2673,3.6842,3.5869
S,E7000,KWH_GE15000,KWH,X_TAX,NAC,ME,,,,,,,,,0.0726,0.0713,0.0754,0.0756,0.0755,0.0774,0.0775,0.0788,0.0789,0.0794,0.0786,0.0796,0.0764,0.0767,0.0788,0.079,0.0793,0.0819,0.0815,0.0821,0.0813,0.0822,0.0808,0.0817,0.0809,0.0815,0.0856,0.0862,0.0885,0.0894
S,E7000,KWH_GE15000,KWH,X_TAX,NAC,MK,,,,,,,,,,,,2.2711,2.4033,2.5245,2.5783,2.5494,4.2322,4.3097,4.3131,4.3611,4.3063,4.245,4.1065,4.1531,4.0743,4.1626,4.0906,4.4045,4.399,4.974,5.5162,7.0899,7.6503,7.09,7.0982,6.9003,6.9879,6.77
S,E7000,KWH_GE15000,KWH,X_TAX,NAC,MT,,0.0573,0.135,0.1878,0.2027,0.2027,0.3793,0.3687,0.3648,0.3501,0.3513,0.3379,0.3403,0.3571,0.3622,0.3698,0.3463,0.3291,0.345,0.3749,0.3584,0.3311,0.3375,0.3178,0.3071,0.3031,0.2991,0.2964,0.3003,0.2939,0.2979,0.2788,0.2769,0.272,0.2814,0.2744,0.2704,0.2849
S,E7000,KWH_GE15000,KWH,X_TAX,NAC,NL,0.107,,,,0.1466,0.142,0.1273,0.1276,0.1307,0.1323,0.1383,0.1423,0.1366,0.142,0.1342,0.1353,0.1314,0.122,0.1219,0.1194,0.067,0.067,0.071,0.073,0.085,0.084,0.0844,0.0808,0.0801,0.0925,0.1525,0.2713,0.3859,0.1877,0.195,0.1652,0.1609,0.166
S,E7000,KWH_GE15000,KWH,X_TAX,NAC,NO,,0.497,0.563,0.6767,0.615,0.57,0.77,0.6909,0.805,0.626,0.6085,0.5164,0.6116,0.6091,0.5508,0.576,0.5488,0.4891,0.5532,0.6063,0.6189,0.6313,0.7211,0.8431,0.8198,0.7525,0.5141,0.4802,0.8191,1.2476,1.4892,2.1735,1.3054,1.0415,1.0646,0.869,1.0182,1.0706
S,E7000,KWH_GE15000,KWH,X_TAX,NAC,PL,,0.3687,0.2972,0.3185,0.366,0.3819,0.3876,0.4052,0.4267,0.4297,0.4413,0.4491,0.4495,0.4425,0.4371,0.4465,0.4398,0.4426,0.4301,0.4322,0.3768,0.3743,0.3509,0.3492,0.3496,0.3322,0.3775,0.3875,0.3723,0.3556,0.3717,0.424,0.541,0.6554,0.5923,0.5949,0.5791,0.5973
S,E7000,KWH_GE15000,KWH,X_TAX,NAC,PT,,0.1103,0.0868,0.0825,0.1073,0.1141,0.092,0.0881,0.0897,0.0893,0.0989,0.1064,0.1153,0.1161,0.1204,0.121,0.1096,0.1083,0.1166,0.117,0.107,0.1039,0.0959,0.0961,0.1076,0.1085,0.1028,0.1035,0.0999,0.1056,0.1501,0.177,0.2764,0.1864,0.1672,0.1541,0.1423,0.1418
S,E7000,KWH_GE15000,KWH,X_TAX,NAC,RO,,0.3247,0.3224,0.3487,0.3222,0.3239,0.3367,0.3366,0.3311,0.3474,0.3451,0.3312,0.3741,0.3757,0.3842,0.3898,0.3948,0.401,0.3763,0.3775,0.3739,0.4081,0.4424,0.4203,0.4649,0.485,0.4935,0.4893,0.5163,0.5447,0.8064,1.0907,0.7213,0.6354,0.6999,0.6973,0.7836,0.9922
S,E7000,KWH_GE15000,KWH,X_TAX,NAC,RS,,,,,,,,,,,,,6.3531,7.5576,6.8416,6.9268,7.1653,7.1428,7.1498,7.5515,7.5374,7.6778,7.8496,7.9449,7.7228,8.0353,7.9632,8.2394,8.1255,8.5175,8.4933,9.0377,10.0766,11.4919,12.2527,12.3941,12.5798,13.685
S,E7000,KWH_GE15000,KWH,X_TAX,NAC,SE,0.659,0.716,0.755,0.83,0.85,0.82,0.88,0.88,0.9,0.8807,0.814,0.8107,0.8002,0.8155,0.751,0.745,0.7215,0.726,0.7185,0.8037,0.7423,0.8164,0.7716,0.9311,0.887,0.9163,0.8025,0.8516,0.8647,1.2278,1.27,1.9715,1.3524,1.1484,1.2196,1.1006,1.1885,1.2347
S,E7000,KWH_GE15000,KWH,X_TAX,NAC,SI,,0.0756,0.0802,0.086,0.1015,0.0955,0.0967,0.0966,0.099,0.0987,0.1009,0.1015,0.0994,0.1006,0.0986,0.099,0.0966,0.0969,0.0953,0.0954,0.0938,0.0939,0.0932,0.0959,0.0921,0.0951,0.0868,0.0987,0.0946,0.1,0.0898,0.1354,0.142,0.1419,0.1499,0.1343,0.1245,0.146
S,E7000,KWH_GE15000,KWH,X_TAX,NAC,SK,,2.38,2.55,2.67,0.1022,0.1106,0.0968,0.1041,0.107,0.108,0.1084,0.1093,0.1071,0.1086,0.0975,0.0991,0.0942,0.0934,0.0901,0.0936,0.0505,0.0526,0.0578,0.0569,0.0645,0.0672,0.0777,0.0808,0.0751,0.0742,0.0951,0.1022,0.1014,0.0969,0.0985,0.0984,0.0993,0.1004
S,E7000,KWH_GE15000,KWH,X_TAX,NAC,TR,,0.1234,0.1476,0.1866,0.1957,0.2034,0.2156,0.2155,0.2152,0.2255,0.2454,0.2682,0.2824,0.2807,0.2826,0.2972,0.2917,0.3078,0.3317,0.3292,0.3305,0.3285,0.3548,0.4314,0.43,0.5286,0.5704,0.5883,0.6348,0.7237,1.5913,2.0858,2.0951,1.9317,1.926,2.5357,3.5043,4.2679
S,E7000,KWH_GE15000,KWH,X_TAX,NAC,UA,,,,,,,,,,,,,,,,,,,0.59,0.75,0.95,0.99,0.95,0.9769,1.2105,1.1403,1.0505,1.0595,1.2474,,,,,,,,,
S,E7000,KWH_GE15000,KWH,X_TAX,NAC,UK,,0.0744,0.102,0.103,0.111,0.1007,0.0931,0.0973,0.0953,0.1091,0.1066,0.1142,0.1149,0.1244,0.1242,0.1265,0.1055,0.111,0.1023,0.1117,0.0995,0.1035,0.1,0.1062,0.105,0.1156,0.116,,,,,,,,,,,
S,E7000,KWH_GE15000,KWH,X_TAX,NAC,XK,,,,,,,,,,,,,0.0564,0.0553,0.0607,0.055,0.066,0.0601,0.0665,0.0612,0.0659,0.0507,0.0488,0.0503,0.0479,0.049,0.0458,0.0478,0.0451,0.0487,0.067,0.0904,0.0845,0.1035,0.0942,0.0953,0.0911,0.1121
S,E7000,KWH_GE15000,KWH,X_TAX,PPS,AL,,,,,,,,,0.2193,0.2193,0.2155,0.2155,0.2148,0.2148,0.2182,0.2182,0.1536,0.1631,0.1639,0.1637,0.1537,0.1537,,0.1529,0.1543,0.1543,0.1494,0.1494,0.1476,0.1476,0.1482,0.1482,0.1491,0.1493,0.151,0.1519,0.1529,0.1529
S,E7000,KWH_GE15000,KWH,X_TAX,PPS,AT,,0.1019,0.1003,0.1019,0.1018,0.1037,0.1052,0.0975,0.1076,0.1078,0.1058,0.1033,0.1059,0.1023,0.095,0.092,0.0883,0.0878,0.088,0.0867,0.0892,0.0884,0.0874,0.0915,0.0924,0.0943,0.0961,0.0981,0.098,0.0999,0.1152,0.1539,0.2148,0.2348,0.2265,0.2072,0.1918,0.1888
S,E7000,KWH_GE15000,KWH,X_TAX,PPS,BA,,,,,,,,,,,0.1229,0.1238,0.123,0.1209,0.1236,0.1219,0.1252,0.1257,0.1286,0.1293,0.1228,0.1218,0.1227,0.1226,0.1227,0.1206,0.1236,0.1241,0.124,0.1181,0.1244,0.1234,0.1363,0.1378,0.1297,0.1354,0.1271,0.1338
S,E7000,KWH_GE15000,KWH,X_TAX,PPS,BE,,0.0884,0.1056,0.1148,0.0925,0.0861,0.0924,0.0969,0.1064,0.1037,0.1112,0.1084,0.1099,0.1087,0.113,0.1187,0.1222,0.1211,0.0952,0.1306,0.1409,0.1192,0.1315,0.1383,0.1353,0.118,0.1294,0.1237,0.1327,0.156,0.214,0.3332,0.2715,0.2028,0.1752,0.1857,0.2055,0.2405
S,E7000,KWH_GE15000,KWH,X_TAX,PPS,BG,,0.1492,0.1375,0.1758,0.1521,0.1509,0.1511,0.1571,0.1459,0.1526,0.1451,0.1716,0.1633,0.1564,0.1465,0.1501,0.1643,0.1725,0.1719,0.1665,0.1548,0.1621,0.1561,0.162,0.1535,0.1465,0.1441,0.1468,0.1463,0.1629,0.1626,0.1713,0.1548,0.1631,0.1613,0.1656,0.1729,0.1819
S,E7000,KWH_GE15000,KWH,X_TAX,PPS,CY,,0.1559,0.1755,0.208,0.1572,0.1624,0.1537,0.1914,0.163,0.2219,0.2286,0.267,0.2352,0.2289,0.1916,0.2197,0.1556,0.1623,0.1154,0.1473,0.1394,0.1603,0.1409,0.1872,0.1351,0.1637,0.1342,0.1207,0.1102,0.1489,0.1508,0.2695,0.2201,0.2198,0.2029,0.2164,0.1824,0.1957
S,E7000,KWH_GE15000,KWH,X_TAX,PPS,CZ,0.0983,0.0983,0.1074,0.1074,0.1207,0.1207,0.1143,0.1143,0.1256,0.1256,0.135,0.135,0.1418,0.1418,0.1204,0.1204,0.1215,0.1215,0.1319,0.133,0.126,0.126,0.137,0.1408,0.1255,0.1292,0.1327,0.1295,0.1264,0.1446,0.1735,0.1792,0.2293,0.2385,0.239,0.2306,0.2085,0.2032
S,E7000,KWH_GE15000,KWH,X_TAX,PPS,DE,0.1038,0.1119,0.1089,0.1137,0.116,0.1115,0.1194,0.1163,0.1219,0.1207,0.1248,0.1228,0.1283,0.1249,0.1221,0.1224,0.121,0.1201,0.118,0.1168,0.1103,0.1097,0.1035,0.1002,0.1048,0.0846,0.0982,0.0975,0.0977,0.0952,0.1323,0.1816,0.223,0.2182,0.215,0.2093,0.1933,0.1941
S,E7000,KWH_GE15000,KWH,X_TAX,PPS,DK,,0.0638,0.0696,0.0796,0.0676,0.0566,0.0633,0.0674,0.0735,0.0754,0.0699,0.0654,0.065,0.0628,0.0638,0.0621,0.0618,0.0575,0.0567,0.0601,0.0619,0.0607,0.0644,0.0757,0.0735,0.0702,0.0629,0.0593,0.0703,0.1036,0.1705,0.2648,0.2153,0.1269,0.131,0.1331,0.126,0.1159
S,E7000,KWH_GE15000,KWH,X_TAX,PPS,EA,,0.103,0.1013,0.1096,0.1147,0.1159,0.1134,0.1146,0.1157,0.1195,0.1198,0.1235,0.1206,0.1206,0.1192,0.1253,0.1255,0.1273,0.1135,0.1119,0.1044,0.1047,0.1019,0.106,0.1035,0.1007,0.1004,0.1016,0.1049,0.1137,0.1625,0.2058,0.2185,0.1955,0.1928,0.1875,0.1792,0.1749
S,E7000,KWH_GE15000,KWH,X_TAX,PPS,EE,,0.08,0.0726,0.0814,0.0845,0.0862,0.0863,0.0928,0.0868,0.0992,0.0943,0.0996,0.1163,0.1159,0.1074,0.1175,0.109,0.1157,0.1078,0.1137,0.1014,0.1036,0.1056,0.1164,0.1037,0.1066,0.0919,0.1048,0.1109,0.1795,0.1764,0.1939,0.1386,0.1494,0.1432,0.1239,0.1446,0.1369
S,E7000,KWH_GE15000,KWH,X_TAX,PPS,EL,,0.1449,0.1387,0.174,0.1644,0.1418,0.1454,0.1469,0.1044,0.1044,0.1006,0.1188,0.1148,0.1356,0.1334,0.14,0.1348,0.1399,0.1283,0.1384,0.1266,0.1182,0.1228,0.1255,0.1287,0.136,0.1379,0.1388,0.1397,0.2052,0.3248,0.5165,0.2687,0.2287,0.2164,0.2169,0.2147,0.2177
S,E7000,KWH_GE15000,KWH,X_TAX,PPS,ES,,0.1087,0.1064,0.1245,0.1233,0.1223,0.1249,0.1324,0.1341,0.1548,0.1563,0.1614,0.1567,0.1623,0.1463,0.1571,0.1618,0.1758,0.1569,0.1469,0.1269,0.1427,0.1326,0.1517,0.1126,0.1103,0.092,0.0967,0.1061,0.1242,0.1957,0.2237,0.2047,0.1937,0.1701,0.1721,0.1549,0.1586
S,E7000,KWH_GE15000,KWH,X_TAX,PPS,EU27_2020,,,,,,,,,,,,,,,,,,,,,0.1057,0.1068,0.104,0.1083,0.1056,0.1033,0.1034,0.1047,0.1071,0.1168,0.1591,0.2023,0.2093,0.1894,0.1867,0.1818,0.176,0.1742
S,E7000,KWH_GE15000,KWH,X_TAX,PPS,FI,,0.0513,0.0546,0.0576,0.0582,0.0576,0.0596,0.0608,0.0638,0.0657,0.0646,0.0644,0.0639,0.0627,0.0607,0.0589,0.0575,0.0559,0.0557,0.0563,0.0554,0.0556,0.0557,0.0593,0.0602,0.0624,0.0605,0.0618,0.0634,0.0689,0.0719,0.0923,0.0896,0.0881,0.1016,0.0837,0.0803,0.0792
S,E7000,KWH_GE15000,KWH,X_TAX,PPS,FR,,0.067,0.065,0.0694,0.0651,0.0718,0.0714,0.076,0.0769,0.0779,0.0763,0.0817,0.0726,0.0769,0.0746,0.0902,0.0896,0.0911,0.0881,0.09,0.0844,0.086,0.0849,0.0875,0.0878,0.0981,0.0987,0.1027,0.1032,0.1076,0.1286,0.1344,0.1526,0.1712,0.181,0.1817,0.1577,0.1422
S,E7000,KWH_GE15000,KWH,X_TAX,PPS,HR,0.0845,0.1099,0.106,0.1264,0.1211,0.123,0.1219,0.1228,0.1251,0.1263,0.1359,0.1573,0.158,0.1544,0.1462,0.1481,0.1464,0.1467,0.1476,0.15,0.1442,0.1461,0.1446,0.146,0.1451,0.1461,0.1455,0.1469,0.1453,0.1451,0.1501,0.1693,0.1894,0.1878,0.1828,0.1811,0.1993,0.201
S,E7000,KWH_GE15000,KWH,X_TAX,PPS,HU,,0.1194,0.2007,0.2008,0.1909,0.2082,0.2115,0.2079,0.2136,0.2006,0.2207,0.2096,0.1826,0.177,0.1708,0.161,0.1562,0.1669,0.1581,0.1581,0.135,0.1382,0.1325,0.1336,0.1282,0.1296,0.1297,0.1314,0.1198,0.1236,0.1127,0.1678,0.1951,0.2002,0.1797,0.1827,0.1788,0.1719
S,E7000,KWH_GE15000,KWH,X_TAX,PPS,IE,,0.1095,0.0993,0.1151,0.1197,0.109,0.1116,0.1134,0.1039,0.1229,0.1307,0.1384,0.1375,0.1431,0.1413,0.1421,0.1352,0.1402,0.1384,0.1326,0.1187,0.1219,0.1189,0.1297,0.1291,0.133,0.1298,0.1302,0.1296,0.1506,0.1696,0.2326,0.2928,0.3028,0.2619,0.2426,0.2217,0.2106
S,E7000,KWH_GE15000,KWH,X_TAX,PPS,IS,,,,,,,,,,,0.0616,0.0631,0.0364,0.0366,0.039,0.0398,0.0401,0.0401,0.0345,0.0334,0.0375,0.0346,0.0369,0.0371,0.0325,0.0319,0.0298,0.0305,0.0313,0.0331,0.0614,0.0629,0.0676,0.0678,0.0736,0.0566,0.0638,
S,E7000,KWH_GE15000,KWH,X_TAX,PPS,IT,,,,,,,,0.2037,0.1904,0.1966,0.1988,0.2082,0.2074,0.1915,0.2078,0.2077,0.2039,0.2067,0.1535,0.133,0.1159,0.1073,0.1062,0.1121,0.1187,0.113,0.1001,0.0971,0.112,0.1513,0.2442,0.3074,0.2956,0.1901,0.2039,0.1865,0.2234,0.2088
S,E7000,KWH_GE15000,KWH,X_TAX,PPS,LT,,0.1157,0.1013,0.1034,0.1096,0.11,0.1446,0.1577,0.1523,0.1514,0.1583,0.1608,0.1246,0.1282,0.1291,0.1295,0.125,0.1278,0.125,0.1208,0.105,0.1055,0.1023,0.1026,0.1239,0.1259,0.1448,0.1286,0.1333,0.1564,0.1641,0.2523,0.3243,0.2719,0.2321,0.2222,0.2198,0.1939
S,E7000,KWH_GE15000,KWH,X_TAX,PPS,LU,0.0806,0.0798,0.0784,0.0853,0.0989,0.0989,0.0967,0.0979,0.1,0.0984,0.1039,0.103,0.0984,0.0982,0.0997,0.1001,0.0926,0.0919,0.0935,0.0933,0.0727,0.0725,0.0786,0.0798,0.0796,0.0797,0.0867,0.0867,0.0883,0.0895,0.1054,0.1054,0.2003,0.1881,0.1993,0.1994,0.1835,0.1835
S,E7000,KWH_GE15000,KWH,X_TAX,PPS,LV,,0.0995,0.1041,0.1332,0.1399,0.1399,0.1453,0.1453,0.1484,0.1772,0.1756,0.1508,0.1482,0.1259,0.1359,0.1374,0.1535,0.1591,0.1562,0.1593,0.144,0.1457,0.1366,0.1403,0.1441,0.1474,0.1395,0.1432,0.1405,0.189,0.2125,0.2967,0.2947,0.2447,0.2254,0.2285,0.2152,0.2066
S,E7000,KWH_GE15000,KWH,X_TAX,PPS,ME,,,,,,,,,0.1479,0.1453,0.1535,0.1539,0.1505,0.1543,0.1509,0.1534,0.1536,0.1599,0.1604,0.1649,0.1532,0.1538,0.1536,0.154,0.1562,0.1613,0.1616,0.1628,0.1612,0.1579,0.1552,0.1587,0.1482,0.1493,0.1504,0.1532,0.1577,0.1593
S,E7000,KWH_GE15000,KWH,X_TAX,PPS,MK,,,,,,,,,,,,0.0909,0.0939,0.0986,0.101,0.0999,0.1681,0.1712,0.1696,0.1699,0.1559,0.1537,0.1463,0.148,0.1454,0.1486,0.1444,0.1555,0.1553,0.1698,0.1884,0.2472,0.2597,0.2427,0.2381,0.2212,0.224,0.2171
S,E7000,KWH_GE15000,KWH,X_TAX,PPS,MT,,0.1909,0.1882,0.2619,0.2787,0.2787,0.5193,0.5048,0.4825,0.463,0.4582,0.4407,0.4363,0.4579,0.4519,0.4613,0.4318,0.4104,0.4302,0.4672,0.431,0.3982,0.3919,0.369,0.3577,0.3531,0.341,0.338,0.3424,0.3328,0.3412,0.3147,0.3088,0.3033,0.3099,0.3022,0.2973,0.3132
S,E7000,KWH_GE15000,KWH,X_TAX,PPS,NL,0.1013,,,,0.131,0.1269,0.1144,0.1146,0.1188,0.1202,0.1262,0.1298,0.1248,0.1298,0.1226,0.1236,0.1211,0.1125,0.1124,0.1106,0.0588,0.0588,0.062,0.0637,0.072,0.0712,0.0724,0.0693,0.069,0.0796,0.1303,0.2318,0.3283,0.1597,0.1664,0.1409,0.1373,0.1416
S,E7000,KWH_GE15000,KWH,X_TAX,PPS,NO,,0.046,0.0503,0.0604,0.0517,0.0479,0.0652,0.0585,0.0676,0.0526,0.0518,0.044,0.0502,0.05,0.044,0.046,0.0438,0.0389,0.043,0.0467,0.0443,0.0452,0.0509,0.0596,0.0564,0.0518,0.0339,0.0317,0.0541,0.0861,0.1027,0.1515,0.0956,0.0768,0.0749,0.0613,0.0704,0.074
S,E7000,KWH_GE15000,KWH,X_TAX,PPS,PL,,0.1623,0.1251,0.134,0.1477,0.1541,0.1625,0.1699,0.1762,0.1774,0.1829,0.1862,0.1863,0.1834,0.1805,0.1844,0.1817,0.184,0.1819,0.1829,0.1485,0.1475,0.1362,0.1355,0.1331,0.1265,0.1409,0.1446,0.1389,0.1292,0.1281,0.1461,0.1879,0.2276,0.193,0.1939,0.187,0.1929
S,E7000,KWH_GE15000,KWH,X_TAX,PPS,PT,,0.1356,0.1044,0.0993,0.1275,0.1355,0.1111,0.1064,0.1092,0.1088,0.1241,0.1335,0.1479,0.1489,0.1548,0.1555,0.1409,0.139,0.1498,0.1496,0.1276,0.1239,0.1138,0.1141,0.1281,0.1292,0.1208,0.1216,0.1174,0.1233,0.1753,0.2067,0.3233,0.2211,0.2022,0.1872,0.1726,0.1719
S,E7000,KWH_GE15000,KWH,X_TAX,PPS,RO,,0.1742,0.1577,0.1706,0.153,0.1538,0.1615,0.1614,0.157,0.1647,0.1625,0.1559,0.1697,0.1704,0.1682,0.1706,0.1728,0.1813,0.1726,0.1732,0.1591,0.1737,0.1795,0.1705,0.1846,0.1926,0.1931,0.1915,0.202,0.2082,0.2924,0.3955,0.2615,0.2304,0.2489,0.246,0.2641,0.3344
S,E7000,KWH_GE15000,KWH,X_TAX,PPS,RS,,,,,,,,,,,,,0.1154,0.1373,0.1203,0.1218,0.126,0.1328,0.1312,0.1395,0.1268,0.1292,0.1299,0.1315,0.1259,0.131,0.1274,0.1318,0.13,0.133,0.1326,0.1414,0.1494,0.1679,0.1705,0.1736,0.1749,0.1903
S,E7000,KWH_GE15000,KWH,X_TAX,PPS,SE,0.0602,0.0654,0.0672,0.0739,0.0717,0.0692,0.0747,0.0747,0.0767,0.0751,0.0702,0.0699,0.0686,0.0699,0.0634,0.0629,0.0609,0.0606,0.0583,0.0672,0.0576,0.0633,0.059,0.0712,0.0671,0.0693,0.0606,0.0644,0.0657,0.0933,0.0965,0.1499,0.1004,0.085,0.0897,0.0818,0.0884,0.0918
S,E7000,KWH_GE15000,KWH,X_TAX,PPS,SI,,0.0975,0.0988,0.1059,0.1185,0.1115,0.1151,0.115,0.1185,0.1181,0.1247,0.1254,0.1235,0.1249,0.1234,0.1239,0.1209,0.1212,0.121,0.1218,0.113,0.1131,0.1112,0.1144,0.11,0.1135,0.1032,0.1174,0.1125,0.1179,0.1059,0.1594,0.1652,0.1672,0.1732,0.1559,0.1427,0.1673
S,E7000,KWH_GE15000,KWH,X_TAX,PPS,SK,,0.1049,0.1193,0.1249,0.1504,0.1628,0.1448,0.1557,0.1557,0.1572,0.1587,0.1601,0.1576,0.1598,0.1463,0.1487,0.1414,0.1412,0.1378,0.144,0.0671,0.0699,0.0753,0.0741,0.0819,0.0854,0.0965,0.1004,0.0933,0.0917,0.1175,0.127,0.1224,0.1222,0.1216,0.123,0.1238,0.1252
S,E7000,KWH_GE15000,KWH,X_TAX,PPS,TR,,0.1159,0.1295,0.1638,0.1614,0.1677,0.175,0.1749,0.1637,0.1715,0.1774,0.1939,0.1918,0.1906,0.1781,0.1873,0.1838,0.1969,0.1997,0.1979,0.164,0.163,0.1473,0.1791,0.1524,0.1873,0.1735,0.1789,0.1931,0.1736,0.3818,0.2876,0.2889,0.2603,0.1727,0.2238,0.1936,0.2358
S,E7000,KWH_GE15000,KWH,X_TAX,PPS,UK,,0.0935,0.1224,0.1236,0.1273,0.1155,0.1028,0.1074,0.1028,0.1177,0.1166,0.1249,0.1242,0.1345,0.1325,0.1349,0.1144,0.1204,0.1109,0.1211,0.0998,0.1038,0.0992,0.1053,0.1031,0.1135,0.1125,,,,,,,,,,,
S,E7000,KWH_GE15000,KWH,X_VAT,EUR,AL,,,,,,,,,0.096,0.0964,0.0969,0.0973,0.0963,0.0962,0.0963,0.0967,0.0676,0.0683,0.0687,0.0695,0.0703,0.0713,,0.0759,0.0767,0.0778,0.0768,0.0767,0.0771,0.0781,0.0784,0.0813,0.0842,0.0907,0.0929,0.0958,0.0963,0.0979
S,E7000,KWH_GE15000,KWH,X_VAT,EUR,AT,,0.1254,0.1262,0.1279,0.131,0.1332,0.1308,0.1223,0.1359,0.1343,0.1329,0.1366,0.1463,0.1415,0.1344,0.131,0.1265,0.1242,0.1264,0.1242,0.13,0.1315,0.1284,0.1335,0.1324,0.1348,0.1403,0.144,0.1455,0.1487,0.1542,0.183,0.2216,0.2457,0.2378,0.2164,0.2288,0.2377
S,E7000,KWH_GE15000,KWH,X_VAT,EUR,BA,,,,,,,,,,,0.0592,0.0596,0.0598,0.0588,0.0596,0.0588,0.0605,0.0593,0.0608,0.0612,0.0636,0.0631,0.0641,0.0642,0.0648,0.0645,0.0655,0.0664,0.0661,0.0642,0.0671,0.0669,0.0746,0.0767,0.0712,0.0748,0.0755,0.0801
S,E7000,KWH_GE15000,KWH,X_VAT,EUR,BE,,0.1154,0.1317,0.1444,0.1205,0.1128,0.1196,0.1247,0.1377,0.131,0.1517,0.1337,0.1431,0.1381,0.1409,0.1473,0.1522,0.1507,0.148,0.1851,0.1933,0.1928,0.184,0.1926,0.1913,0.1737,0.1877,0.1813,0.1944,0.2197,0.2819,0.4146,0.3499,0.3039,0.2689,0.2738,0.285,0.3267
S,E7000,KWH_GE15000,KWH,X_VAT,EUR,BG,,0.0598,0.0588,0.0752,0.068,0.0675,0.067,0.0696,0.0691,0.0722,0.0682,0.0807,0.0777,0.0744,0.0691,0.0708,0.0775,0.0797,0.0793,0.0772,0.078,0.0816,0.0803,0.0833,0.0817,0.0779,0.0777,0.0791,0.0788,0.0899,0.0897,0.095,0.0933,0.0983,0.0974,0.1,0.1061,0.1116
S,E7000,KWH_GE15000,KWH,X_VAT,EUR,CY,,0.1383,0.1561,0.1846,0.1419,0.1466,0.1386,0.1772,0.1558,0.211,0.2143,0.2504,0.2174,0.2124,0.1761,0.2003,0.1446,0.1569,0.1117,0.1386,0.1369,0.1562,0.1428,0.1786,0.1543,0.1807,0.1533,0.1359,0.1396,0.1869,0.2041,0.2887,0.2853,0.282,0.2445,0.2625,0.2319,0.2499
S,E7000,KWH_GE15000,KWH,X_VAT,EUR,CZ,0.06,0.0617,0.079,0.0805,0.0833,0.0877,0.0824,0.0853,0.0928,0.091,0.0961,0.0963,0.0977,0.0956,0.0776,0.0771,0.0775,0.0787,0.0854,0.0855,0.0863,0.0893,0.0992,0.1008,0.1117,0.1146,0.1165,0.1133,0.1141,0.1136,0.1424,0.1567,0.1931,0.1956,0.2124,0.2068,0.1905,0.191
S,E7000,KWH_GE15000,KWH,X_VAT,EUR,DE,0.1513,0.1598,0.1602,0.1655,0.1734,0.1737,0.183,0.1858,0.1949,0.1954,0.1995,0.2052,0.2279,0.2242,0.2261,0.2281,0.2249,0.2251,0.2252,0.2254,0.2283,0.228,0.2241,0.218,0.2231,0.1992,0.2174,0.2169,0.2142,0.2109,0.2272,0.2469,0.2928,0.288,0.2902,0.2833,0.2746,0.2759
S,E7000,KWH_GE15000,KWH,X_VAT,EUR,DK,,0.17,0.1875,0.1995,0.1922,0.1807,0.1847,0.1877,0.2032,0.2086,0.2098,0.2083,0.1815,0.1777,0.1841,0.1836,0.1803,0.1777,0.177,0.1762,0.1743,0.1717,0.1761,0.1886,0.1759,0.171,0.1627,0.1359,0.1212,0.1644,0.252,0.3751,0.2874,0.1899,0.1944,0.1987,0.185,0.1717
S,E7000,KWH_GE15000,KWH,X_VAT,EUR,EA,0.1507,0.1158,0.1257,0.135,0.1455,0.1471,0.1474,0.149,0.1546,0.1591,0.1617,0.1673,0.1715,0.1695,0.173,0.1784,0.179,0.1804,0.1713,0.1685,0.1639,0.1634,0.1633,0.165,0.1693,0.1661,0.1653,0.1652,0.1664,0.1753,0.2009,0.2302,0.2454,0.2308,0.2366,0.2328,0.228,0.2241
S,E7000,KWH_GE15000,KWH,X_VAT,EUR,EE,,0.0556,0.0566,0.0629,0.0661,0.0675,0.0701,0.0755,0.0709,0.0795,0.0808,0.0847,0.098,0.0976,0.0924,0.0999,0.0948,0.0974,0.0926,0.0982,0.0939,0.0956,0.0975,0.1061,0.0992,0.1015,0.0881,0.0964,0.1013,0.1593,0.1568,0.1712,0.1362,0.1463,0.1405,0.1257,0.1422,0.1357
S,E7000,KWH_GE15000,KWH,X_VAT,EUR,EL,,0.1283,0.1248,0.1561,0.1524,0.1321,0.1531,0.1587,0.1115,0.1233,0.1205,0.148,0.1345,0.1716,0.1665,0.1775,0.1656,0.1735,0.1619,0.1744,0.1597,0.157,0.1809,0.1892,0.1843,0.1886,0.1836,0.1864,0.1841,0.2409,0.2875,0.3037,0.2913,0.2657,0.2437,0.2515,0.2466,0.255
S,E7000,KWH_GE15000,KWH,X_VAT,EUR,ES,,0.1026,0.1031,0.1207,0.1222,0.1212,0.1234,0.1307,0.1315,0.1518,0.1487,0.1535,0.1483,0.1536,0.1376,0.1477,0.1521,0.1654,0.146,0.138,0.1226,0.1378,0.1299,0.1486,0.1481,0.1484,0.1334,0.1359,0.1289,0.1504,0.198,0.2255,0.2007,0.1902,0.18,0.1781,0.1639,0.1702
S,E7000,KWH_GE15000,KWH,X_VAT,EUR,EU27_2020,0.1329,0.112,0.1212,0.1298,0.1367,0.1387,0.1398,0.1418,0.1473,0.1503,0.1526,0.158,0.1609,0.1588,0.1603,0.1644,0.1646,0.1658,0.1581,0.1562,0.1516,0.152,0.1517,0.1541,0.1573,0.155,0.154,0.154,0.1547,0.165,0.1863,0.2155,0.229,0.216,0.222,0.2181,0.2143,0.2123
S,E7000,KWH_GE15000,KWH,X_VAT,EUR,FI,,0.0669,0.0729,0.0765,0.0787,0.078,0.0799,0.0814,0.0937,0.096,0.095,0.0947,0.0959,0.0943,0.0945,0.0923,0.094,0.0919,0.0907,0.0907,0.0913,0.0916,0.0926,0.097,0.0983,0.1012,0.099,0.1007,0.1027,0.1082,0.1121,0.1379,0.1336,0.1318,0.1445,0.123,0.1189,0.1176
S,E7000,KWH_GE15000,KWH,X_VAT,EUR,FR,,0.0844,0.0841,0.0893,0.0851,0.0938,0.0944,0.1,0.105,0.1075,0.1059,0.1136,0.1072,0.1127,0.1105,0.1276,0.1276,0.1294,0.1299,0.1311,0.127,0.1288,0.1295,0.1307,0.1288,0.1405,0.1408,0.1456,0.1456,0.1505,0.1566,0.1576,0.1695,0.1893,0.2163,0.223,0.204,0.1886
S,E7000,KWH_GE15000,KWH,X_VAT,EUR,GE,,,,,,,,,,,,,,,,,,,,,,,0.0613,0.0691,0.0718,0.0568,0.0589,0.048,0.0586,0.0567,,0.0783,0.0794,0.081,0.0672,0.066,0.072,0.0693
S,E7000,KWH_GE15000,KWH,X_VAT,EUR,HR,0.0544,0.0724,0.0729,0.0878,0.0853,0.0877,0.0864,0.0869,0.0853,0.0852,0.0876,0.1018,0.1011,0.0999,0.0974,0.0983,0.0975,0.0975,0.0973,0.0994,0.0984,0.1025,0.1089,0.11,0.1094,0.1101,0.1078,0.1086,0.1074,0.1088,0.1116,0.1243,0.14,0.1404,0.1399,0.1423,0.1553,0.1565
S,E7000,KWH_GE15000,KWH,X_VAT,EUR,HU,,0.089,0.1324,0.1346,0.111,0.1294,0.1291,0.1236,0.1321,0.1198,0.1307,0.1297,0.1105,0.105,0.0973,0.0907,0.0888,0.0935,0.0888,0.0892,0.0864,0.0886,0.0867,0.0849,0.0853,0.0837,0.0836,0.0819,0.0782,0.0803,0.0759,0.1042,0.1296,0.1322,0.1255,0.122,0.1239,0.1232
S,E7000,KWH_GE15000,KWH,X_VAT,EUR,IE,,0.1294,0.1209,0.1402,0.142,0.1293,0.1233,0.1256,0.1162,0.1368,0.1441,0.1527,0.1527,0.1593,0.1591,0.1607,0.1532,0.1593,0.1518,0.1462,0.1401,0.1445,0.1425,0.1542,0.1567,0.1615,0.1582,0.1636,0.157,0.1833,0.196,0.2647,0.2713,0.3253,0.2637,0.2717,0.2537,0.2506
S,E7000,KWH_GE15000,KWH,X_VAT,EUR,IS,,,,,,,,,,,0.0687,0.0724,0.0418,0.0421,0.0473,0.0487,0.0515,0.0541,0.0482,0.0521,0.0645,0.0565,0.0633,0.0599,0.0518,0.0508,0.047,0.0444,0.0485,0.0525,0.0571,0.0587,0.0618,0.0662,0.073,0.0869,0.1032,
S,E7000,KWH_GE15000,KWH,X_VAT,EUR,IT,,,0.1975,0.2124,0.2663,0.2834,0.2563,0.2527,0.2443,0.2604,0.2678,0.2878,0.291,0.2691,0.2977,0.3029,0.2985,0.3093,0.2538,0.2316,0.1974,0.1848,0.1826,0.1868,0.2034,0.2047,0.1693,0.1615,0.1773,0.1948,0.2625,0.3235,0.3138,0.2261,0.2533,0.2408,0.2699,0.2541
S,E7000,KWH_GE15000,KWH,X_VAT,EUR,LI,,,,,,,,,,,,,,,0.1384,0.1399,0.1667,0.1633,0.1534,0.155,0.1405,0.1319,0.1566,0.158,0.1621,0.1664,0.1721,0.1691,0.1687,0.173,0.1833,0.1943,0.3832,0.3122,0.2791,0.2663,0.2491,0.252
S,E7000,KWH_GE15000,KWH,X_VAT,EUR,LT,,0.0665,0.0638,0.0651,0.0679,0.0681,0.0855,0.0933,0.092,0.0914,0.0954,0.097,0.1036,0.1058,0.0999,0.1001,0.0934,0.0936,0.0913,0.0869,0.0816,0.0819,0.0808,0.0811,0.0917,0.0936,0.1057,0.0995,0.102,0.1187,0.1176,0.1745,0.2371,0.1966,0.1795,0.1736,0.1641,0.1517
S,E7000,KWH_GE15000,KWH,X_VAT,EUR,LU,0.0998,0.0989,0.0989,0.1088,0.1314,0.1314,0.1368,0.1383,0.1318,0.1298,0.1359,0.1349,0.1317,0.1314,0.1398,0.1402,0.1409,0.1408,0.1346,0.1347,0.1226,0.1224,0.1246,0.1261,0.1344,0.1343,0.1492,0.1493,0.1513,0.1514,0.1539,0.1561,0.1474,0.1503,0.15,0.1504,0.2056,0.2056
S,E7000,KWH_GE15000,KWH,X_VAT,EUR,LV,,0.0663,0.0753,0.0952,0.0953,0.0954,0.095,0.0949,0.0991,0.1186,0.1207,0.1216,0.1204,0.114,0.12,0.1209,0.1321,0.1342,0.1308,0.1324,0.1283,0.1296,0.1211,0.1225,0.1271,0.1301,0.1233,0.1262,0.1178,0.1584,0.1268,0.2299,0.2355,0.1896,0.1822,0.1765,0.1664,0.1598
S,E7000,KWH_GE15000,KWH,X_VAT,EUR,MD,,,,,,,,,,,,,,,,,0.0808,0.0854,0.0935,0.0867,0.0922,0.0953,0.0977,0.0917,0.0906,0.0932,0.0937,0.0847,0.0904,0.0722,0.0854,0.1622,0.1712,0.1296,0.1197,0.1175,0.189,0.1822
S,E7000,KWH_GE15000,KWH,X_VAT,EUR,ME,,,,,,,,,0.0726,0.0713,0.0766,0.075,0.0748,0.0755,0.076,0.0766,0.0763,0.0766,0.0752,0.0761,0.0795,0.0799,0.0812,0.0816,0.0855,0.0879,0.0864,0.0879,0.0858,0.0848,0.0834,0.0899,0.0888,0.0857,0.0882,0.0904,0.0895,0.0914
S,E7000,KWH_GE15000,KWH,X_VAT,EUR,MK,,,,,,,,,,,,0.0671,0.0702,0.0697,0.0685,0.0722,0.0687,0.0699,0.0699,0.0709,0.0699,0.069,0.0667,0.0675,0.0662,0.0677,0.0663,0.0714,0.0713,0.0807,0.0894,0.1152,0.1242,0.1153,0.1154,0.1122,0.1134,0.1099
S,E7000,KWH_GE15000,KWH,X_VAT,EUR,MT,,0.1335,0.135,0.1878,0.2027,0.2027,0.3793,0.3687,0.3648,0.3501,0.3513,0.3379,0.3403,0.3571,0.3622,0.3698,0.3463,0.3291,0.345,0.3749,0.3599,0.3326,0.339,0.3193,0.3086,0.3046,0.3006,0.2979,0.3018,0.2954,0.2994,0.2803,0.2784,0.2735,0.2829,0.2759,0.2719,0.2864
S,E7000,KWH_GE15000,KWH,X_VAT,EUR,NL,0.149,,,,0.2165,0.1726,0.1996,0.1589,0.2047,0.1637,0.2138,0.1737,0.2164,0.1753,0.2213,0.1699,0.2175,0.1634,0.201,0.1662,0.15,0.118,0.163,0.134,0.183,0.158,0.18,0.1549,0.1756,0.1685,0.1913,0.3218,0.4765,0.2683,0.2772,0.2324,0.2341,0.2157
S,E7000,KWH_GE15000,KWH,X_VAT,EUR,NO,,0.0758,0.084,0.092,0.0813,0.0791,0.1099,0.1001,0.1172,0.0951,0.0954,0.0854,0.0968,0.0897,0.0815,0.083,0.0792,0.0683,0.0757,0.0836,0.0859,0.0845,0.0932,0.1058,0.1012,0.0919,0.0634,0.0604,0.0975,0.1399,0.1121,0.1261,0.1043,0.0912,0.0979,0.0836,0.0899,0.0883
S,E7000,KWH_GE15000,KWH,X_VAT,EUR,PL,,0.1053,0.091,0.0957,0.0862,0.096,0.1018,0.1066,0.113,0.1049,0.1086,0.1137,0.1124,0.1097,0.1095,0.1113,0.1111,0.1095,0.103,0.1038,0.1068,0.1079,0.1032,0.1016,0.101,0.1024,0.1123,0.1135,0.1117,0.1119,0.1208,0.1345,0.1805,0.2224,0.22,0.2044,0.1984,0.1992
S,E7000,KWH_GE15000,KWH,X_VAT,EUR,PT,,0.1361,0.1182,0.1207,0.1223,0.127,0.1302,0.1311,0.1361,0.137,0.1446,0.1514,0.1557,0.1556,0.1626,0.1633,0.1703,0.1683,0.1751,0.1757,0.1758,0.1706,0.1665,0.1668,0.1591,0.1593,0.1559,0.1575,0.1554,0.1627,0.1644,0.1668,0.1673,0.1825,0.189,0.2018,0.1865,0.1862
S,E7000,KWH_GE15000,KWH,X_VAT,EUR,RO,,0.0972,0.0878,0.0943,0.0761,0.0763,0.0811,0.0788,0.0792,0.0808,0.0786,0.085,0.1027,0.0981,0.0994,0.0981,0.1008,0.1028,0.0979,0.0977,0.096,0.1024,0.1075,0.1045,0.1139,0.119,0.1205,0.1185,0.1229,0.1282,0.1835,0.2398,0.166,0.1443,0.1591,0.157,0.1727,0.2131
S,E7000,KWH_GE15000,KWH,X_VAT,EUR,RS,,,,,,,,,,,,,0.0571,0.0665,0.0599,0.059,0.06,0.0638,0.0633,0.0666,0.0664,0.0695,0.0721,0.073,0.0711,0.0743,0.0737,0.0763,0.0783,0.0819,0.0817,0.0894,0.0995,0.1123,0.1191,0.1213,0.1228,0.1328
S,E7000,KWH_GE15000,KWH,X_VAT,EUR,SE,0.0993,0.1049,0.1079,0.1106,0.1031,0.104,0.1165,0.1237,0.1298,0.1262,0.1225,0.1272,0.126,0.1246,0.1148,0.1107,0.1087,0.1072,0.1086,0.1123,0.1081,0.1149,0.1086,0.1218,0.1173,0.1185,0.1084,0.1168,0.1205,0.1342,0.1136,0.1374,0.1539,0.1326,0.1446,0.1332,0.1467,0.1517
S,E7000,KWH_GE15000,KWH,X_VAT,EUR,SI,,0.0798,0.0839,0.0896,0.1041,0.098,0.1007,0.1028,0.1049,0.1041,0.1061,0.1069,0.1066,0.1085,0.1064,0.1073,0.1042,0.1055,0.1038,0.1042,0.1022,0.1026,0.1016,0.1049,0.1005,0.1043,0.093,0.1077,0.1028,0.109,0.0947,0.1417,0.1468,0.1474,0.1523,0.1368,0.127,0.1524
S,E7000,KWH_GE15000,KWH,X_VAT,EUR,SK,,0.071,0.0791,0.088,0.1022,0.1106,0.0968,0.1041,0.11,0.111,0.1114,0.1124,0.1102,0.1118,0.1007,0.1023,0.0974,0.0966,0.0933,0.0968,0.0869,0.089,0.0941,0.0938,0.0997,0.1024,0.1108,0.1139,0.1084,0.1075,0.1206,0.1277,0.1269,0.1358,0.124,0.1239,0.1309,0.132
S,E7000,KWH_GE15000,KWH,X_VAT,EUR,TR,,0.0764,0.0846,0.1036,0.097,0.0999,0.1137,0.1164,0.1029,0.0966,0.1117,0.1246,0.1267,0.1106,0.1008,0.1114,0.1085,0.1031,0.1071,0.1012,0.0882,0.0803,0.0755,0.0707,0.0711,0.0874,0.0836,0.0693,0.0699,0.0662,0.1013,0.1157,0.099,0.0657,0.0574,0.0698,0.0869,0.09
S,E7000,KWH_GE15000,KWH,X_VAT,EUR,UA,,,,,,,,,,,,,,,,,,,0.0207,0.0267,0.0328,0.0318,0.0293,0.0307,0.0398,0.0415,0.0367,0.0321,0.0372,,,,,,,,,
S,E7000,KWH_GE15000,KWH,X_VAT,EUR,UK,,0.1072,0.1316,0.1261,0.1242,0.1134,0.107,0.115,0.1098,0.1258,0.1296,0.1428,0.135,0.1468,0.1512,0.1598,0.1657,0.1774,0.1549,0.1532,0.1425,0.1508,0.1519,0.1646,0.1694,0.1795,0.1809,,,,,,,,,,,
S,E7000,KWH_GE15000,KWH,X_VAT,EUR,XK,,,,,,,,,,,,,0.0643,0.0631,0.0673,0.0614,0.0718,0.0659,0.0728,0.0675,0.0726,0.0525,0.0505,0.0515,0.0497,0.0522,0.0492,0.0516,0.0489,0.0515,0.0681,0.0911,0.0862,0.1066,0.0973,0.0984,0.0941,0.115
S,E7000,KWH_GE15000,KWH,X_VAT,NAC,AL,,,,,,,,,13.5,13.5,13.5,13.5,13.5,13.5,13.5,13.5,9.5,9.5,9.5,9.5,9.5,9.5,,9.5,9.5,9.5,9.5,9.5,9.5,9.5,9.5,9.5,9.5,9.5,9.5,9.5,9.5,9.5
S,E7000,KWH_GE15000,KWH,X_VAT,NAC,AT,,0.1254,0.1262,0.1279,0.131,0.1332,0.1308,0.1223,0.1359,0.1343,0.1329,0.1366,0.1463,0.1415,0.1344,0.131,0.1265,0.1242,0.1264,0.1242,0.13,0.1315,0.1284,0.1335,0.1324,0.1348,0.1403,0.144,0.1455,0.1487,0.1542,0.183,0.2216,0.2457,0.2378,0.2164,0.2288,0.2377
S,E7000,KWH_GE15000,KWH,X_VAT,NAC,BA,,,,,,,,,,,0.116,0.1168,0.1173,0.1153,0.1168,0.1152,0.1183,0.1159,0.1189,0.1196,0.1244,0.1235,0.1253,0.1256,0.1267,0.1262,0.1281,0.1299,0.1293,0.1256,0.1312,0.1308,0.146,0.1501,0.1394,0.1463,0.1478,0.1566
S,E7000,KWH_GE15000,KWH,X_VAT,NAC,BE,,0.1154,0.1317,0.1444,0.1205,0.1128,0.1196,0.1247,0.1377,0.131,0.1517,0.1337,0.1431,0.1381,0.1409,0.1473,0.1522,0.1507,0.148,0.1851,0.1933,0.1928,0.184,0.1926,0.1913,0.1737,0.1877,0.1813,0.1944,0.2197,0.2819,0.4146,0.3499,0.3039,0.2689,0.2738,0.285,0.3267
S,E7000,KWH_GE15000,KWH,X_VAT,NAC,BG,,0.117,0.115,0.147,0.133,0.132,0.131,0.1362,0.1351,0.1413,0.1334,0.1578,0.1519,0.1455,0.1351,0.1384,0.1515,0.1559,0.155,0.1509,0.1525,0.1596,0.157,0.1629,0.1597,0.1524,0.1519,0.1547,0.1542,0.1758,0.1755,0.1858,0.1825,0.1923,0.1904,0.1955,0.2075,0.2183
S,E7000,KWH_GE15000,KWH,X_VAT,NAC,CY,,0.0808,0.1561,0.1846,0.1419,0.1466,0.1386,0.1772,0.1558,0.211,0.2143,0.2504,0.2174,0.2124,0.1761,0.2003,0.1446,0.1569,0.1117,0.1386,0.1369,0.1562,0.1428,0.1786,0.1543,0.1807,0.1533,0.1359,0.1396,0.1869,0.2041,0.2887,0.2853,0.282,0.2445,0.2625,0.2319,0.2499
S,E7000,KWH_GE15000,KWH,X_VAT,NAC,CZ,1.69,1.69,1.99,1.99,2.26,2.26,2.12,2.12,2.26,2.26,2.42,2.42,2.51,2.51,2.13,2.13,2.13,2.13,2.31,2.31,2.31,2.31,2.53,2.6,2.87,2.94,3.07,3.01,2.95,2.89,3.51,3.8359,4.5728,4.7566,5.3141,5.2155,4.7639,4.658
S,E7000,KWH_GE15000,KWH,X_VAT,NAC,DE,0.1513,0.1598,0.1602,0.1655,0.1734,0.1737,0.183,0.1858,0.1949,0.1954,0.1995,0.2052,0.2279,0.2242,0.2261,0.2281,0.2249,0.2251,0.2252,0.2254,0.2283,0.228,0.2241,0.218,0.2231,0.1992,0.2174,0.2169,0.2142,0.2109,0.2272,0.2469,0.2928,0.288,0.2902,0.2833,0.2746,0.2759
S,E7000,KWH_GE15000,KWH,X_VAT,NAC,DK,,1.2662,1.398,1.4874,1.4319,1.3452,1.3742,1.3986,1.5154,1.5529,1.56,1.5521,1.3536,1.3255,1.3737,1.3676,1.344,1.3262,1.3189,1.311,1.2963,1.2774,1.3117,1.4065,1.313,1.2767,1.2147,1.0116,0.9017,1.2224,1.8749,2.7903,2.1398,1.4162,1.4495,1.4826,1.3801,1.2817
S,E7000,KWH_GE15000,KWH,X_VAT,NAC,EA,,0.1272,0.1268,0.1362,0.1463,0.1479,0.1481,0.1496,0.1555,0.1601,0.1621,0.1677,0.1718,0.1698,0.1737,0.1791,0.1793,0.1807,0.1736,0.1706,,,,,,,,,,,,,,,,,,
S,E7000,KWH_GE15000,KWH,X_VAT,NAC,EE,,0.87,0.886,0.984,1.035,1.056,1.097,1.181,0.0709,0.0795,0.0808,0.0847,0.098,0.0976,0.0924,0.0999,0.0948,0.0974,0.0926,0.0982,0.0939,0.0956,0.0975,0.1061,0.0992,0.1015,0.0881,0.0964,0.1013,0.1593,0.1568,0.1712,0.1362,0.1463,0.1405,0.1257,0.1422,0.1357
S,E7000,KWH_GE15000,KWH,X_VAT,NAC,EL,,0.1283,0.1248,0.1561,0.1524,0.1321,0.1531,0.1587,0.1115,0.1233,0.1205,0.148,0.1345,0.1716,0.1665,0.1775,0.1656,0.1735,0.1619,0.1744,0.1597,0.157,0.1809,0.1892,0.1843,0.1886,0.1836,0.1864,0.1841,0.2409,0.2875,0.3037,0.2913,0.2657,0.2437,0.2515,0.2466,0.255
S,E7000,KWH_GE15000,KWH,X_VAT,NAC,ES,,0.1026,0.1031,0.1207,0.1222,0.1212,0.1234,0.1307,0.1315,0.1518,0.1487,0.1535,0.1483,0.1536,0.1376,0.1477,0.1521,0.1654,0.146,0.138,0.1226,0.1378,0.1299,0.1486,0.1481,0.1484,0.1334,0.1359,0.1289,0.1504,0.198,0.2255,0.2007,0.1902,0.18,0.1781,0.1639,0.1702
S,E7000,KWH_GE15000,KWH,X_VAT,NAC,FI,,0.0669,0.0729,0.0765,0.0787,0.078,0.0799,0.0814,0.0937,0.096,0.095,0.0947,0.0959,0.0943,0.0945,0.0923,0.094,0.0919,0.0907,0.0907,0.0913,0.0916,0.0926,0.097,0.0983,0.1012,0.099,0.1007,0.1027,0.1082,0.1121,0.1379,0.1336,0.1318,0.1445,0.123,0.1189,0.1176
S,E7000,KWH_GE15000,KWH,X_VAT,NAC,FR,,0.0844,0.0841,0.0893,0.0851,0.0938,0.0944,0.1,0.105,0.1075,0.1059,0.1136,0.1072,0.1127,0.1105,0.1276,0.1276,0.1294,0.1299,0.1311,0.127,0.1288,0.1295,0.1307,0.1288,0.1405,0.1408,0.1456,0.1456,0.1505,0.1566,0.1576,0.1695,0.1893,0.2163,0.223,0.204,0.1886
S,E7000,KWH_GE15000,KWH,X_VAT,NAC,GE,,,,,,,,,,,,,,,,,,,,,,,0.1829,0.2072,0.2193,0.1848,0.1969,0.1806,0.2344,0.2056,,0.2207,0.2229,0.2329,0.1966,0.1956,0.2183,0.2188
S,E7000,KWH_GE15000,KWH,X_VAT,NAC,HR,0.4,0.53,0.53,0.63,0.63,0.64,0.628,0.635,0.631,0.637,0.6604,0.7639,0.7651,0.758,0.7424,0.7512,0.7433,0.7411,0.7355,0.7466,0.7331,0.767,0.8075,0.8159,0.8119,0.8166,0.8121,0.8189,0.811,0.8167,0.8415,0.9365,0.14,0.1404,0.1399,0.1423,0.1553,0.1565
S,E7000,KWH_GE15000,KWH,X_VAT,NAC,HU,,22.45,33.58,33.61,32.18,35.07,35.08,34.49,35.5931,34.648,38.5983,36.7372,32.7181,31.2686,29.8501,28.1374,27.2975,29.1964,27.7723,27.6654,26.7472,27.3758,27.2357,27.4548,27.3494,27.6332,28.8733,29.2583,27.9689,28.8485,28.4892,42.4299,49.3363,50.6201,48.8977,48.8944,50.1129,48.1726
S,E7000,KWH_GE15000,KWH,X_VAT,NAC,IE,,0.1294,0.1209,0.1402,0.142,0.1293,0.1233,0.1256,0.1162,0.1368,0.1441,0.1527,0.1527,0.1593,0.1591,0.1607,0.1532,0.1593,0.1518,0.1462,0.1401,0.1445,0.1425,0.1542,0.1567,0.1615,0.1582,0.1636,0.157,0.1833,0.196,0.2647,0.2713,0.3253,0.2637,0.2717,0.2537,0.2506
S,E7000,KWH_GE15000,KWH,X_VAT,NAC,IS,,,,,,,,,,,11.211,11.4765,6.8,6.82,7.36,7.52,7.67,7.7782,6.7735,6.6142,7.5516,6.9913,7.8177,7.8724,7.0969,6.9845,6.9827,7.1348,7.3537,7.8139,8.0654,8.4044,9.3346,9.7415,10.9065,12.96,14.98,
S,E7000,KWH_GE15000,KWH,X_VAT,NAC,IT,,,0.1975,0.2124,0.2663,0.2834,0.2563,0.2527,0.2443,0.2604,0.2678,0.2878,0.291,0.2691,0.2977,0.3029,0.2985,0.3093,0.2538,0.2316,0.1974,0.1848,0.1826,0.1868,0.2034,0.2047,0.1693,0.1615,0.1773,0.1948,0.2625,0.3235,0.3138,0.2261,0.2533,0.2408,0.2699,0.2541
S,E7000,KWH_GE15000,KWH,X_VAT,NAC,LI,,,,,,,,,,,,,,,0.169,0.169,0.1761,0.1761,0.1681,0.1681,0.1513,0.1513,0.1832,0.1802,0.1831,0.1824,0.1831,0.1834,0.1846,0.1848,0.1891,0.1901,0.3776,0.2991,0.2683,0.2514,0.2345,0.2351
S,E7000,KWH_GE15000,KWH,X_VAT,NAC,LT,,0.2297,0.2203,0.2249,0.2345,0.2353,0.2953,0.322,0.3175,0.3155,0.3295,0.3348,0.3577,0.3653,0.3448,0.3456,0.0934,0.0936,0.0913,0.0869,0.0816,0.0819,0.0808,0.0811,0.0917,0.0936,0.1057,0.0995,0.102,0.1187,0.1176,0.1745,0.2371,0.1966,0.1795,0.1736,0.1641,0.1517
S,E7000,KWH_GE15000,KWH,X_VAT,NAC,LU,0.0998,0.0989,0.0989,0.1088,0.1314,0.1314,0.1368,0.1383,0.1318,0.1298,0.1359,0.1349,0.1317,0.1314,0.1398,0.1402,0.1409,0.1408,0.1346,0.1347,0.1226,0.1224,0.1246,0.1261,0.1344,0.1343,0.1492,0.1493,0.1513,0.1514,0.1539,0.1561,0.1474,0.1503,0.15,0.1504,0.2056,0.2056
S,E7000,KWH_GE15000,KWH,X_VAT,NAC,LV,,0.0464,0.0526,0.0673,0.0673,0.0673,0.0673,0.0673,0.0701,0.0837,0.0843,0.0847,0.0843,0.0801,0.12,0.1209,0.1321,0.1342,0.1308,0.1324,0.1283,0.1296,0.1211,0.1225,0.1271,0.1301,0.1233,0.1262,0.1178,0.1584,0.1268,0.2299,0.2355,0.1896,0.1822,0.1765,0.1664,0.1598
S,E7000,KWH_GE15000,KWH,X_VAT,NAC,MD,,,,,,,,,,,,,,,,,1.632,1.8438,2.08,1.8975,1.929,1.9775,1.9767,1.7863,1.7944,1.8204,1.8237,1.6952,1.9241,1.4854,1.724,3.1795,3.4049,2.5148,2.3,2.2673,3.6842,3.5869
S,E7000,KWH_GE15000,KWH,X_VAT,NAC,ME,,,,,,,,,0.0726,0.0713,0.0766,0.075,0.0748,0.0755,0.076,0.0766,0.0763,0.0766,0.0752,0.0761,0.0795,0.0799,0.0812,0.0816,0.0855,0.0879,0.0864,0.0879,0.0858,0.0848,0.0834,0.0899,0.0888,0.0857,0.0882,0.0904,0.0895,0.0914
S,E7000,KWH_GE15000,KWH,X_VAT,NAC,MK,,,,,,,,,,,,4.126,4.3241,4.29,4.2259,4.4466,4.2322,4.3097,4.3131,4.3611,4.3063,4.245,4.1065,4.1531,4.0743,4.1626,4.0906,4.4045,4.399,4.974,5.5162,7.0899,7.6503,7.09,7.0982,6.9003,6.9879,6.77
S,E7000,KWH_GE15000,KWH,X_VAT,NAC,MT,,0.0573,0.135,0.1878,0.2027,0.2027,0.3793,0.3687,0.3648,0.3501,0.3513,0.3379,0.3403,0.3571,0.3622,0.3698,0.3463,0.3291,0.345,0.3749,0.3599,0.3326,0.339,0.3193,0.3086,0.3046,0.3006,0.2979,0.3018,0.2954,0.2994,0.2803,0.2784,0.2735,0.2829,0.2759,0.2719,0.2864
S,E7000,KWH_GE15000,KWH,X_VAT,NAC,NL,0.149,,,,0.2165,0.1726,0.1996,0.1589,0.2047,0.1637,0.2138,0.1737,0.2164,0.1753,0.2213,0.1699,0.2175,0.1634,0.201,0.1662,0.15,0.118,0.163,0.134,0.183,0.158,0.18,0.1549,0.1756,0.1685,0.1913,0.3218,0.4765,0.2683,0.2772,0.2324,0.2341,0.2157
S,E7000,KWH_GE15000,KWH,X_VAT,NAC,NO,,0.599,0.668,0.7817,0.723,0.678,0.88,0.801,0.917,0.738,0.7221,0.63,0.7277,0.7252,0.6747,0.6999,0.6853,0.6306,0.7132,0.7663,0.7886,0.801,0.8936,1.0156,0.9844,0.9166,0.681,0.6471,0.9919,1.4204,1.1188,1.2889,1.1809,1.0516,1.1255,0.9827,1.0484,1.0399
S,E7000,KWH_GE15000,KWH,X_VAT,NAC,PL,,0.392,0.3176,0.3385,0.386,0.4018,0.4076,0.4252,0.4467,0.4497,0.4613,0.4691,0.4695,0.4625,0.4571,0.4665,0.4598,0.4626,0.4501,0.4522,0.4556,0.4579,0.4355,0.4368,0.4336,0.4406,0.4958,0.5076,0.5069,0.5139,0.5601,0.6369,0.8345,0.9917,0.9496,0.8781,0.8396,0.846
S,E7000,KWH_GE15000,KWH,X_VAT,NAC,PT,,0.1361,0.1182,0.1207,0.1223,0.127,0.1302,0.1311,0.1361,0.137,0.1446,0.1514,0.1557,0.1556,0.1626,0.1633,0.1703,0.1683,0.1751,0.1757,0.1758,0.1706,0.1665,0.1668,0.1591,0.1593,0.1559,0.1575,0.1554,0.1627,0.1644,0.1668,0.1673,0.1825,0.189,0.2018,0.1865,0.1862
S,E7000,KWH_GE15000,KWH,X_VAT,NAC,RO,,0.3247,0.3224,0.3487,0.3222,0.3239,0.3367,0.3366,0.3311,0.3474,0.3451,0.385,0.451,0.4362,0.4436,0.4342,0.4485,0.4567,0.4403,0.4381,0.4355,0.4712,0.5002,0.4863,0.5401,0.5651,0.5805,0.5756,0.6026,0.6336,0.9077,1.1792,0.8193,0.7158,0.7914,0.7808,0.8644,1.0825
S,E7000,KWH_GE15000,KWH,X_VAT,NAC,RS,,,,,,,,,,,,,6.3873,7.6016,6.9226,7.0078,7.2583,7.6935,7.7778,8.2098,8.1944,8.2985,8.5288,8.6307,8.3921,8.7439,8.6651,8.9667,9.211,9.6314,9.6048,10.4907,11.6715,13.1595,13.9563,14.1932,14.3872,15.5671
S,E7000,KWH_GE15000,KWH,X_VAT,NAC,SE,0.916,0.973,1.012,1.09,1.12,1.08,1.14,1.15,1.16,1.1503,1.0885,1.0852,1.0746,1.0928,1.0283,1.0223,1.0155,1.0041,1.0105,1.0819,1.0373,1.1114,1.1026,1.2621,1.234,1.2633,1.1555,1.2046,1.2207,1.3638,1.19,1.4815,1.7444,1.5404,1.6476,1.5286,1.6275,1.6737
S,E7000,KWH_GE15000,KWH,X_VAT,NAC,SI,,0.0798,0.0839,0.0896,0.1041,0.098,0.1007,0.1028,0.1049,0.1041,0.1061,0.1069,0.1066,0.1085,0.1064,0.1073,0.1042,0.1055,0.1038,0.1042,0.1022,0.1026,0.1016,0.1049,0.1005,0.1043,0.093,0.1077,0.1028,0.109,0.0947,0.1417,0.1468,0.1474,0.1523,0.1368,0.127,0.1524
S,E7000,KWH_GE15000,KWH,X_VAT,NAC,SK,,2.38,2.55,2.67,0.1022,0.1106,0.0968,0.1041,0.11,0.111,0.1114,0.1124,0.1102,0.1118,0.1007,0.1023,0.0974,0.0966,0.0933,0.0968,0.0869,0.089,0.0941,0.0938,0.0997,0.1024,0.1108,0.1139,0.1084,0.1075,0.1206,0.1277,0.1269,0.1358,0.124,0.1239,0.1309,0.132
S,E7000,KWH_GE15000,KWH,X_VAT,NAC,TR,,0.1335,0.1597,0.1994,0.2088,0.2171,0.2298,0.2297,0.2273,0.2382,0.261,0.2856,0.3017,0.2967,0.2991,0.3173,0.3106,0.328,0.349,0.3468,0.3476,0.3457,0.3744,0.4556,0.452,0.5559,0.5983,0.6189,0.6652,0.7587,1.6479,2.1454,2.1387,1.9651,1.9647,2.5748,3.5742,4.3555
S,E7000,KWH_GE15000,KWH,X_VAT,NAC,UA,,,,,,,,,,,,,,,,,,,0.59,0.75,0.95,0.99,0.95,0.9769,1.2105,1.1403,1.0505,1.0595,1.2474,,,,,,,,,
S,E7000,KWH_GE15000,KWH,X_VAT,NAC,UK,,0.0744,0.102,0.103,0.111,0.1007,0.0931,0.0973,0.0953,0.1091,0.1066,0.1142,0.1149,0.1244,0.1242,0.1265,0.1213,0.1277,0.1206,0.1317,0.1226,0.1346,0.1336,0.1464,0.148,0.1582,0.1583,,,,,,,,,,,
S,E7000,KWH_GE15000,KWH,X_VAT,NAC,XK,,,,,,,,,,,,,0.0643,0.0631,0.0673,0.0614,0.0718,0.0659,0.0728,0.0675,0.0726,0.0525,0.0505,0.0515,0.0497,0.0522,0.0492,0.0516,0.0489,0.0515,0.0681,0.0911,0.0862,0.1066,0.0973,0.0984,0.0941,0.115
S,E7000,KWH_GE15000,KWH,X_VAT,PPS,AL,,,,,,,,,0.2193,0.2193,0.2155,0.2155,0.2148,0.2148,0.2182,0.2182,0.1536,0.1631,0.1639,0.1637,0.1537,0.1537,,0.1529,0.1543,0.1543,0.1494,0.1494,0.1476,0.1476,0.1482,0.1482,0.1491,0.1493,0.151,0.1519,0.1529,0.1529
S,E7000,KWH_GE15000,KWH,X_VAT,PPS,AT,,0.1173,0.1156,0.1172,0.1167,0.1187,0.1186,0.1109,0.1227,0.1213,0.1206,0.1239,0.1309,0.1266,0.1216,0.1185,0.1145,0.1144,0.1176,0.1164,0.1152,0.1165,0.1139,0.1185,0.1165,0.1186,0.1227,0.126,0.1273,0.1288,0.1335,0.1604,0.1978,0.2188,0.2099,0.191,0.1993,0.207
S,E7000,KWH_GE15000,KWH,X_VAT,PPS,BA,,,,,,,,,,,0.1229,0.1238,0.123,0.1209,0.1236,0.1219,0.1252,0.1257,0.1286,0.1293,0.1255,0.1246,0.1259,0.1262,0.1261,0.1256,0.1279,0.1297,0.1291,0.1235,0.129,0.1284,0.1372,0.1387,0.1306,0.1363,0.128,0.1357
S,E7000,KWH_GE15000,KWH,X_VAT,PPS,BE,,0.1056,0.1178,0.1291,0.1056,0.0989,0.1078,0.1124,0.1241,0.118,0.1369,0.1207,0.1271,0.1227,0.127,0.1327,0.1371,0.1365,0.1368,0.1732,0.1711,0.1707,0.1631,0.1707,0.1695,0.1539,0.1682,0.1625,0.1742,0.1974,0.2537,0.3731,0.3143,0.2715,0.2396,0.2426,0.2539,0.2911
S,E7000,KWH_GE15000,KWH,X_VAT,PPS,BG,,0.1492,0.1375,0.1758,0.1521,0.1509,0.1511,0.1571,0.1459,0.1526,0.1451,0.1716,0.1633,0.1564,0.1465,0.1501,0.1643,0.1725,0.1719,0.1665,0.1548,0.1621,0.1561,0.162,0.1535,0.1465,0.1441,0.1468,0.1463,0.1629,0.1626,0.1713,0.1548,0.1631,0.1613,0.1656,0.1729,0.1819
S,E7000,KWH_GE15000,KWH,X_VAT,PPS,CY,,0.1584,0.178,0.2105,0.1596,0.1649,0.1562,0.1997,0.1693,0.2293,0.2361,0.2758,0.2437,0.238,0.2003,0.2279,0.1645,0.1722,0.1264,0.1567,0.1534,0.1751,0.1591,0.199,0.1703,0.1994,0.1674,0.1484,0.1524,0.2039,0.2226,0.3186,0.3119,0.3093,0.2721,0.2882,0.2539,0.2736
S,E7000,KWH_GE15000,KWH,X_VAT,PPS,CZ,0.0983,0.0983,0.109,0.109,0.1223,0.1223,0.1159,0.1159,0.1273,0.1273,0.1367,0.1367,0.1435,0.1435,0.1221,0.1221,0.1232,0.1232,0.1336,0.1347,0.1277,0.1277,0.1386,0.1425,0.1539,0.1576,0.1604,0.1572,0.1541,0.1493,0.1766,0.193,0.2308,0.24,0.2649,0.2568,0.2347,0.2295
S,E7000,KWH_GE15000,KWH,X_VAT,PPS,DE,0.1478,0.1561,0.1542,0.1593,0.1612,0.1615,0.1754,0.1781,0.1875,0.188,0.1931,0.1986,0.2168,0.2133,0.217,0.2189,0.2158,0.2158,0.2183,0.2175,0.2105,0.2102,0.2062,0.2006,0.2018,0.1801,0.1968,0.1963,0.1939,0.1898,0.2045,0.2223,0.2615,0.2574,0.258,0.2531,0.2459,0.2471
S,E7000,KWH_GE15000,KWH,X_VAT,PPS,DK,,0.1248,0.1363,0.145,0.1375,0.1292,0.1353,0.1377,0.1505,0.1542,0.1549,0.1541,0.1332,0.1304,0.1368,0.1362,0.1385,0.1367,0.1319,0.1312,0.1295,0.1277,0.1314,0.1409,0.1325,0.1288,0.1224,0.1019,0.0908,0.1237,0.1898,0.2807,0.2173,0.1428,0.1485,0.1504,0.1414,0.1314
S,E7000,KWH_GE15000,KWH,X_VAT,PPS,EA,,0.1266,0.1233,0.1325,0.1395,0.141,0.1423,0.1437,0.1498,0.1542,0.1577,0.1631,0.1664,0.1645,0.1697,0.175,0.1784,0.1798,0.1692,0.1663,0.1574,0.1571,0.1567,0.1589,0.1628,0.1601,0.1584,0.1584,0.1594,0.1658,0.1945,0.2227,0.2357,0.2199,0.2267,0.2243,0.2201,0.2166
S,E7000,KWH_GE15000,KWH,X_VAT,PPS,EE,,0.0819,0.0798,0.0886,0.0944,0.0963,0.1034,0.1113,0.1021,0.1144,0.1139,0.1194,0.1344,0.1339,0.1237,0.1338,0.127,0.1343,0.1271,0.1328,0.1205,0.1227,0.1224,0.1332,0.1221,0.1249,0.1098,0.1201,0.1262,0.1945,0.1914,0.2089,0.1538,0.1631,0.1561,0.1369,0.1556,0.1484
S,E7000,KWH_GE15000,KWH,X_VAT,PPS,EL,,0.1449,0.1391,0.174,0.1644,0.1425,0.1665,0.1726,0.1202,0.1329,0.1347,0.1655,0.1576,0.201,0.2008,0.2141,0.1997,0.2122,0.1962,0.2113,0.1907,0.1875,0.2174,0.2274,0.2234,0.2286,0.2219,0.2253,0.2225,0.2935,0.3494,0.3691,0.3551,0.3239,0.3009,0.3105,0.3035,0.3138
S,E7000,KWH_GE15000,KWH,X_VAT,PPS,ES,,0.1143,0.1118,0.1309,0.1296,0.1285,0.1313,0.1391,0.1409,0.1627,0.1643,0.1696,0.1647,0.1706,0.1538,0.1651,0.17,0.1848,0.1649,0.1543,0.1335,0.15,0.1394,0.1594,0.1589,0.1592,0.1421,0.1447,0.1373,0.1607,0.2116,0.2388,0.2152,0.204,0.1967,0.1985,0.1827,0.1897
S,E7000,KWH_GE15000,KWH,X_VAT,PPS,EU27_2020,,,,,,,,,,,,,,,,,,,,,0.1522,0.1529,0.1522,0.155,0.158,0.1563,0.1553,0.1554,0.1559,0.1615,0.1882,0.218,0.2301,0.2166,0.2185,0.2159,0.2157,0.2145
S,E7000,KWH_GE15000,KWH,X_VAT,PPS,FI,,0.0577,0.0621,0.0651,0.0655,0.065,0.067,0.0682,0.0779,0.0798,0.0787,0.0785,0.0777,0.0764,0.076,0.0742,0.0756,0.074,0.0742,0.0749,0.0735,0.0737,0.0737,0.0772,0.0782,0.0805,0.0783,0.0796,0.0812,0.087,0.0899,0.1103,0.1077,0.1063,0.1203,0.1024,0.099,0.098
S,E7000,KWH_GE15000,KWH,X_VAT,PPS,FR,,0.0767,0.0745,0.0791,0.0744,0.082,0.0841,0.0891,0.0938,0.0961,0.0944,0.1012,0.0948,0.0996,0.1007,0.1164,0.1191,0.1208,0.1202,0.1224,0.1132,0.1149,0.1162,0.1173,0.1184,0.1292,0.1294,0.1338,0.1338,0.1385,0.1445,0.1454,0.1561,0.1733,0.198,0.2042,0.1874,0.1732
S,E7000,KWH_GE15000,KWH,X_VAT,PPS,HR,0.0845,0.112,0.1081,0.1285,0.123,0.125,0.1225,0.1238,0.1261,0.1273,0.1369,0.1584,0.159,0.1575,0.1535,0.1553,0.1537,0.154,0.155,0.1577,0.1514,0.1584,0.1658,0.1676,0.1666,0.1676,0.1671,0.1685,0.1669,0.1665,0.1716,0.1907,0.2103,0.2084,0.2025,0.1996,0.2179,0.2195
S,E7000,KWH_GE15000,KWH,X_VAT,PPS,HU,,0.1387,0.2027,0.2029,0.1928,0.2101,0.2134,0.2098,0.2152,0.2094,0.2293,0.2183,0.1911,0.1827,0.1708,0.161,0.1562,0.1669,0.1581,0.1581,0.135,0.1382,0.1325,0.1336,0.1282,0.1296,0.1297,0.1314,0.1198,0.1236,0.1127,0.1678,0.1951,0.2002,0.1797,0.1827,0.1788,0.1719
S,E7000,KWH_GE15000,KWH,X_VAT,PPS,IE,,0.1095,0.0993,0.1151,0.1197,0.109,0.1116,0.1137,0.1054,0.1241,0.1314,0.1393,0.1386,0.1446,0.143,0.1444,0.1376,0.143,0.1408,0.1356,0.1211,0.1249,0.1221,0.1321,0.1304,0.1344,0.1302,0.1346,0.131,0.1529,0.1635,0.2227,0.2282,0.2736,0.2228,0.2295,0.2143,0.2117
S,E7000,KWH_GE15000,KWH,X_VAT,PPS,IS,,,,,,,,,,,0.0623,0.0638,0.0372,0.0373,0.0396,0.0405,0.0413,0.0419,0.0363,0.0352,0.039,0.0361,0.0383,0.0386,0.0339,0.0334,0.0312,0.0319,0.0328,0.0346,0.0357,0.0372,0.0425,0.0437,0.0487,0.0584,0.0656,
S,E7000,KWH_GE15000,KWH,X_VAT,PPS,IT,,,0.1956,0.2103,0.257,0.2735,0.2507,0.2472,0.2398,0.2556,0.2667,0.2866,0.2885,0.2668,0.2966,0.3018,0.2974,0.3074,0.2586,0.236,0.1965,0.1839,0.1821,0.1863,0.2043,0.2056,0.1704,0.1626,0.1785,0.1987,0.2677,0.3312,0.3264,0.2356,0.2624,0.2504,0.2822,0.2656
S,E7000,KWH_GE15000,KWH,X_VAT,PPS,LT,,0.1157,0.1013,0.1034,0.1096,0.11,0.1446,0.1577,0.1523,0.1514,0.1583,0.1608,0.1689,0.1725,0.1628,0.1632,0.1516,0.1552,0.151,0.146,0.1266,0.127,0.1226,0.1231,0.1367,0.1395,0.155,0.1459,0.1496,0.1706,0.169,0.2527,0.3151,0.2613,0.2324,0.2222,0.21,0.1941
S,E7000,KWH_GE15000,KWH,X_VAT,PPS,LU,0.0876,0.0868,0.0853,0.0938,0.109,0.109,0.1132,0.1145,0.1112,0.1095,0.1151,0.1142,0.1086,0.1084,0.1173,0.1176,0.1182,0.1174,0.1143,0.114,0.0992,0.0991,0.0998,0.101,0.1066,0.1065,0.1153,0.1154,0.117,0.1187,0.1207,0.1205,0.1136,0.1136,0.1134,0.114,0.1558,0.1558
S,E7000,KWH_GE15000,KWH,X_VAT,PPS,LV,,0.0995,0.1041,0.1332,0.1399,0.1399,0.1453,0.1453,0.1484,0.1772,0.1756,0.1764,0.1735,0.1648,0.175,0.1763,0.1926,0.1988,0.1965,0.1997,0.1818,0.1837,0.1672,0.1692,0.1719,0.1759,0.167,0.171,0.1596,0.2088,0.1652,0.2995,0.295,0.2368,0.2259,0.229,0.2158,0.2073
S,E7000,KWH_GE15000,KWH,X_VAT,PPS,ME,,,,,,,,,0.1479,0.1453,0.156,0.1527,0.1491,0.1505,0.148,0.1492,0.1486,0.1543,0.1534,0.1577,0.1594,0.1602,0.1583,0.1591,0.1684,0.1732,0.1713,0.1743,0.1701,0.1629,0.1602,0.1746,0.1627,0.157,0.155,0.1607,0.1596,0.163
S,E7000,KWH_GE15000,KWH,X_VAT,PPS,MK,,,,,,,,,,,,0.1652,0.1689,0.1676,0.1656,0.1742,0.1681,0.1712,0.1696,0.1699,0.1559,0.1537,0.1463,0.148,0.1454,0.1486,0.1444,0.1555,0.1553,0.1698,0.1884,0.2472,0.2597,0.2427,0.2381,0.2212,0.224,0.2171
S,E7000,KWH_GE15000,KWH,X_VAT,PPS,MT,,0.1909,0.1882,0.2619,0.2787,0.2787,0.5193,0.5048,0.4825,0.463,0.4582,0.4407,0.4363,0.4579,0.4519,0.4613,0.4318,0.4104,0.4302,0.4672,0.4328,0.4,0.3936,0.3708,0.3595,0.3548,0.3427,0.3397,0.3441,0.3345,0.3429,0.3164,0.3104,0.305,0.3116,0.3039,0.2989,0.3149
S,E7000,KWH_GE15000,KWH,X_VAT,PPS,NL,0.141,,,,0.1935,0.1543,0.1793,0.1428,0.186,0.1487,0.1951,0.1585,0.1977,0.1602,0.2022,0.1552,0.2005,0.1506,0.1853,0.1539,0.1317,0.1036,0.1423,0.117,0.1551,0.1339,0.1545,0.1329,0.1512,0.1451,0.1634,0.2749,0.4054,0.2283,0.2365,0.1983,0.1997,0.184
S,E7000,KWH_GE15000,KWH,X_VAT,PPS,NO,,0.0554,0.0596,0.0698,0.0607,0.0569,0.0745,0.0678,0.077,0.062,0.0615,0.0537,0.0597,0.0595,0.0539,0.0559,0.0547,0.0502,0.0554,0.0591,0.0564,0.0573,0.0631,0.0717,0.0677,0.0631,0.045,0.0427,0.0655,0.098,0.0772,0.0898,0.0865,0.0775,0.0792,0.0693,0.0725,0.0719
S,E7000,KWH_GE15000,KWH,X_VAT,PPS,PL,,0.1726,0.1336,0.1424,0.1557,0.1621,0.1709,0.1783,0.1844,0.1857,0.1912,0.1945,0.1946,0.1917,0.1888,0.1927,0.1899,0.1923,0.1903,0.1914,0.1795,0.1804,0.169,0.1695,0.1651,0.1677,0.185,0.1894,0.1892,0.1867,0.193,0.2195,0.2898,0.3444,0.3095,0.2862,0.2711,0.2732
S,E7000,KWH_GE15000,KWH,X_VAT,PPS,PT,,0.1674,0.1422,0.1452,0.1453,0.1509,0.1572,0.1583,0.1658,0.1668,0.1815,0.19,0.1997,0.1995,0.209,0.2099,0.2189,0.216,0.2249,0.2247,0.2097,0.2035,0.1976,0.198,0.1894,0.1897,0.1832,0.1851,0.1826,0.19,0.192,0.1948,0.1957,0.2164,0.2286,0.2451,0.2262,0.2258
S,E7000,KWH_GE15000,KWH,X_VAT,PPS,RO,,0.1742,0.1577,0.1706,0.153,0.1538,0.1615,0.1614,0.157,0.1647,0.1625,0.1812,0.2046,0.1979,0.1941,0.19,0.1963,0.2065,0.202,0.201,0.1853,0.2005,0.203,0.1973,0.2145,0.2244,0.2272,0.2252,0.2358,0.2422,0.3291,0.4276,0.2971,0.2595,0.2815,0.2755,0.2913,0.3648
S,E7000,KWH_GE15000,KWH,X_VAT,PPS,RS,,,,,,,,,,,,,0.1161,0.1381,0.1217,0.1232,0.1276,0.1431,0.1428,0.1516,0.1378,0.1396,0.1412,0.1429,0.1368,0.1425,0.1386,0.1435,0.1474,0.1504,0.15,0.1641,0.1731,0.1922,0.1943,0.1988,0.2001,0.2165
S,E7000,KWH_GE15000,KWH,X_VAT,PPS,SE,0.0837,0.0889,0.0901,0.0971,0.0945,0.0911,0.0967,0.0976,0.0989,0.098,0.0938,0.0935,0.0921,0.0937,0.0868,0.0863,0.0857,0.0838,0.0819,0.0905,0.0805,0.0862,0.0844,0.0966,0.0934,0.0956,0.0873,0.091,0.0928,0.1037,0.0905,0.1126,0.1295,0.114,0.1211,0.1136,0.121,0.1244
S,E7000,KWH_GE15000,KWH,X_VAT,PPS,SI,,0.1029,0.1033,0.1103,0.1215,0.1144,0.1198,0.1223,0.1256,0.1246,0.1311,0.1321,0.1324,0.1348,0.1331,0.1342,0.1304,0.1319,0.1318,0.133,0.1231,0.1236,0.1212,0.1252,0.12,0.1245,0.1106,0.1281,0.1223,0.1285,0.1117,0.1668,0.1708,0.1737,0.1761,0.1588,0.1455,0.1747
S,E7000,KWH_GE15000,KWH,X_VAT,PPS,SK,,0.1049,0.1193,0.1249,0.1504,0.1628,0.1448,0.1557,0.1601,0.1615,0.1631,0.1646,0.1622,0.1646,0.1511,0.1535,0.1462,0.146,0.1427,0.149,0.1156,0.1183,0.1225,0.1221,0.1266,0.1301,0.1376,0.1415,0.1347,0.1328,0.149,0.1587,0.1532,0.1713,0.153,0.1548,0.1632,0.1646
S,E7000,KWH_GE15000,KWH,X_VAT,PPS,TR,,0.1253,0.1402,0.175,0.1722,0.179,0.1865,0.1864,0.1729,0.1812,0.1887,0.2065,0.2049,0.2015,0.1885,0.1999,0.1957,0.2099,0.2101,0.2085,0.1725,0.1715,0.1554,0.1891,0.1602,0.197,0.182,0.1882,0.2023,0.182,0.3954,0.2958,0.2949,0.2648,0.1762,0.2273,0.1975,0.2407
S,E7000,KWH_GE15000,KWH,X_VAT,PPS,UK,,0.0935,0.1224,0.1236,0.1273,0.1155,0.1028,0.1074,0.1028,0.1177,0.1166,0.1249,0.1242,0.1345,0.1325,0.1349,0.1315,0.1385,0.1308,0.1428,0.123,0.135,0.1325,0.1452,0.1453,0.1553,0.1535,,,,,,,,,,,
S,E7000,KWH_LT1000,KWH,I_TAX,EUR,AL,,,,,,,,,0.1152,0.1157,0.1163,0.1167,0.1156,0.1154,0.1156,0.116,0.0812,0.0819,0.0824,0.0835,0.0844,0.0856,,0.091,0.092,0.0933,0.0922,0.092,0.0925,0.0937,0.0941,0.0976,0.101,0.1089,0.1114,0.115,0.1034,0.1175
S,E7000,KWH_LT1000,KWH,I_TAX,EUR,AT,,0.2653,0.265,0.2649,0.2727,0.2726,0.2538,0.257,0.2946,0.2918,0.2978,0.2988,0.3181,0.3112,0.3175,0.3156,0.355,0.3527,0.3695,0.3685,0.3699,0.373,0.3652,0.3573,0.3796,0.3847,0.4074,0.4037,0.4387,0.4545,0.3748,0.364,0.4113,0.423,0.3998,0.3575,0.4268,0.5066
S,E7000,KWH_LT1000,KWH,I_TAX,EUR,BA,,,,,,,,,,,0.2164,0.195,0.227,0.2121,0.2269,0.2076,0.2447,0.1974,0.213,0.2038,0.2224,0.202,0.2206,0.1884,0.209,0.1872,0.213,0.2077,0.2146,0.1876,0.2121,0.1975,0.2383,0.1982,0.289,0.2386,0.2717,0.2484
S,E7000,KWH_LT1000,KWH,I_TAX,EUR,BE,,0.2443,0.2785,0.3593,0.2628,0.278,0.293,0.2852,0.3034,0.2965,0.2921,0.3102,0.2907,0.2929,0.2661,0.2595,0.2641,0.3082,0.4088,0.4934,0.4988,0.516,0.43,0.4358,0.4742,0.5012,0.4393,0.4792,0.4346,0.4078,0.4814,0.5556,0.5197,0.5212,0.4452,0.4758,0.5009,0.5151
S,E7000,KWH_LT1000,KWH,I_TAX,EUR,BG,,0.0741,0.0741,0.0823,0.0844,0.0823,0.0823,0.0842,0.084,0.0852,0.0857,0.0957,0.0957,0.088,0.0851,0.0914,0.0969,0.0976,0.0978,0.0967,0.0977,0.0998,0.1,0.1016,0.1014,0.1017,0.1034,0.1044,0.1061,0.1119,0.1127,0.1161,0.1159,0.12,0.1205,0.1233,0.1328,0.1364
S,E7000,KWH_LT1000,KWH,I_TAX,EUR,CY,,0.1674,0.1921,0.1992,0.1393,0.1601,0.212,0.2224,0.2353,0.2657,0.318,0.3179,0.3073,0.2721,0.2638,0.2626,0.2274,0.2133,0.186,0.1962,0.2262,0.2409,0.2976,0.3159,0.3333,0.3214,0.3547,0.3218,0.3616,0.4209,0.3642,0.5587,0.6151,0.6676,0.6234,0.7839,0.6592,0.8226
S,E7000,KWH_LT1000,KWH,I_TAX,EUR,CZ,0.2106,0.2166,0.2492,0.2541,0.2517,0.2651,0.2612,0.2703,0.2883,0.2827,0.2915,0.2921,0.2922,0.286,0.2587,0.257,0.2578,0.262,0.267,0.2671,0.2693,0.2787,0.2878,0.2951,0.3204,0.3216,0.3242,0.3255,0.3226,0.3302,0.427,-0.0646,0.5493,0.5439,0.5739,0.5781,0.6002,0.6135
S,E7000,KWH_LT1000,KWH,I_TAX,EUR,DE,0.3232,0.3347,0.3415,0.348,0.3599,0.3567,0.3664,0.3725,0.3835,0.3831,0.3917,0.4028,0.4257,0.4267,0.4329,0.4336,0.4366,0.4358,0.4555,0.4517,0.4742,0.4732,0.4731,0.4758,0.4985,0.457,0.4752,0.442,0.4606,0.4756,0.4795,0.5164,0.5741,0.5779,0.5803,0.5887,0.5856,0.5949
S,E7000,KWH_LT1000,KWH,I_TAX,EUR,DK,,0.2676,0.292,0.307,0.2991,0.2847,0.2973,0.301,0.3215,0.3283,0.3308,0.3278,0.3304,0.3217,0.3325,0.3314,0.3865,0.3837,0.3843,0.386,0.3767,0.3718,0.3838,0.3935,0.3662,0.3671,0.3588,0.3585,0.3594,0.4174,0.5275,0.6543,0.4634,0.4295,0.4499,0.4557,0.4305,0.4109
S,E7000,KWH_LT1000,KWH,I_TAX,EUR,EA,0.323,0.2687,0.2763,0.2835,0.2811,0.2851,0.2953,0.2969,0.3032,0.3078,0.3041,0.3171,0.332,0.3359,0.3479,0.3497,0.3601,0.3591,0.3663,0.3691,0.3808,0.369,0.3892,0.4096,0.4393,0.4167,0.4374,0.4244,0.4243,0.4199,0.4092,0.4255,0.4632,0.4731,0.4966,0.4907,0.5023,0.5113
S,E7000,KWH_LT1000,KWH,I_TAX,EUR,EE,,0.0812,0.0838,0.0872,0.0945,0.0947,0.0995,0.103,0.1008,0.1069,0.1143,0.1152,0.1424,0.1408,0.1347,0.1374,0.1347,0.1322,0.1247,0.128,0.1237,0.137,0.1537,0.1592,0.1644,0.1633,0.156,0.1607,0.1702,0.2112,0.2444,0.2946,0.2909,0.3043,0.3101,0.3043,0.329,0.3274
S,E7000,KWH_LT1000,KWH,I_TAX,EUR,EL,,0.1187,0.1222,0.1055,0.1049,0.1099,0.1175,0.1181,0.158,0.1424,0.1818,0.1583,0.2071,0.196,0.2302,0.2123,0.2629,0.2252,0.2642,0.2044,0.23,0.207,0.2303,0.2099,0.2216,0.1983,0.2082,0.2109,0.2397,0.2381,0.2634,0.3252,0.3584,0.3783,0.4766,0.4292,0.5683,0.4707
S,E7000,KWH_LT1000,KWH,I_TAX,EUR,ES,,0.2966,0.3009,0.3197,0.3097,0.3184,0.387,0.3629,0.3584,0.3775,0.3418,0.3726,0.3714,0.4024,0.476,0.4664,0.5072,0.5294,0.5215,0.5043,0.5735,0.5696,0.5952,0.5704,0.657,0.5607,0.6698,0.6214,0.5888,0.5176,0.593,0.562,0.5002,0.4323,0.515,0.4778,0.5189,0.5494
S,E7000,KWH_LT1000,KWH,I_TAX,EUR,EU27_2020,0.2992,0.2545,0.2642,0.2711,0.2646,0.2701,0.2841,0.2847,0.2922,0.294,0.2926,0.3043,0.3172,0.318,0.3267,0.3277,0.3363,0.3354,0.3419,0.3442,0.3581,0.3485,0.3675,0.3834,0.4075,0.3883,0.3984,0.3892,0.3924,0.4003,0.3894,0.3974,0.4347,0.4365,0.4698,0.4651,0.4713,0.4835
S,E7000,KWH_LT1000,KWH,I_TAX,EUR,FI,,0.2038,0.2149,0.2267,0.2429,0.2465,0.2505,0.2585,0.279,0.286,0.2851,0.292,0.2949,0.298,0.2967,0.2989,0.3039,0.3016,0.3091,0.3156,0.3352,0.3412,0.3446,0.3642,0.3712,0.377,0.3657,0.374,0.3684,0.3733,0.3852,0.4494,0.4409,0.4127,0.3247,0.3132,0.3664,0.3758
S,E7000,KWH_LT1000,KWH,I_TAX,EUR,FR,,0.2312,0.232,0.229,0.2169,0.2361,0.2276,0.2397,0.2422,0.2465,0.2411,0.2604,0.2828,0.2809,0.2678,0.2821,0.287,0.285,0.2821,0.2945,0.3203,0.3008,0.3468,0.4245,0.3473,0.3792,0.4061,0.4395,0.3939,0.4236,0.4338,0.426,0.4355,0.5117,0.501,0.5275,0.456,0.4899
S,E7000,KWH_LT1000,KWH,I_TAX,EUR,GE,,,,,,,,,,,,,,,,,,,,,,,0.0593,0.057,0.0574,0.0465,0.0507,0.0421,0.0507,0.0523,,0.0746,0.0766,0.0696,0.0526,0.0525,0.0569,0.0554
S,E7000,KWH_LT1000,KWH,I_TAX,EUR,HR,0.1481,0.1831,0.1967,0.2076,0.2059,0.1877,0.1896,0.1836,0.1822,0.1928,0.2229,0.231,0.2386,0.2175,0.2286,0.2092,0.2156,0.2046,0.2266,0.2089,0.2035,0.1966,0.2176,0.2098,0.2182,0.2035,0.2082,0.2147,0.2024,0.1986,0.2349,0.2312,0.2462,0.2343,0.2349,0.2168,0.2506,0.2569
S,E7000,KWH_LT1000,KWH,I_TAX,EUR,HU,,0.1503,0.1616,0.1589,0.1411,0.1816,0.1973,0.178,0.1887,0.1805,0.1693,0.1778,0.1572,0.15,0.1369,0.1327,0.128,0.1289,0.1262,0.1283,0.1274,0.1297,0.1182,0.1158,0.1162,0.1145,0.1056,0.1046,0.0978,0.1033,0.0957,0.0808,0.0864,0.0825,0.0993,0.0912,0.0907,0.0954
S,E7000,KWH_LT1000,KWH,I_TAX,EUR,IE,,0.4575,0.4448,0.4878,0.433,0.4162,0.4034,0.4386,0.4262,0.5294,0.5466,0.5901,0.6076,0.6414,0.6475,0.665,0.697,0.481,0.4091,0.4433,0.4151,0.4176,0.3842,0.3885,0.3634,0.4117,0.336,0.4031,0.4768,0.4213,0.2248,0.3034,0.133,0.3857,0.1734,0.3722,0.3025,0.3889
S,E7000,KWH_LT1000,KWH,I_TAX,EUR,IS,,,,,,,,,,,0.2015,0.2101,0.3111,0.3154,0.3242,0.3243,0.3302,0.3458,0.3495,0.3887,0.4048,0.3831,0.3791,0.3579,0.3433,0.3414,0.3181,0.2974,0.3225,0.33,0.3562,0.3636,0.3561,0.3817,0.3967,0.4265,0.4584,
S,E7000,KWH_LT1000,KWH,I_TAX,EUR,IT,,,0.2758,0.2749,0.2935,0.2765,0.2833,0.2753,0.2654,0.2544,0.2571,0.2661,0.2789,0.2762,0.2935,0.2913,0.2957,0.2925,0.3135,0.3126,0.3496,0.3093,0.3063,0.3272,0.5561,0.4676,0.5455,0.4637,0.5636,0.4413,0.5531,0.5776,0.6257,0.5407,0.6048,0.5482,0.648,0.5619
S,E7000,KWH_LT1000,KWH,I_TAX,EUR,LI,,,,,,,,,,,,,,,0.1541,0.1558,0.1852,0.1814,0.1729,0.1748,0.18,0.1691,0.318,0.3285,0.3308,0.3398,0.3978,0.3797,0.3583,0.3615,0.3703,0.3847,0.5858,0.5188,0.479,0.4672,0.5349,0.5416
S,E7000,KWH_LT1000,KWH,I_TAX,EUR,LT,,0.0959,0.0922,0.0923,0.1011,0.0984,0.1212,0.1262,0.1278,0.136,0.1315,0.1312,0.1421,0.1434,0.1367,0.1355,0.1287,0.1275,0.1261,0.1197,0.1137,0.113,0.1121,0.1122,0.1303,0.13,0.1496,0.136,0.1455,0.1733,0.1713,0.2874,0.3129,0.2568,0.2569,0.2451,0.2393,0.2432
S,E7000,KWH_LT1000,KWH,I_TAX,EUR,LU,0.2953,0.2418,0.2418,0.2462,0.2684,0.2684,0.2454,0.2482,0.2492,0.2463,0.2492,0.2429,0.239,0.2248,0.2357,0.2357,0.2397,0.2397,0.2328,0.2328,0.2681,0.2704,0.2913,0.3026,0.3456,0.3452,0.355,0.3595,0.3378,0.3369,0.3419,0.3439,0.3925,0.3761,0.3896,0.377,0.455,0.455
S,E7000,KWH_LT1000,KWH,I_TAX,EUR,LV,,0.0729,0.0853,0.1005,0.1053,0.1055,0.105,0.1049,0.1168,0.1174,0.1171,0.1181,0.1168,0.1164,0.1164,0.1111,0.1501,0.1647,0.1614,0.1875,0.19,0.19,0.227,0.191,0.2055,0.2293,0.2274,0.2245,0.2198,0.2546,0.2032,0.3439,0.3758,0.4363,0.3753,0.358,0.4361,0.4398
S,E7000,KWH_LT1000,KWH,I_TAX,EUR,MD,,,,,,,,,,,,,,,,,0.0794,0.0861,0.094,0.0888,0.0942,0.0972,0.0993,0.0948,0.0912,0.0972,0.0995,0.0896,0.0762,0.0768,0.096,0.1713,0.1726,0.1361,0.1265,0.1247,0.2023,0.1904
S,E7000,KWH_LT1000,KWH,I_TAX,EUR,ME,,,,,,,,,0.1044,0.1008,0.1247,0.1768,0.2129,0.2008,0.226,0.2013,0.2229,0.2027,0.2065,0.1873,0.1781,0.1644,0.1819,0.169,0.1817,0.1665,0.175,0.1674,0.1684,0.1515,0.1609,0.1468,0.1594,0.1474,0.1583,0.1499,0.1594,0.1503
S,E7000,KWH_LT1000,KWH,I_TAX,EUR,MK,,,,,,,,,,,,0.0791,0.0836,0.0813,0.0812,0.0835,0.084,0.0844,0.0829,0.0836,0.0829,0.0829,0.0802,0.0803,0.08,0.0802,0.0798,0.0843,0.0855,0.0853,0.095,0.1037,0.1056,0.1167,0.206,0.2137,0.2503,0.2153
S,E7000,KWH_LT1000,KWH,I_TAX,EUR,MT,,,0.0466,0.1271,0.2483,0.2273,0.4235,0.4166,0.4278,0.4332,0.4385,0.4386,0.4265,0.4276,0.3882,0.3679,0.3738,0.3704,0.3522,0.364,0.4047,0.3712,0.3677,0.3708,0.3628,0.3657,0.3705,0.3662,0.3688,0.3815,0.375,0.3986,0.3468,0.3617,0.3495,0.3553,0.3292,0.3136
S,E7000,KWH_LT1000,KWH,I_TAX,EUR,NL,,,,,,,,,,,,,,,,,,,,,-0.087,-0.092,-0.016,-0.046,0.098,0.113,-0.2066,-0.2478,-0.246,-0.2436,-0.9258,-0.8307,-0.2341,-0.2339,-0.0461,-0.117,0.0772,0.1253
S,E7000,KWH_LT1000,KWH,I_TAX,EUR,NO,,0.3642,0.3929,0.3845,0.3705,0.3797,0.4573,0.4463,0.4738,0.4528,0.4567,0.4534,0.4636,0.4336,0.4124,0.4089,0.4041,0.3696,0.3729,0.3915,0.3965,0.3843,0.4144,0.4306,0.4328,0.4169,0.3618,0.3599,0.4306,0.4697,0.4435,0.5277,0.4442,0.4803,0.5098,0.534,0.5456,0.522
S,E7000,KWH_LT1000,KWH,I_TAX,EUR,PL,,0.1494,0.1757,0.1737,0.1447,0.1593,0.1729,0.1786,0.1889,0.1783,0.1797,0.188,0.1879,0.1822,0.1845,0.1794,0.1836,0.179,0.1602,0.1675,0.1881,0.1906,0.1724,0.1801,0.178,0.1837,0.1965,0.2106,0.2228,0.2293,0.2131,0.2323,0.2676,0.2651,0.2238,0.3093,0.3188,0.3718
S,E7000,KWH_LT1000,KWH,I_TAX,EUR,PT,,0.1888,0.3361,0.3416,0.3309,0.3257,0.3379,0.3363,0.333,0.3763,0.3914,0.3341,0.3251,0.3509,0.3989,0.394,0.3874,0.3971,0.3819,0.3959,0.3883,0.3879,0.4077,0.4062,0.3759,0.3814,0.3862,0.3905,0.3977,0.4224,0.4227,0.4199,0.3903,0.3593,0.3931,0.4686,0.5013,0.4849
S,E7000,KWH_LT1000,KWH,I_TAX,EUR,RO,,0.1092,0.1073,0.1096,0.0982,0.0964,0.1039,0.1044,0.1084,0.1103,0.1085,0.11,0.1357,0.1317,0.1334,0.13,0.1366,0.1362,0.1302,0.1265,0.1213,0.1293,0.1332,0.1308,0.134,0.1425,0.1471,0.1463,0.1564,0.1629,0.2252,0.3591,0.1606,0.1607,0.1631,0.1594,0.1639,0.2964
S,E7000,KWH_LT1000,KWH,I_TAX,EUR,RS,,,,,,,,,,,,,0.2081,0.1942,0.1646,0.2044,0.146,0.2149,0.242,0.2166,0.2439,0.2312,0.2568,0.2332,0.2586,0.2315,0.2696,0.2467,0.2792,0.2764,0.3127,0.2841,0.3377,0.311,0.3276,0.3013,0.1892,0.3214
S,E7000,KWH_LT1000,KWH,I_TAX,EUR,SE,0.2715,0.2906,0.287,0.2974,0.255,0.2744,0.3443,0.3324,0.3635,0.3391,0.3524,0.3611,0.3728,0.3502,0.3554,0.3559,0.3924,0.3443,0.4105,0.3641,0.431,0.4217,0.4709,0.4591,0.472,0.4465,0.3488,0.3564,0.4051,0.4701,0.4513,0.4747,0.4546,0.381,0.4471,0.4484,0.5118,0.5049
S,E7000,KWH_LT1000,KWH,I_TAX,EUR,SI,,0.2288,0.1858,0.1932,0.2656,0.2828,0.261,0.2603,0.23,0.2252,0.2212,0.2268,0.2394,0.2551,0.2527,0.2129,0.2192,0.2223,0.1865,0.1863,0.2638,0.2535,0.3395,0.3071,0.3358,0.3021,0.2382,0.3037,0.347,0.3068,0.2424,0.3102,0.3404,0.3135,0.3701,0.3151,0.329,0.3349
S,E7000,KWH_LT1000,KWH,I_TAX,EUR,SK,,0.223,0.2355,0.2555,0.2349,0.2335,0.2246,0.2376,0.232,0.2462,0.2563,0.263,0.2734,0.2617,0.2389,0.2447,0.2447,0.2516,0.2154,0.2549,0.24,0.2351,0.246,0.237,0.2556,0.2486,0.2582,0.268,0.2574,0.257,0.2718,0.2886,0.3126,0.3019,0.2645,0.2726,0.2754,0.2906
S,E7000,KWH_LT1000,KWH,I_TAX,EUR,TR,,0.0901,0.0998,0.1222,0.1144,0.1179,0.1341,0.1374,0.1217,0.1142,0.1329,0.1483,0.15,0.1318,0.1194,0.1318,0.1361,0.1226,0.1266,0.1206,0.1047,0.0958,0.0916,0.0859,0.0847,0.1045,0.0994,0.0826,0.0842,0.0795,0.0788,0.0874,0.0764,0.0516,0.0452,0.0556,0.0573,0.0553
S,E7000,KWH_LT1000,KWH,I_TAX,EUR,UA,,,,,,,,,,,,,,,,,,,0.0249,0.032,0.0393,0.0383,0.0308,0.0338,0.0339,0.0387,0.0344,0.0291,0.0492,,,,,,,,,
S,E7000,KWH_LT1000,KWH,I_TAX,EUR,UK,,0.1689,0.16,0.1677,0.1578,0.1741,0.147,0.1573,0.1523,0.174,0.1821,0.2019,0.2031,0.2231,0.2404,0.2503,0.2566,0.2671,0.248,0.2755,0.2581,0.2702,0.272,0.2944,0.3042,0.3397,0.3039,,,,,,,,,,,
S,E7000,KWH_LT1000,KWH,I_TAX,EUR,XK,,,,,,,,,,,,,0.0804,0.0762,0.0803,0.1193,0.0914,0.1237,0.0872,0.1201,0.0941,0.0817,0.0927,0.0814,0.0789,0.0771,0.0811,0.0811,0.0816,0.078,0.0804,0.0782,0.0866,0.0904,0.124,0.1118,0.1311,0.1297
S,E7000,KWH_LT1000,KWH,I_TAX,NAC,AL,,,,,,,,,16.2,16.2,16.2,16.2,16.2,16.2,16.2,16.2,11.4,11.4,11.4,11.4,11.4,11.4,,11.4,11.4,11.4,11.4,11.4,11.4,11.4,11.4,11.4,11.4,11.4,11.4,11.4,10.2,11.4
S,E7000,KWH_LT1000,KWH,I_TAX,NAC,AT,,0.2653,0.265,0.2649,0.2727,0.2726,0.2538,0.257,0.2946,0.2918,0.2978,0.2988,0.3181,0.3112,0.3175,0.3156,0.355,0.3527,0.3695,0.3685,0.3699,0.373,0.3652,0.3573,0.3796,0.3847,0.4074,0.4037,0.4387,0.4545,0.3748,0.364,0.4113,0.423,0.3998,0.3575,0.4268,0.5066
S,E7000,KWH_LT1000,KWH,I_TAX,NAC,BA,,,,,,,,,,,0.4241,0.3822,0.4449,0.4158,0.4447,0.4068,0.4786,0.3861,0.4166,0.3986,0.435,0.3951,0.4315,0.3684,0.4088,0.3662,0.4165,0.4063,0.4198,0.367,0.4148,0.3863,0.4661,0.3876,0.5653,0.4666,0.5314,0.4858
S,E7000,KWH_LT1000,KWH,I_TAX,NAC,BE,,0.2443,0.2785,0.3593,0.2628,0.278,0.293,0.2852,0.3034,0.2965,0.2921,0.3102,0.2907,0.2929,0.2661,0.2595,0.2641,0.3082,0.4088,0.4934,0.4988,0.516,0.43,0.4358,0.4742,0.5012,0.4393,0.4792,0.4346,0.4078,0.4814,0.5556,0.5197,0.5212,0.4452,0.4758,0.5009,0.5151
S,E7000,KWH_LT1000,KWH,I_TAX,NAC,BG,,0.145,0.145,0.161,0.165,0.161,0.161,0.1646,0.1642,0.1666,0.1676,0.1872,0.1872,0.1722,0.1665,0.1788,0.1895,0.1909,0.1913,0.1891,0.191,0.1952,0.1955,0.1987,0.1984,0.199,0.2022,0.2042,0.2076,0.2189,0.2205,0.227,0.2267,0.2347,0.2357,0.2412,0.2597,0.2667
S,E7000,KWH_LT1000,KWH,I_TAX,NAC,CY,,0.0978,0.1921,0.1992,0.1393,0.1601,0.212,0.2224,0.2353,0.2657,0.318,0.3179,0.3073,0.2721,0.2638,0.2626,0.2274,0.2133,0.186,0.1962,0.2262,0.2409,0.2976,0.3159,0.3333,0.3214,0.3547,0.3218,0.3616,0.4209,0.3642,0.5587,0.6151,0.6676,0.6234,0.7839,0.6592,0.8226
S,E7000,KWH_LT1000,KWH,I_TAX,NAC,CZ,5.93,5.93,6.28,6.28,6.83,6.83,6.72,6.72,7.02,7.02,7.34,7.34,7.51,7.51,7.1,7.1,7.09,7.09,7.22,7.22,7.21,7.21,7.34,7.61,8.23,8.25,8.54,8.65,8.34,8.4,10.5255,-1.5826,13.0105,13.2296,14.3549,14.5804,15.0053,14.961
S,E7000,KWH_LT1000,KWH,I_TAX,NAC,DE,0.3232,0.3347,0.3415,0.348,0.3599,0.3567,0.3664,0.3725,0.3835,0.3831,0.3917,0.4028,0.4257,0.4267,0.4329,0.4336,0.4366,0.4358,0.4555,0.4517,0.4742,0.4732,0.4731,0.4758,0.4985,0.457,0.4752,0.442,0.4606,0.4756,0.4795,0.5164,0.5741,0.5779,0.5803,0.5887,0.5856,0.5949
S,E7000,KWH_LT1000,KWH,I_TAX,NAC,DK,,1.9933,2.177,2.2885,2.2278,2.1193,2.2129,2.2433,2.3972,2.4443,2.4597,2.4426,2.4641,2.3991,2.481,2.4681,2.8818,2.8629,2.8632,2.8724,2.8018,2.7665,2.8583,2.935,2.7338,2.7411,2.6787,2.6686,2.6729,3.1041,3.9248,4.8676,3.4508,3.2024,3.3557,3.3991,3.2119,3.0677
S,E7000,KWH_LT1000,KWH,I_TAX,NAC,EA,,0.269,0.279,0.2861,0.2833,0.2874,0.2974,0.299,0.3053,0.3099,0.3055,0.3186,0.3334,0.3373,0.3494,0.3512,0.3606,0.3596,0.3689,0.3719,,,,,,,,,,,,,,,,,,
S,E7000,KWH_LT1000,KWH,I_TAX,NAC,EE,,1.27,1.311,1.364,1.479,1.482,1.557,1.612,0.1008,0.1069,0.1143,0.1152,0.1424,0.1408,0.1347,0.1374,0.1347,0.1322,0.1247,0.128,0.1237,0.137,0.1537,0.1592,0.1644,0.1633,0.156,0.1607,0.1702,0.2112,0.2444,0.2946,0.2909,0.3043,0.3101,0.3043,0.329,0.3274
S,E7000,KWH_LT1000,KWH,I_TAX,NAC,EL,,0.1187,0.1222,0.1055,0.1049,0.1099,0.1175,0.1181,0.158,0.1424,0.1818,0.1583,0.2071,0.196,0.2302,0.2123,0.2629,0.2252,0.2642,0.2044,0.23,0.207,0.2303,0.2099,0.2216,0.1983,0.2082,0.2109,0.2397,0.2381,0.2634,0.3252,0.3584,0.3783,0.4766,0.4292,0.5683,0.4707
S,E7000,KWH_LT1000,KWH,I_TAX,NAC,ES,,0.2966,0.3009,0.3197,0.3097,0.3184,0.387,0.3629,0.3584,0.3775,0.3418,0.3726,0.3714,0.4024,0.476,0.4664,0.5072,0.5294,0.5215,0.5043,0.5735,0.5696,0.5952,0.5704,0.657,0.5607,0.6698,0.6214,0.5888,0.5176,0.593,0.562,0.5002,0.4323,0.515,0.4778,0.5189,0.5494
S,E7000,KWH_LT1000,KWH,I_TAX,NAC,FI,,0.2038,0.2149,0.2267,0.2429,0.2465,0.2505,0.2585,0.279,0.286,0.2851,0.292,0.2949,0.298,0.2967,0.2989,0.3039,0.3016,0.3091,0.3156,0.3352,0.3412,0.3446,0.3642,0.3712,0.377,0.3657,0.374,0.3684,0.3733,0.3852,0.4494,0.4409,0.4127,0.3247,0.3132,0.3664,0.3758
S,E7000,KWH_LT1000,KWH,I_TAX,NAC,FR,,0.2312,0.232,0.229,0.2169,0.2361,0.2276,0.2397,0.2422,0.2465,0.2411,0.2604,0.2828,0.2809,0.2678,0.2821,0.287,0.285,0.2821,0.2945,0.3203,0.3008,0.3468,0.4245,0.3473,0.3792,0.4061,0.4395,0.3939,0.4236,0.4338,0.426,0.4355,0.5117,0.501,0.5275,0.456,0.4899
S,E7000,KWH_LT1000,KWH,I_TAX,NAC,GE,,,,,,,,,,,,,,,,,,,,,,,0.1771,0.1707,0.1753,0.1512,0.1694,0.1582,0.2031,0.1896,,0.2102,0.2151,0.2002,0.1538,0.1556,0.1728,0.1749
S,E7000,KWH_LT1000,KWH,I_TAX,NAC,HR,1.09,1.34,1.43,1.49,1.52,1.37,1.378,1.342,1.348,1.442,1.6811,1.7331,1.8061,1.6505,1.7428,1.5995,1.6443,1.5554,1.7131,1.5683,1.5159,1.4706,1.6143,1.5566,1.6193,1.5091,1.569,1.6197,1.5282,1.4911,1.7712,1.7422,0.2462,0.2343,0.2349,0.2168,0.2506,0.2569
S,E7000,KWH_LT1000,KWH,I_TAX,NAC,HU,,37.92,40.99,39.68,40.92,49.24,53.61,49.69,50.8428,52.2217,50.0089,50.3378,46.5302,44.6541,42.0319,41.2029,39.3595,40.2801,39.4713,39.7981,39.4064,40.0688,37.1413,37.4821,37.2441,37.7942,36.4629,37.3543,34.9835,37.1078,35.8945,32.894,32.8796,31.5798,38.6887,36.5607,36.6741,37.3244
S,E7000,KWH_LT1000,KWH,I_TAX,NAC,IE,,0.4575,0.4448,0.4878,0.433,0.4162,0.4034,0.4386,0.4262,0.5294,0.5466,0.5901,0.6076,0.6414,0.6475,0.665,0.697,0.481,0.4091,0.4433,0.4151,0.4176,0.3842,0.3885,0.3634,0.4117,0.336,0.4031,0.4768,0.4213,0.2248,0.3034,0.133,0.3857,0.1734,0.3722,0.3025,0.3889
S,E7000,KWH_LT1000,KWH,I_TAX,NAC,IS,,,,,,,,,,,32.8697,33.2949,50.66,51.06,50.48,50.03,49.2,49.6961,49.1319,49.3468,47.3811,47.4277,46.8315,47.0661,47.0329,46.9519,47.2258,47.7518,48.9116,49.0757,50.3497,52.0437,53.7959,56.1941,59.3055,63.6,66.53,
S,E7000,KWH_LT1000,KWH,I_TAX,NAC,IT,,,0.2758,0.2749,0.2935,0.2765,0.2833,0.2753,0.2654,0.2544,0.2571,0.2661,0.2789,0.2762,0.2935,0.2913,0.2957,0.2925,0.3135,0.3126,0.3496,0.3093,0.3063,0.3272,0.5561,0.4676,0.5455,0.4637,0.5636,0.4413,0.5531,0.5776,0.6257,0.5407,0.6048,0.5482,0.648,0.5619
S,E7000,KWH_LT1000,KWH,I_TAX,NAC,LI,,,,,,,,,,,,,,,0.1882,0.1882,0.1957,0.1957,0.1895,0.1895,0.1938,0.1939,0.372,0.3747,0.3736,0.3725,0.4233,0.4118,0.3922,0.3862,0.3821,0.3763,0.5772,0.4971,0.4606,0.441,0.5035,0.5052
S,E7000,KWH_LT1000,KWH,I_TAX,NAC,LT,,0.3311,0.3184,0.3187,0.3491,0.3396,0.4186,0.4358,0.4414,0.4696,0.454,0.4529,0.4907,0.4953,0.472,0.4677,0.1287,0.1275,0.1261,0.1197,0.1137,0.113,0.1121,0.1122,0.1303,0.13,0.1496,0.136,0.1455,0.1733,0.1713,0.2874,0.3129,0.2568,0.2569,0.2451,0.2393,0.2432
S,E7000,KWH_LT1000,KWH,I_TAX,NAC,LU,0.2953,0.2418,0.2418,0.2462,0.2684,0.2684,0.2454,0.2482,0.2492,0.2463,0.2492,0.2429,0.239,0.2248,0.2357,0.2357,0.2397,0.2397,0.2328,0.2328,0.2681,0.2704,0.2913,0.3026,0.3456,0.3452,0.355,0.3595,0.3378,0.3369,0.3419,0.3439,0.3925,0.3761,0.3896,0.377,0.455,0.455
S,E7000,KWH_LT1000,KWH,I_TAX,NAC,LV,,0.051,0.0596,0.071,0.0744,0.0744,0.0744,0.0744,0.0826,0.0828,0.0818,0.0822,0.0818,0.0818,0.1164,0.1111,0.1501,0.1647,0.1614,0.1875,0.19,0.19,0.227,0.191,0.2055,0.2293,0.2274,0.2245,0.2198,0.2546,0.2032,0.3439,0.3758,0.4363,0.3753,0.358,0.4361,0.4398
S,E7000,KWH_LT1000,KWH,I_TAX,NAC,MD,,,,,,,,,,,,,,,,,1.6023,1.859,2.09,1.9435,1.97,2.0159,2.0087,1.8451,1.8072,1.898,1.9369,1.7934,1.6233,1.5789,1.9382,3.3588,3.4331,2.6419,2.43,2.4063,3.944,3.7486
S,E7000,KWH_LT1000,KWH,I_TAX,NAC,ME,,,,,,,,,0.1044,0.1008,0.1247,0.1768,0.2129,0.2008,0.226,0.2013,0.2229,0.2027,0.2065,0.1873,0.1781,0.1644,0.1819,0.169,0.1817,0.1665,0.175,0.1674,0.1684,0.1515,0.1609,0.1468,0.1594,0.1474,0.1583,0.1499,0.1594,0.1503
S,E7000,KWH_LT1000,KWH,I_TAX,NAC,MK,,,,,,,,,,,,4.8688,5.1487,5.0019,5.0043,5.1443,5.1737,5.2029,5.1107,5.1439,5.1101,5.101,4.9341,4.9404,4.918,4.9319,4.921,5.1991,5.2729,5.259,5.8596,6.3869,6.5056,7.1777,12.6761,13.1407,15.4202,13.257
S,E7000,KWH_LT1000,KWH,I_TAX,NAC,MT,,,0.0466,0.1271,0.2483,0.2273,0.4235,0.4166,0.4278,0.4332,0.4385,0.4386,0.4265,0.4276,0.3882,0.3679,0.3738,0.3704,0.3522,0.364,0.4047,0.3712,0.3677,0.3708,0.3628,0.3657,0.3705,0.3662,0.3688,0.3815,0.375,0.3986,0.3468,0.3617,0.3495,0.3553,0.3292,0.3136
S,E7000,KWH_LT1000,KWH,I_TAX,NAC,NL,,,,,,,,,,,,,,,,,,,,,-0.087,-0.092,-0.016,-0.046,0.098,0.113,-0.2066,-0.2478,-0.246,-0.2436,-0.9258,-0.8307,-0.2341,-0.2339,-0.0461,-0.117,0.0772,0.1253
S,E7000,KWH_LT1000,KWH,I_TAX,NAC,NO,,2.876,3.123,3.2667,3.296,3.253,3.661,3.5714,3.707,3.515,3.4583,3.3453,3.4864,3.5054,3.4134,3.4481,3.4949,3.4147,3.5138,3.5871,3.641,3.6417,3.9752,4.1343,4.2113,4.1561,3.8842,3.8564,4.3814,4.7678,4.4275,5.3945,5.0317,5.5385,5.8589,6.2806,6.3619,6.1444
S,E7000,KWH_LT1000,KWH,I_TAX,NAC,PL,,0.5564,0.6135,0.6142,0.6476,0.6667,0.692,0.712,0.7467,0.7643,0.763,0.7755,0.785,0.7681,0.7703,0.7523,0.76,0.7565,0.6997,0.7301,0.8028,0.8091,0.7275,0.7748,0.7638,0.7904,0.8673,0.9419,1.0109,1.0529,0.9879,1.1002,1.2368,1.1822,0.9659,1.3285,1.3491,1.5792
S,E7000,KWH_LT1000,KWH,I_TAX,NAC,PT,,0.1888,0.3361,0.3416,0.3309,0.3257,0.3379,0.3363,0.333,0.3763,0.3914,0.3341,0.3251,0.3509,0.3989,0.394,0.3874,0.3971,0.3819,0.3959,0.3883,0.3879,0.4077,0.4062,0.3759,0.3814,0.3862,0.3905,0.3977,0.4224,0.4227,0.4199,0.3903,0.3593,0.3931,0.4686,0.5013,0.4849
S,E7000,KWH_LT1000,KWH,I_TAX,NAC,RO,,0.3647,0.3937,0.4051,0.4158,0.4095,0.431,0.4459,0.4531,0.474,0.4764,0.4978,0.5958,0.5855,0.5953,0.5753,0.6074,0.6051,0.5852,0.5676,0.5506,0.595,0.62,0.6087,0.6356,0.6765,0.7087,0.7108,0.7668,0.8046,1.1136,1.7658,0.7926,0.7971,0.8113,0.793,0.8202,1.5056
S,E7000,KWH_LT1000,KWH,I_TAX,NAC,RS,,,,,,,,,,,,,23.2934,22.1919,19.0437,24.2939,17.6633,25.9036,29.7487,26.7069,30.086,27.6075,30.3841,27.5732,30.5439,27.2306,31.6996,29.0051,32.8292,32.4967,36.7669,33.3398,39.6139,36.444,38.3833,35.2639,22.1674,37.68
S,E7000,KWH_LT1000,KWH,I_TAX,NAC,SE,2.504,2.696,2.691,2.93,2.77,2.85,3.37,3.09,3.25,3.0915,3.1302,3.08,3.1805,3.0704,3.1826,3.2884,3.665,3.2249,3.8188,3.5082,4.1375,4.0803,4.7798,4.7579,4.9644,4.759,3.7185,3.6765,4.1039,4.7771,4.7297,5.1165,5.1533,4.4273,5.0932,5.144,5.6785,5.5728
S,E7000,KWH_LT1000,KWH,I_TAX,NAC,SI,,0.2288,0.1858,0.1932,0.2656,0.2828,0.261,0.2603,0.23,0.2252,0.2212,0.2268,0.2394,0.2551,0.2527,0.2129,0.2192,0.2223,0.1865,0.1863,0.2638,0.2535,0.3395,0.3071,0.3358,0.3021,0.2382,0.3037,0.347,0.3068,0.2424,0.3102,0.3404,0.3135,0.3701,0.3151,0.329,0.3349
S,E7000,KWH_LT1000,KWH,I_TAX,NAC,SK,,7.47,7.59,7.75,0.2349,0.2335,0.2246,0.2376,0.232,0.2462,0.2563,0.263,0.2734,0.2617,0.2389,0.2447,0.2447,0.2516,0.2154,0.2549,0.24,0.2351,0.246,0.237,0.2556,0.2486,0.2582,0.268,0.2574,0.257,0.2718,0.2886,0.3126,0.3019,0.2645,0.2726,0.2754,0.2906
S,E7000,KWH_LT1000,KWH,I_TAX,NAC,TR,,0.1575,0.1884,0.2353,0.2463,0.2562,0.2711,0.271,0.2687,0.2814,0.3105,0.3398,0.3572,0.3534,0.3542,0.3754,0.3897,0.3899,0.4126,0.4132,0.4126,0.4124,0.4538,0.5529,0.5384,0.6646,0.7116,0.7372,0.8018,0.9105,1.2808,1.6197,1.6511,1.5458,1.5482,2.0486,2.3551,2.6779
S,E7000,KWH_LT1000,KWH,I_TAX,NAC,UA,,,,,,,,,,,,,,,,,,,0.71,0.9,1.14,1.19,1.0,1.0771,1.033,1.0644,0.9851,0.9604,1.6489,,,,,,,,,
S,E7000,KWH_LT1000,KWH,I_TAX,NAC,UK,,0.1172,0.124,0.137,0.141,0.1546,0.1279,0.1331,0.1322,0.1509,0.1497,0.1614,0.1728,0.1891,0.1974,0.1981,0.1879,0.1922,0.1931,0.2368,0.2221,0.2412,0.2393,0.2619,0.2658,0.2994,0.2659,,,,,,,,,,,
S,E7000,KWH_LT1000,KWH,I_TAX,NAC,XK,,,,,,,,,,,,,0.0804,0.0762,0.0803,0.1193,0.0914,0.1237,0.0872,0.1201,0.0941,0.0817,0.0927,0.0814,0.0789,0.0771,0.0811,0.0811,0.0816,0.078,0.0804,0.0782,0.0866,0.0904,0.124,0.1118,0.1311,0.1297
S,E7000,KWH_LT1000,KWH,I_TAX,PPS,AL,,,,,,,,,0.2632,0.2632,0.2586,0.2586,0.2578,0.2578,0.2619,0.2619,0.1843,0.1957,0.1967,0.1964,0.1844,0.1844,,0.1835,0.1852,0.1852,0.1792,0.1792,0.1771,0.1771,0.1778,0.1778,0.1789,0.1792,0.1812,0.1822,0.1641,0.1834
S,E7000,KWH_LT1000,KWH,I_TAX,PPS,AT,,0.2482,0.2428,0.2427,0.243,0.2429,0.2302,0.2331,0.2661,0.2635,0.2702,0.2711,0.2846,0.2785,0.2873,0.2856,0.3212,0.3248,0.3438,0.3453,0.3278,0.3305,0.3241,0.3171,0.334,0.3385,0.3564,0.3531,0.3837,0.3935,0.3245,0.3191,0.3671,0.3768,0.353,0.3155,0.3717,0.4412
S,E7000,KWH_LT1000,KWH,I_TAX,PPS,BA,,,,,,,,,,,0.4495,0.405,0.4665,0.436,0.4705,0.4304,0.5063,0.4188,0.4507,0.4308,0.4389,0.3986,0.4337,0.3703,0.4069,0.3645,0.4158,0.4056,0.4191,0.3608,0.4078,0.3793,0.438,0.3581,0.53,0.4348,0.4605,0.4209
S,E7000,KWH_LT1000,KWH,I_TAX,PPS,BE,,0.2235,0.2491,0.3213,0.2303,0.2436,0.2642,0.2572,0.2734,0.2671,0.2637,0.28,0.2582,0.2602,0.2398,0.2338,0.238,0.2792,0.3778,0.4617,0.4416,0.4568,0.3811,0.3862,0.4203,0.4442,0.3938,0.4295,0.3896,0.3664,0.4332,0.5,0.4669,0.4657,0.3968,0.4215,0.4462,0.4589
S,E7000,KWH_LT1000,KWH,I_TAX,PPS,BG,,0.1848,0.1734,0.1925,0.1887,0.1841,0.1857,0.1898,0.1773,0.1799,0.1823,0.2036,0.2013,0.1851,0.1805,0.1939,0.2055,0.2112,0.2122,0.2086,0.1939,0.1982,0.1944,0.1976,0.1908,0.1913,0.1919,0.1938,0.197,0.2028,0.2043,0.2093,0.1923,0.1991,0.1996,0.2043,0.2164,0.2223
S,E7000,KWH_LT1000,KWH,I_TAX,PPS,CY,,0.1917,0.219,0.2271,0.1567,0.1801,0.2389,0.2506,0.2557,0.2887,0.3503,0.3502,0.3444,0.305,0.3001,0.2987,0.2587,0.2342,0.2105,0.2218,0.2535,0.27,0.3315,0.3519,0.3678,0.3546,0.3872,0.3513,0.3948,0.4591,0.3972,0.6166,0.6725,0.7323,0.6939,0.8608,0.7217,0.9006
S,E7000,KWH_LT1000,KWH,I_TAX,PPS,CZ,0.3451,0.3451,0.344,0.344,0.3696,0.3696,0.3675,0.3675,0.3953,0.3953,0.4148,0.4148,0.4294,0.4294,0.407,0.407,0.41,0.41,0.4176,0.4211,0.3985,0.3985,0.4022,0.417,0.4413,0.4424,0.4461,0.4518,0.4356,0.4339,0.5297,-0.0796,0.6565,0.6676,0.7155,0.7179,0.7393,0.7371
S,E7000,KWH_LT1000,KWH,I_TAX,PPS,DE,0.3157,0.327,0.3287,0.3349,0.3346,0.3316,0.3511,0.357,0.369,0.3686,0.3791,0.3898,0.405,0.4059,0.4155,0.4161,0.419,0.4179,0.4415,0.4359,0.4372,0.4363,0.4354,0.4379,0.4508,0.4133,0.4301,0.4,0.4169,0.4281,0.4316,0.465,0.5127,0.5165,0.516,0.526,0.5244,0.5327
S,E7000,KWH_LT1000,KWH,I_TAX,PPS,DK,,0.1964,0.2123,0.2231,0.2139,0.2035,0.2178,0.2208,0.238,0.2427,0.2442,0.2425,0.2425,0.2361,0.247,0.2457,0.297,0.295,0.2864,0.2874,0.28,0.2765,0.2863,0.294,0.2759,0.2766,0.2699,0.2689,0.2693,0.3142,0.3973,0.4897,0.3505,0.323,0.3438,0.3448,0.3292,0.3144
S,E7000,KWH_LT1000,KWH,I_TAX,PPS,EA,,0.2677,0.2714,0.2783,0.2701,0.274,0.2857,0.2873,0.294,0.2985,0.2971,0.3099,0.3229,0.3267,0.3413,0.3431,0.3589,0.3579,0.3595,0.3624,0.3695,0.3581,0.377,0.3946,0.4266,0.4027,0.4249,0.4114,0.4116,0.4024,0.4014,0.4166,0.4505,0.4539,0.482,0.4774,0.4927,0.499
S,E7000,KWH_LT1000,KWH,I_TAX,PPS,EE,,0.1195,0.118,0.1228,0.1349,0.1352,0.1468,0.152,0.1451,0.1539,0.1612,0.1624,0.1953,0.1931,0.1804,0.184,0.1804,0.1823,0.1712,0.173,0.1588,0.1759,0.1929,0.1998,0.2023,0.201,0.1944,0.2003,0.2121,0.2578,0.2984,0.3594,0.3284,0.3392,0.3446,0.3315,0.3599,0.3582
S,E7000,KWH_LT1000,KWH,I_TAX,PPS,EL,,0.134,0.1362,0.1176,0.1131,0.1185,0.1278,0.1285,0.1703,0.1535,0.2033,0.177,0.2426,0.2296,0.2777,0.2561,0.3171,0.2754,0.3202,0.2477,0.2747,0.2472,0.2768,0.2522,0.2686,0.2403,0.2517,0.2549,0.2897,0.2901,0.3201,0.3952,0.4369,0.4612,0.5884,0.5299,0.6993,0.5792
S,E7000,KWH_LT1000,KWH,I_TAX,PPS,ES,,0.3304,0.3264,0.3468,0.3284,0.3376,0.4118,0.3861,0.3841,0.4046,0.3776,0.4117,0.4124,0.4468,0.5322,0.5214,0.567,0.5914,0.5891,0.564,0.6243,0.62,0.6386,0.612,0.7049,0.6015,0.7134,0.6618,0.6271,0.5532,0.6338,0.5952,0.5364,0.4636,0.5627,0.5325,0.5784,0.6123
S,E7000,KWH_LT1000,KWH,I_TAX,PPS,EU27_2020,,,,,,,,,,,,,,,,,,,,,0.3547,0.3457,0.3625,0.3775,0.4032,0.3839,0.3974,0.3881,0.3907,0.3881,0.3907,0.398,0.4341,0.4309,0.461,0.4577,0.4713,0.484
S,E7000,KWH_LT1000,KWH,I_TAX,PPS,FI,,0.1758,0.183,0.193,0.2023,0.2053,0.2099,0.2166,0.2319,0.2377,0.2362,0.242,0.2391,0.2416,0.2386,0.2403,0.2444,0.243,0.253,0.2605,0.2697,0.2745,0.2744,0.29,0.2954,0.3,0.2892,0.2958,0.2913,0.3003,0.3089,0.3595,0.3556,0.3328,0.2704,0.2608,0.3051,0.313
S,E7000,KWH_LT1000,KWH,I_TAX,PPS,FR,,0.2101,0.2054,0.2028,0.1895,0.2063,0.2027,0.2135,0.2164,0.2203,0.2148,0.232,0.2501,0.2484,0.244,0.2573,0.2679,0.266,0.261,0.2749,0.2856,0.2682,0.3112,0.381,0.3193,0.3486,0.3731,0.4038,0.3619,0.3898,0.4002,0.393,0.401,0.4684,0.4586,0.4829,0.4187,0.4498
S,E7000,KWH_LT1000,KWH,I_TAX,PPS,HR,0.2303,0.2832,0.2916,0.3038,0.2968,0.2675,0.2687,0.2617,0.2693,0.2881,0.3485,0.3593,0.3754,0.343,0.3603,0.3307,0.3399,0.3231,0.3611,0.3313,0.3131,0.3037,0.3315,0.3197,0.3324,0.3098,0.3228,0.3332,0.3144,0.304,0.3611,0.3548,0.3698,0.3478,0.3399,0.3042,0.3515,0.3604
S,E7000,KWH_LT1000,KWH,I_TAX,PPS,HU,,0.2343,0.2474,0.2395,0.2451,0.295,0.3262,0.3023,0.3073,0.3157,0.2971,0.2991,0.2718,0.2608,0.2405,0.2358,0.2252,0.2303,0.2247,0.2274,0.1989,0.2023,0.1808,0.1824,0.1746,0.1772,0.1637,0.1677,0.1499,0.159,0.142,0.1301,0.13,0.1249,0.1422,0.1366,0.1309,0.1332
S,E7000,KWH_LT1000,KWH,I_TAX,PPS,IE,,0.3873,0.3652,0.4005,0.3651,0.3509,0.3652,0.3971,0.3865,0.4801,0.4985,0.5382,0.5514,0.582,0.5818,0.5975,0.6263,0.4316,0.3795,0.4112,0.3588,0.361,0.3292,0.3329,0.3025,0.3427,0.2765,0.3317,0.3978,0.3515,0.1875,0.2552,0.1119,0.3244,0.1465,0.3144,0.2555,0.3285
S,E7000,KWH_LT1000,KWH,I_TAX,PPS,IS,,,,,,,,,,,0.1826,0.185,0.2768,0.279,0.2719,0.2695,0.265,0.2677,0.2633,0.2625,0.2447,0.245,0.2296,0.2307,0.2247,0.2243,0.2108,0.2132,0.2183,0.2174,0.223,0.2305,0.2451,0.2521,0.2647,0.2868,0.2914,
S,E7000,KWH_LT1000,KWH,I_TAX,PPS,IT,,,0.2731,0.2722,0.2833,0.2669,0.2771,0.2693,0.2605,0.2497,0.256,0.265,0.2765,0.2738,0.2924,0.2902,0.2946,0.2907,0.3194,0.3185,0.348,0.3079,0.3054,0.3263,0.5587,0.4698,0.5491,0.4668,0.5673,0.4501,0.5641,0.5914,0.6508,0.5634,0.6264,0.5699,0.6774,0.5874
S,E7000,KWH_LT1000,KWH,I_TAX,PPS,LT,,0.1668,0.1464,0.1466,0.1631,0.1587,0.205,0.2135,0.2118,0.2253,0.2181,0.2176,0.2318,0.2339,0.2229,0.2209,0.2089,0.2113,0.2085,0.201,0.1764,0.1753,0.1701,0.1703,0.1942,0.1938,0.2194,0.1995,0.2134,0.2491,0.2462,0.4162,0.4159,0.3413,0.3326,0.3136,0.3062,0.3112
S,E7000,KWH_LT1000,KWH,I_TAX,PPS,LU,0.2592,0.2122,0.2084,0.2122,0.2226,0.2226,0.2031,0.2054,0.2102,0.2078,0.211,0.2057,0.1972,0.1854,0.1977,0.1977,0.2011,0.1998,0.1977,0.1971,0.217,0.2189,0.2332,0.2423,0.2741,0.2738,0.2744,0.2779,0.2611,0.2641,0.268,0.2655,0.3024,0.2843,0.2945,0.2857,0.3448,0.3448
S,E7000,KWH_LT1000,KWH,I_TAX,PPS,LV,,0.1094,0.118,0.1406,0.1546,0.1546,0.1606,0.1606,0.1749,0.1753,0.1704,0.1712,0.1683,0.1683,0.1697,0.162,0.2189,0.244,0.2424,0.2828,0.2693,0.2693,0.3135,0.2638,0.2779,0.3101,0.3081,0.3041,0.2978,0.3356,0.2647,0.448,0.4707,0.545,0.4654,0.4645,0.5657,0.5706
S,E7000,KWH_LT1000,KWH,I_TAX,PPS,ME,,,,,,,,,0.2127,0.2054,0.2539,0.36,0.4243,0.4002,0.4401,0.392,0.4341,0.4083,0.4213,0.3881,0.3572,0.3297,0.3546,0.3294,0.3579,0.328,0.347,0.3319,0.3339,0.291,0.3091,0.2851,0.292,0.27,0.2782,0.2665,0.2841,0.268
S,E7000,KWH_LT1000,KWH,I_TAX,PPS,MK,,,,,,,,,,,,0.1949,0.2011,0.1954,0.1961,0.2016,0.2055,0.2067,0.201,0.2004,0.185,0.1847,0.1758,0.176,0.1755,0.176,0.1737,0.1835,0.1861,0.1796,0.2001,0.2227,0.2209,0.2457,0.4252,0.4213,0.4944,0.425
S,E7000,KWH_LT1000,KWH,I_TAX,PPS,MT,,,0.065,0.1772,0.3414,0.3125,0.5798,0.5704,0.5658,0.5729,0.572,0.5721,0.5469,0.5483,0.4843,0.459,0.4661,0.4619,0.4392,0.4536,0.4867,0.4464,0.427,0.4306,0.4226,0.426,0.4224,0.4175,0.4205,0.4321,0.4294,0.4499,0.3867,0.4033,0.3849,0.3913,0.3619,0.3448
S,E7000,KWH_LT1000,KWH,I_TAX,PPS,NL,,,,,,,,,,,,,,,,,,,,,-0.0764,-0.0808,-0.014,-0.0402,0.083,0.0958,-0.1773,-0.2126,-0.2118,-0.2098,-0.7909,-0.7097,-0.1992,-0.199,-0.0393,-0.0998,0.0659,0.1069
S,E7000,KWH_LT1000,KWH,I_TAX,PPS,NO,,0.2659,0.2788,0.2916,0.2768,0.2732,0.31,0.3024,0.3113,0.2952,0.2947,0.285,0.2861,0.2876,0.2727,0.2754,0.2792,0.2719,0.2731,0.2766,0.2604,0.2605,0.2808,0.2921,0.2897,0.2859,0.2565,0.2546,0.2893,0.3289,0.3054,0.376,0.3685,0.4084,0.4121,0.4428,0.4399,0.4249
S,E7000,KWH_LT1000,KWH,I_TAX,PPS,PL,,0.245,0.2582,0.2585,0.2613,0.269,0.2902,0.2986,0.3083,0.3156,0.3163,0.3215,0.3254,0.3184,0.3182,0.3107,0.3139,0.3144,0.2959,0.309,0.3163,0.3188,0.2823,0.3007,0.2907,0.3009,0.3237,0.3515,0.3773,0.3825,0.3404,0.3791,0.4295,0.4105,0.3148,0.4329,0.4357,0.51
S,E7000,KWH_LT1000,KWH,I_TAX,PPS,PT,,0.2322,0.4044,0.4111,0.3931,0.3869,0.4081,0.4061,0.4056,0.4583,0.4912,0.4193,0.4169,0.45,0.5128,0.5065,0.498,0.5096,0.4905,0.5063,0.4632,0.4627,0.484,0.4822,0.4476,0.4541,0.4539,0.459,0.4674,0.4932,0.4936,0.4904,0.4565,0.4261,0.4754,0.5694,0.6079,0.588
S,E7000,KWH_LT1000,KWH,I_TAX,PPS,RO,,0.1957,0.1926,0.1982,0.1974,0.1944,0.2067,0.2139,0.2148,0.2247,0.2243,0.2344,0.2703,0.2656,0.2605,0.2518,0.2658,0.2736,0.2685,0.2604,0.2343,0.2532,0.2516,0.247,0.2524,0.2687,0.2773,0.2782,0.3001,0.3076,0.4038,0.6403,0.2874,0.289,0.2886,0.2798,0.2764,0.5073
S,E7000,KWH_LT1000,KWH,I_TAX,PPS,RS,,,,,,,,,,,,,0.4233,0.4033,0.3348,0.427,0.3105,0.4817,0.5461,0.4933,0.5061,0.4644,0.5029,0.4564,0.4978,0.4438,0.5071,0.464,0.5252,0.5075,0.5742,0.5215,0.5874,0.5323,0.5343,0.4941,0.3083,0.524
S,E7000,KWH_LT1000,KWH,I_TAX,PPS,SE,0.2287,0.2462,0.2396,0.2609,0.2337,0.2405,0.286,0.2622,0.277,0.2635,0.2698,0.2655,0.2727,0.2633,0.2686,0.2775,0.3092,0.269,0.3096,0.2935,0.321,0.3165,0.3657,0.3641,0.3756,0.36,0.281,0.2778,0.312,0.3631,0.3595,0.3889,0.3825,0.3277,0.3744,0.3824,0.4222,0.4143
S,E7000,KWH_LT1000,KWH,I_TAX,PPS,SI,,0.295,0.2288,0.2379,0.31,0.3301,0.3106,0.3097,0.2753,0.2696,0.2734,0.2803,0.2973,0.3168,0.3161,0.2663,0.2742,0.278,0.2368,0.2378,0.3177,0.3053,0.4051,0.3664,0.4009,0.3607,0.2833,0.3613,0.4128,0.3618,0.2859,0.3652,0.396,0.3695,0.4277,0.3657,0.3771,0.3839
S,E7000,KWH_LT1000,KWH,I_TAX,PPS,SK,,0.3291,0.3552,0.3626,0.3457,0.3436,0.336,0.3555,0.3376,0.3583,0.3753,0.3851,0.4024,0.3852,0.3586,0.3673,0.3673,0.3803,0.3293,0.3923,0.3191,0.3126,0.3203,0.3086,0.3246,0.3157,0.3207,0.3329,0.3197,0.3176,0.3359,0.3587,0.3773,0.3807,0.3265,0.3406,0.3434,0.3624
S,E7000,KWH_LT1000,KWH,I_TAX,PPS,TR,,0.1479,0.1654,0.2065,0.2031,0.2113,0.22,0.2199,0.2044,0.2141,0.2245,0.2457,0.2426,0.24,0.2232,0.2366,0.2456,0.2495,0.2484,0.2484,0.2047,0.2046,0.1884,0.2295,0.1908,0.2355,0.2164,0.2242,0.2439,0.2184,0.3073,0.2233,0.2277,0.2083,0.1389,0.1808,0.1301,0.148
S,E7000,KWH_LT1000,KWH,I_TAX,PPS,UK,,0.1474,0.1488,0.1644,0.1617,0.1773,0.1412,0.147,0.1426,0.1627,0.1637,0.1765,0.1868,0.2044,0.2105,0.2113,0.2037,0.2084,0.2094,0.2568,0.2228,0.2419,0.2374,0.2598,0.261,0.294,0.2579,,,,,,,,,,,
S,E7000,KWH_LT1000,KWH,X_TAX,EUR,AL,,,,,,,,,0.096,0.0964,0.0969,0.0973,0.0963,0.0962,0.0963,0.0967,0.0676,0.0683,0.0687,0.0695,0.0703,0.0713,,0.0759,0.0767,0.0778,0.0768,0.0767,0.0771,0.0781,0.0784,0.0813,0.0842,0.0907,0.0929,0.0958,0.0862,0.0979
S,E7000,KWH_LT1000,KWH,X_TAX,EUR,AT,,0.1834,0.1812,0.1812,0.1874,0.1874,0.1746,0.1772,0.2055,0.205,0.2075,0.205,0.214,0.2083,0.2078,0.2062,0.2064,0.2042,0.2104,0.2098,0.2134,0.2061,0.2105,0.2098,0.2259,0.2304,0.2413,0.2376,0.25,0.264,0.246,0.3287,0.4012,0.4248,0.4184,0.3755,0.3697,0.3779
S,E7000,KWH_LT1000,KWH,X_TAX,EUR,BA,,,,,,,,,,,0.1849,0.1667,0.194,0.1813,0.1939,0.1776,0.2091,0.1687,0.1821,0.1742,0.1887,0.1712,0.187,0.1594,0.1769,0.158,0.1798,0.1751,0.1808,0.1576,0.1788,0.1664,0.2032,0.1688,0.2465,0.2034,0.2317,0.2112
S,E7000,KWH_LT1000,KWH,X_TAX,EUR,BE,,0.1873,0.2153,0.2809,0.2024,0.2134,0.2241,0.2176,0.2304,0.2285,0.225,0.239,0.2186,0.2226,0.2186,0.2243,0.2296,0.245,0.2519,0.2823,0.2916,0.2785,0.3013,0.3057,0.3411,0.3683,0.315,0.3478,0.308,0.2878,0.3812,0.479,0.4274,0.3946,0.3295,0.3646,0.3933,0.4058
S,E7000,KWH_LT1000,KWH,X_TAX,EUR,BG,,0.0619,0.0619,0.0685,0.0706,0.0685,0.0685,0.0701,0.0699,0.071,0.0714,0.0798,0.0796,0.0734,0.0709,0.0762,0.0807,0.0813,0.0815,0.0806,0.0814,0.0831,0.0833,0.0847,0.0845,0.0848,0.0862,0.087,0.0885,0.0933,0.0939,0.0967,0.0966,0.1,0.1004,0.1028,0.1106,0.1136
S,E7000,KWH_LT1000,KWH,X_TAX,EUR,CY,,0.1436,0.1651,0.1713,0.1192,0.1373,0.1824,0.1864,0.1994,0.2247,0.2676,0.2643,0.2543,0.2231,0.2148,0.2116,0.1805,0.166,0.1418,0.1502,0.1713,0.1907,0.2353,0.2564,0.2487,0.2395,0.2654,0.2391,0.2575,0.2893,0.2561,0.4519,0.4177,0.4544,0.4385,0.5485,0.4795,0.6322
S,E7000,KWH_LT1000,KWH,X_TAX,EUR,CZ,0.1769,0.1819,0.2084,0.2124,0.2104,0.2217,0.2165,0.2241,0.239,0.2344,0.2419,0.2424,0.2405,0.2354,0.2128,0.2114,0.212,0.2154,0.2197,0.2198,0.2215,0.2292,0.2369,0.2427,0.2441,0.2452,0.2479,0.2491,0.246,0.2669,0.3325,0.3645,0.4528,0.4441,0.4467,0.4496,0.4645,0.4686
S,E7000,KWH_LT1000,KWH,X_TAX,EUR,DE,0.2211,0.2313,0.2349,0.2408,0.2498,0.2413,0.2446,0.2472,0.2478,0.2464,0.2516,0.2546,0.2595,0.2603,0.2563,0.2576,0.2611,0.2609,0.2659,0.2651,0.277,0.2759,0.2836,0.284,0.3048,0.2733,0.2851,0.2638,0.2725,0.2852,0.3147,0.383,0.4304,0.4335,0.4333,0.4402,0.4267,0.4345
S,E7000,KWH_LT1000,KWH,X_TAX,EUR,DK,,0.1247,0.1352,0.149,0.1349,0.1197,0.1283,0.1337,0.1418,0.1447,0.1379,0.1307,0.1307,0.1245,0.1264,0.1233,0.1453,0.1399,0.1408,0.1476,0.1514,0.1488,0.1581,0.1688,0.1627,0.1639,0.1555,0.1521,0.1595,0.2066,0.2944,0.4173,0.3634,0.2439,0.2517,0.2563,0.2479,0.2323
S,E7000,KWH_LT1000,KWH,X_TAX,EUR,EA,0.2243,0.2062,0.2119,0.219,0.2192,0.2232,0.2263,0.2255,0.2295,0.2315,0.2286,0.2367,0.2436,0.246,0.251,0.2527,0.2575,0.2557,0.2562,0.2574,0.2739,0.2638,0.2899,0.3021,0.2922,0.2796,0.301,0.2968,0.2971,0.3104,0.3736,0.4168,0.4288,0.4183,0.4197,0.4134,0.4021,0.4005
S,E7000,KWH_LT1000,KWH,X_TAX,EUR,EE,,0.0671,0.0659,0.0688,0.0732,0.0718,0.0713,0.0733,0.0733,0.0785,0.0808,0.0818,0.1055,0.1041,0.1,0.1023,0.0988,0.0972,0.0955,0.0992,0.094,0.0993,0.1147,0.1193,0.1221,0.1212,0.1154,0.1216,0.1295,0.1637,0.1914,0.2332,0.229,0.2413,0.2425,0.2375,0.2596,0.2536
S,E7000,KWH_LT1000,KWH,X_TAX,EUR,EL,,0.1086,0.1118,0.0965,0.0959,0.1003,0.103,0.1006,0.1357,0.1216,0.1488,0.1233,0.1656,0.1436,0.1713,0.1526,0.2009,0.1668,0.2044,0.148,0.1692,0.144,0.1708,0.1528,0.1715,0.1601,0.1694,0.1722,0.1989,0.197,0.3296,0.5294,0.3033,0.3288,0.4293,0.3815,0.5111,0.4147
S,E7000,KWH_LT1000,KWH,X_TAX,EUR,ES,,0.2424,0.2455,0.2622,0.254,0.2611,0.3174,0.2926,0.289,0.3044,0.2755,0.293,0.292,0.3164,0.3742,0.3667,0.3988,0.4163,0.41,0.3965,0.4509,0.4479,0.468,0.4485,0.3595,0.3013,0.3546,0.3426,0.3415,0.3022,0.4931,0.494,0.4406,0.3811,0.3911,0.3772,0.3628,0.3858
S,E7000,KWH_LT1000,KWH,X_TAX,EUR,EU27_2020,0.2121,0.1938,0.2003,0.2071,0.2034,0.2082,0.2153,0.2151,0.2201,0.2201,0.2188,0.2261,0.2322,0.2324,0.2357,0.2368,0.2406,0.239,0.2401,0.2413,0.257,0.2488,0.2716,0.2812,0.2737,0.2624,0.2741,0.2716,0.274,0.2965,0.3445,0.3869,0.3889,0.3741,0.3898,0.3848,0.3701,0.3717
S,E7000,KWH_LT1000,KWH,X_TAX,EUR,FI,,0.1596,0.1673,0.177,0.1903,0.1932,0.1965,0.2013,0.2098,0.2155,0.2147,0.2203,0.2208,0.2233,0.2203,0.222,0.2225,0.2207,0.2268,0.232,0.2478,0.2526,0.2554,0.2712,0.2769,0.2774,0.2724,0.2791,0.2746,0.2785,0.2881,0.3446,0.3452,0.3103,0.2393,0.2279,0.2694,0.277
S,E7000,KWH_LT1000,KWH,X_TAX,EUR,FR,,0.1849,0.1856,0.1832,0.1723,0.1886,0.1787,0.1884,0.1973,0.2002,0.1947,0.2108,0.2281,0.2243,0.2107,0.2217,0.2232,0.221,0.2158,0.2267,0.2233,0.2114,0.2712,0.3128,0.2497,0.2775,0.2981,0.3247,0.2884,0.3161,0.3421,0.3417,0.3585,0.4256,0.401,0.4144,0.338,0.3519
S,E7000,KWH_LT1000,KWH,X_TAX,EUR,GE,,,,,,,,,,,,,,,,,,,,,,,0.0503,0.0483,0.0486,0.0394,0.043,0.0357,0.043,0.0443,,0.0632,0.0649,0.059,0.0445,0.0445,0.0483,0.0469
S,E7000,KWH_LT1000,KWH,X_TAX,EUR,HR,0.1223,0.1489,0.1596,0.1713,0.1707,0.1507,0.1543,0.1485,0.1475,0.156,0.1786,0.1842,0.1902,0.172,0.1783,0.1628,0.1679,0.1591,0.1766,0.1625,0.1754,0.1655,0.1785,0.1715,0.179,0.1659,0.1703,0.1761,0.1652,0.1618,0.1944,0.1907,0.204,0.1934,0.194,0.1786,0.2084,0.214
S,E7000,KWH_LT1000,KWH,X_TAX,EUR,HU,,0.1129,0.1333,0.1311,0.1167,0.1443,0.1567,0.1413,0.15,0.1394,0.1294,0.1359,0.1199,0.1155,0.1078,0.1045,0.1008,0.1015,0.0994,0.101,0.1003,0.1021,0.0931,0.0912,0.0915,0.0902,0.0831,0.0824,0.077,0.0814,0.0753,0.0636,0.068,0.065,0.0782,0.0718,0.0714,0.0751
S,E7000,KWH_LT1000,KWH,X_TAX,EUR,IE,,0.4031,0.3919,0.4298,0.3815,0.3667,0.3555,0.3703,0.3148,0.3974,0.4443,0.4771,0.4813,0.5013,0.4882,0.492,0.4906,0.3499,0.3044,0.3218,0.2994,0.2971,0.267,0.2807,0.2899,0.328,0.2743,0.3171,0.352,0.3225,0.3874,0.5244,0.5396,0.5318,0.404,0.5032,0.3355,0.3436
S,E7000,KWH_LT1000,KWH,X_TAX,EUR,IS,,,,,,,,,,,0.1599,0.1666,0.2471,0.2506,0.2575,0.2576,0.2648,0.2766,0.2795,0.3109,0.3239,0.3066,0.3033,0.2864,0.2747,0.2731,0.2545,0.238,0.2579,0.2638,0.2843,0.2904,0.2845,0.305,0.3172,0.3414,0.367,
S,E7000,KWH_LT1000,KWH,X_TAX,EUR,IT,,,,,,,,0.2184,0.211,0.1969,0.1887,0.1916,0.2001,0.1993,0.2085,0.2055,0.2075,0.2002,0.2171,0.2171,0.2572,0.2217,0.216,0.2382,0.3494,0.2926,0.3499,0.2877,0.3575,0.3322,0.4955,0.5169,0.5313,0.3927,0.4447,0.3953,0.4769,0.4082
S,E7000,KWH_LT1000,KWH,X_TAX,EUR,LI,,,,,,,,,,,,,,,0.1402,0.1417,0.162,0.1587,0.151,0.1526,0.1528,0.1435,0.2825,0.2919,0.2938,0.3019,0.3553,0.3387,0.319,0.3216,0.3293,0.3419,0.5286,0.4661,0.4275,0.4163,0.4788,0.4849
S,E7000,KWH_LT1000,KWH,X_TAX,EUR,LT,,0.0813,0.0781,0.0782,0.085,0.0814,0.1002,0.1043,0.1057,0.1124,0.1087,0.1084,0.0903,0.0914,0.0923,0.0913,0.0899,0.089,0.0884,0.0839,0.0802,0.0796,0.0792,0.0792,0.0989,0.0981,0.1172,0.1001,0.109,0.1332,0.1387,0.2377,0.2668,0.2202,0.2121,0.2025,0.1981,0.2013
S,E7000,KWH_LT1000,KWH,X_TAX,EUR,LU,0.2706,0.2167,0.2167,0.2188,0.2369,0.2411,0.2126,0.2142,0.2219,0.2191,0.2219,0.2159,0.213,0.1997,0.2015,0.2015,0.1915,0.1915,0.1911,0.1911,0.2151,0.2176,0.2433,0.2538,0.2865,0.2856,0.2913,0.2955,0.2754,0.2745,0.297,0.299,0.4805,0.4501,0.4753,0.4636,0.4579,0.4579
S,E7000,KWH_LT1000,KWH,X_TAX,EUR,LV,,0.0695,0.0813,0.0956,0.0957,0.0959,0.0954,0.0953,0.0957,0.0962,0.0968,0.0799,0.079,0.0693,0.0694,0.0697,0.0973,0.1094,0.1066,0.1282,0.1302,0.1302,0.1374,0.1251,0.1367,0.1477,0.146,0.1438,0.1454,0.175,0.2167,0.2763,0.31,0.443,0.3851,0.3708,0.3591,0.3623
S,E7000,KWH_LT1000,KWH,X_TAX,EUR,MD,,,,,,,,,,,,,,,,,0.0794,0.0861,0.0938,0.0888,0.0942,0.0972,0.0993,0.0932,0.0912,0.0967,0.0995,0.0896,0.0762,0.0768,0.0929,0.1663,0.1726,0.1361,0.1265,0.1247,0.2023,0.1904
S,E7000,KWH_LT1000,KWH,X_TAX,EUR,ME,,,,,,,,,0.0892,0.0862,0.0958,0.1449,0.1708,0.1606,0.1783,0.1618,0.1792,0.1638,0.168,0.1541,0.1295,0.1209,0.1311,0.1235,0.1323,0.1258,0.1297,0.1239,0.127,0.1171,0.1235,0.1157,0.1227,0.1152,0.1255,0.1198,0.1278,0.1219
S,E7000,KWH_LT1000,KWH,X_TAX,EUR,MK,,,,,,,,,,,,0.0369,0.039,0.041,0.0418,0.0414,0.0712,0.0715,0.0702,0.0709,0.0703,0.0702,0.068,0.0681,0.0678,0.068,0.0676,0.0714,0.0725,0.0813,0.0905,0.0988,0.096,0.0989,0.1873,0.1811,0.2122,0.1824
S,E7000,KWH_LT1000,KWH,X_TAX,EUR,MT,,,0.0444,0.121,0.2365,0.2165,0.4033,0.3958,0.4074,0.4112,0.4176,0.4166,0.4062,0.4066,0.3697,0.3504,0.356,0.3528,0.3354,0.3467,0.3839,0.352,0.3487,0.3516,0.344,0.3468,0.3514,0.3473,0.3497,0.3618,0.3556,0.3781,0.3288,0.343,0.3314,0.3369,0.312,0.2972
S,E7000,KWH_LT1000,KWH,X_TAX,EUR,NL,0.2424,0.2429,0.2441,0.2491,0.3473,0.3462,0.3201,0.3256,0.3386,0.3383,0.3573,0.375,0.3735,0.3882,0.3729,0.3776,0.3603,0.361,0.3569,0.354,0.373,0.374,0.404,0.41,0.403,0.406,0.4184,0.4217,0.4316,0.4468,0.5251,0.6352,0.8362,0.6498,0.7754,0.7371,0.7775,0.7844
S,E7000,KWH_LT1000,KWH,X_TAX,EUR,NO,,0.2783,0.3012,0.2952,0.2843,0.2911,0.3521,0.3432,0.3647,0.3478,0.3504,0.3473,0.3554,0.3325,0.315,0.3125,0.3075,0.2804,0.2814,0.2957,0.3068,0.2974,0.3214,0.3346,0.3375,0.3251,0.2808,0.2793,0.3357,0.3793,0.4004,0.5188,0.3751,0.3929,0.4122,0.428,0.4449,0.4315
S,E7000,KWH_LT1000,KWH,X_TAX,EUR,PL,,0.115,0.137,0.1367,0.1141,0.1258,0.1367,0.1413,0.1485,0.1403,0.1414,0.148,0.148,0.1434,0.1452,0.1411,0.1444,0.1408,0.1256,0.1316,0.1278,0.1292,0.1131,0.1194,0.1232,0.1229,0.1272,0.1375,0.1344,0.1312,0.1331,0.146,0.1406,0.1455,0.1151,0.1824,0.1912,0.2108
S,E7000,KWH_LT1000,KWH,X_TAX,EUR,PT,,0.1509,0.2683,0.271,0.287,0.2872,0.2266,0.2104,0.1912,0.1947,0.2245,0.1995,0.1684,0.1806,0.2218,0.2192,0.1822,0.1867,0.1871,0.194,0.173,0.1728,0.157,0.1564,0.1954,0.2005,0.2024,0.2014,0.2176,0.2266,0.3281,0.459,0.3553,0.3854,0.2909,0.2975,0.3079,0.3007
S,E7000,KWH_LT1000,KWH,X_TAX,EUR,RO,,0.0912,0.0895,0.0915,0.0818,0.0803,0.0863,0.0832,0.0848,0.0837,0.0823,0.0768,0.092,0.0925,0.0943,0.0948,0.0978,0.0974,0.0948,0.0919,0.0881,0.095,0.0988,0.0959,0.0968,0.1028,0.1054,0.1051,0.1138,0.119,0.1686,0.2833,0.1192,0.1185,0.1179,0.1164,0.1211,0.2279
S,E7000,KWH_LT1000,KWH,X_TAX,EUR,RS,,,,,,,,,,,,,0.1731,0.1615,0.1365,0.1697,0.1209,0.1679,0.1871,0.1673,0.1885,0.1785,0.1983,0.1798,0.1996,0.1783,0.208,0.1906,0.2107,0.2099,0.2383,0.2146,0.256,0.2346,0.2481,0.2268,0.1407,0.2439
S,E7000,KWH_LT1000,KWH,X_TAX,EUR,SE,0.1894,0.2049,0.2022,0.2121,0.1795,0.1935,0.2482,0.2366,0.2603,0.2417,0.251,0.2567,0.2661,0.2485,0.2534,0.2547,0.2824,0.2458,0.297,0.2624,0.3141,0.3069,0.3441,0.3354,0.3446,0.3247,0.246,0.2509,0.2889,0.3411,0.3603,0.4094,0.3291,0.271,0.3201,0.3214,0.3699,0.3642
S,E7000,KWH_LT1000,KWH,X_TAX,EUR,SI,,0.1657,0.1464,0.1523,0.1928,0.2036,0.176,0.1741,0.1578,0.164,0.1632,0.1674,0.1578,0.1607,0.16,0.1389,0.1172,0.1158,0.1171,0.1167,0.1544,0.1508,0.1876,0.1745,0.1859,0.172,0.1472,0.1765,0.1927,0.1777,0.1488,0.2177,0.2531,0.218,0.3009,0.2558,0.2673,0.2472
S,E7000,KWH_LT1000,KWH,X_TAX,EUR,SK,,0.1875,0.1979,0.2146,0.1974,0.1962,0.1887,0.1997,0.1903,0.2022,0.2106,0.2161,0.2247,0.2149,0.1959,0.2007,0.2007,0.2065,0.1763,0.2092,0.1636,0.1595,0.1687,0.1606,0.1778,0.172,0.1821,0.1902,0.1812,0.1809,0.201,0.215,0.235,0.2127,0.1949,0.2017,0.1998,0.2126
S,E7000,KWH_LT1000,KWH,X_TAX,EUR,TR,,0.0706,0.0782,0.0969,0.0909,0.0936,0.1067,0.1092,0.0977,0.0916,0.1059,0.118,0.119,0.1056,0.0956,0.1046,0.1082,0.0975,0.102,0.097,0.0844,0.0772,0.0737,0.0689,0.0683,0.0843,0.0804,0.0659,0.0675,0.0642,0.0687,0.0784,0.069,0.046,0.0401,0.0497,0.0512,0.0495
S,E7000,KWH_LT1000,KWH,X_TAX,EUR,UA,,,,,,,,,,,,,,,,,,,0.0207,0.0267,0.0328,0.0318,0.0259,0.0282,0.0283,0.0323,0.0287,0.0243,0.041,,,,,,,,,
S,E7000,KWH_LT1000,KWH,X_TAX,EUR,UK,,0.161,0.1523,0.1603,0.1499,0.1658,0.14,0.1498,0.1451,0.1658,0.1734,0.1924,0.1935,0.2126,0.2289,0.2383,0.2124,0.2211,0.2002,0.2225,0.1994,0.1967,0.1944,0.2028,0.2086,0.2311,0.2096,,,,,,,,,,,
S,E7000,KWH_LT1000,KWH,X_TAX,EUR,XK,,,,,,,,,,,,,0.0614,0.0578,0.0626,0.0964,0.073,0.1033,0.0745,0.1049,0.0804,0.0738,0.0841,0.0742,0.0712,0.0682,0.0716,0.0713,0.0717,0.0695,0.0734,0.0717,0.0785,0.0806,0.1117,0.1004,0.1184,0.1171
S,E7000,KWH_LT1000,KWH,X_TAX,NAC,AL,,,,,,,,,13.5,13.5,13.5,13.5,13.5,13.5,13.5,13.5,9.5,9.5,9.5,9.5,9.5,9.5,,9.5,9.5,9.5,9.5,9.5,9.5,9.5,9.5,9.5,9.5,9.5,9.5,9.5,8.5,9.5
S,E7000,KWH_LT1000,KWH,X_TAX,NAC,AT,,0.1834,0.1812,0.1812,0.1874,0.1874,0.1746,0.1772,0.2055,0.205,0.2075,0.205,0.214,0.2083,0.2078,0.2062,0.2064,0.2042,0.2104,0.2098,0.2134,0.2061,0.2105,0.2098,0.2259,0.2304,0.2413,0.2376,0.25,0.264,0.246,0.3287,0.4012,0.4248,0.4184,0.3755,0.3697,0.3779
S,E7000,KWH_LT1000,KWH,X_TAX,NAC,BA,,,,,,,,,,,0.3625,0.3267,0.3803,0.3554,0.3801,0.348,0.409,0.33,0.3561,0.3407,0.369,0.3349,0.3658,0.3118,0.346,0.309,0.3517,0.3424,0.3536,0.3083,0.3497,0.3254,0.3974,0.3302,0.4822,0.3978,0.4532,0.4131
S,E7000,KWH_LT1000,KWH,X_TAX,NAC,BE,,0.1873,0.2153,0.2809,0.2024,0.2134,0.2241,0.2176,0.2304,0.2285,0.225,0.239,0.2186,0.2226,0.2186,0.2243,0.2296,0.245,0.2519,0.2823,0.2916,0.2785,0.3013,0.3057,0.3411,0.3683,0.315,0.3478,0.308,0.2878,0.3812,0.479,0.4274,0.3946,0.3295,0.3646,0.3933,0.4058
S,E7000,KWH_LT1000,KWH,X_TAX,NAC,BG,,0.121,0.121,0.134,0.138,0.134,0.134,0.1371,0.1368,0.1389,0.1396,0.156,0.1557,0.1435,0.1387,0.149,0.1579,0.1591,0.1594,0.1576,0.1592,0.1626,0.1629,0.1656,0.1653,0.1658,0.1685,0.1702,0.173,0.1825,0.1837,0.1892,0.1889,0.1956,0.1964,0.201,0.2164,0.2222
S,E7000,KWH_LT1000,KWH,X_TAX,NAC,CY,,0.0839,0.1651,0.1713,0.1192,0.1373,0.1824,0.1864,0.1994,0.2247,0.2676,0.2643,0.2543,0.2231,0.2148,0.2116,0.1805,0.166,0.1418,0.1502,0.1713,0.1907,0.2353,0.2564,0.2487,0.2395,0.2654,0.2391,0.2575,0.2893,0.2561,0.4519,0.4177,0.4544,0.4385,0.5485,0.4795,0.6322
S,E7000,KWH_LT1000,KWH,X_TAX,NAC,CZ,4.98,4.98,5.25,5.25,5.71,5.71,5.57,5.57,5.82,5.82,6.09,6.09,6.18,6.18,5.84,5.84,5.83,5.83,5.94,5.94,5.93,5.93,6.04,6.26,6.27,6.29,6.53,6.62,6.36,6.79,8.1945,8.9233,10.7242,10.8011,11.1742,11.3398,11.6123,11.427
S,E7000,KWH_LT1000,KWH,X_TAX,NAC,DE,0.2211,0.2313,0.2349,0.2408,0.2498,0.2413,0.2446,0.2472,0.2478,0.2464,0.2516,0.2546,0.2595,0.2603,0.2563,0.2576,0.2611,0.2609,0.2659,0.2651,0.277,0.2759,0.2836,0.284,0.3048,0.2733,0.2851,0.2638,0.2725,0.2852,0.3147,0.383,0.4304,0.4335,0.4333,0.4402,0.4267,0.4345
S,E7000,KWH_LT1000,KWH,X_TAX,NAC,DK,,0.9287,1.0083,1.1109,1.0047,0.8906,0.9551,0.9967,1.0573,1.077,1.0252,0.9741,0.9748,0.9283,0.9433,0.918,1.0832,1.0441,1.0492,1.0985,1.1263,1.1075,1.1775,1.2587,1.2143,1.2242,1.1608,1.1322,1.1862,1.5366,2.1901,3.1044,2.706,1.8183,1.8769,1.9116,1.8495,1.7341
S,E7000,KWH_LT1000,KWH,X_TAX,NAC,EA,,0.2063,0.2144,0.2204,0.2224,0.2244,0.2275,0.227,0.2308,0.2328,0.2296,0.2378,0.2448,0.2472,0.2519,0.2536,0.2577,0.2559,0.2577,0.2591,,,,,,,,,,,,,,,,,,
S,E7000,KWH_LT1000,KWH,X_TAX,NAC,EE,,1.05,1.031,1.076,1.145,1.124,1.116,1.147,0.0733,0.0785,0.0808,0.0818,0.1055,0.1041,0.1,0.1023,0.0988,0.0972,0.0955,0.0992,0.094,0.0993,0.1147,0.1193,0.1221,0.1212,0.1154,0.1216,0.1295,0.1637,0.1914,0.2332,0.229,0.2413,0.2425,0.2375,0.2596,0.2536
S,E7000,KWH_LT1000,KWH,X_TAX,NAC,EL,,0.1086,0.1118,0.0965,0.0959,0.1003,0.103,0.1006,0.1357,0.1216,0.1488,0.1233,0.1656,0.1436,0.1713,0.1526,0.2009,0.1668,0.2044,0.148,0.1692,0.144,0.1708,0.1528,0.1715,0.1601,0.1694,0.1722,0.1989,0.197,0.3296,0.5294,0.3033,0.3288,0.4293,0.3815,0.5111,0.4147
S,E7000,KWH_LT1000,KWH,X_TAX,NAC,ES,,0.2424,0.2455,0.2622,0.254,0.2611,0.3174,0.2926,0.289,0.3044,0.2755,0.293,0.292,0.3164,0.3742,0.3667,0.3988,0.4163,0.41,0.3965,0.4509,0.4479,0.468,0.4485,0.3595,0.3013,0.3546,0.3426,0.3415,0.3022,0.4931,0.494,0.4406,0.3811,0.3911,0.3772,0.3628,0.3858
S,E7000,KWH_LT1000,KWH,X_TAX,NAC,FI,,0.1596,0.1673,0.177,0.1903,0.1932,0.1965,0.2013,0.2098,0.2155,0.2147,0.2203,0.2208,0.2233,0.2203,0.222,0.2225,0.2207,0.2268,0.232,0.2478,0.2526,0.2554,0.2712,0.2769,0.2774,0.2724,0.2791,0.2746,0.2785,0.2881,0.3446,0.3452,0.3103,0.2393,0.2279,0.2694,0.277
S,E7000,KWH_LT1000,KWH,X_TAX,NAC,FR,,0.1849,0.1856,0.1832,0.1723,0.1886,0.1787,0.1884,0.1973,0.2002,0.1947,0.2108,0.2281,0.2243,0.2107,0.2217,0.2232,0.221,0.2158,0.2267,0.2233,0.2114,0.2712,0.3128,0.2497,0.2775,0.2981,0.3247,0.2884,0.3161,0.3421,0.3417,0.3585,0.4256,0.401,0.4144,0.338,0.3519
S,E7000,KWH_LT1000,KWH,X_TAX,NAC,GE,,,,,,,,,,,,,,,,,,,,,,,0.1501,0.1447,0.1486,0.1281,0.1436,0.1341,0.1721,0.1607,,0.1781,0.1823,0.1697,0.1303,0.1319,0.1464,0.1482
S,E7000,KWH_LT1000,KWH,X_TAX,NAC,HR,0.9,1.09,1.16,1.23,1.26,1.1,1.121,1.086,1.091,1.167,1.3471,1.3815,1.4399,1.3053,1.3592,1.2446,1.2804,1.2093,1.3355,1.2204,1.3065,1.2375,1.324,1.2725,1.3279,1.2305,1.2834,1.3283,1.2473,1.2144,1.466,1.4367,0.204,0.1934,0.194,0.1786,0.2084,0.214
S,E7000,KWH_LT1000,KWH,X_TAX,NAC,HU,,28.48,33.82,32.73,33.83,39.13,42.57,39.43,40.4143,40.3174,38.2275,38.4864,35.4883,34.3943,33.096,32.4433,30.9917,31.7166,31.0798,31.3371,31.0287,31.5503,29.2451,29.5135,29.326,29.7592,28.7109,29.4128,27.5461,29.2188,28.2634,25.9008,25.8894,24.866,30.4636,28.788,28.8773,29.3893
S,E7000,KWH_LT1000,KWH,X_TAX,NAC,IE,,0.4031,0.3919,0.4298,0.3815,0.3667,0.3555,0.3703,0.3148,0.3974,0.4443,0.4771,0.4813,0.5013,0.4882,0.492,0.4906,0.3499,0.3044,0.3218,0.2994,0.2971,0.267,0.2807,0.2899,0.328,0.2743,0.3171,0.352,0.3225,0.3874,0.5244,0.5396,0.5318,0.404,0.5032,0.3355,0.3436
S,E7000,KWH_LT1000,KWH,X_TAX,NAC,IS,,,,,,,,,,,26.071,26.4038,40.24,40.56,40.1,39.74,39.45,39.7485,39.2935,39.4668,37.9106,37.9481,37.4673,37.6565,37.6298,37.5644,37.7853,38.2095,39.1048,39.2372,40.1946,41.5607,42.9738,44.9078,47.417,50.9,53.26,
S,E7000,KWH_LT1000,KWH,X_TAX,NAC,IT,,,,,,,,0.2184,0.211,0.1969,0.1887,0.1916,0.2001,0.1993,0.2085,0.2055,0.2075,0.2002,0.2171,0.2171,0.2572,0.2217,0.216,0.2382,0.3494,0.2926,0.3499,0.2877,0.3575,0.3322,0.4955,0.5169,0.5313,0.3927,0.4447,0.3953,0.4769,0.4082
S,E7000,KWH_LT1000,KWH,X_TAX,NAC,LI,,,,,,,,,,,,,,,0.1712,0.1712,0.1712,0.1712,0.1655,0.1655,0.1645,0.1645,0.3304,0.3329,0.3318,0.3309,0.3781,0.3673,0.3492,0.3436,0.3398,0.3344,0.5209,0.4466,0.411,0.3929,0.4508,0.4523
S,E7000,KWH_LT1000,KWH,X_TAX,NAC,LT,,0.2806,0.2698,0.27,0.2934,0.281,0.346,0.3601,0.3648,0.3881,0.3752,0.3743,0.3117,0.3155,0.3186,0.3151,0.0899,0.089,0.0884,0.0839,0.0802,0.0796,0.0792,0.0792,0.0989,0.0981,0.1172,0.1001,0.109,0.1332,0.1387,0.2377,0.2668,0.2202,0.2121,0.2025,0.1981,0.2013
S,E7000,KWH_LT1000,KWH,X_TAX,NAC,LU,0.2706,0.2167,0.2167,0.2188,0.2369,0.2411,0.2126,0.2142,0.2219,0.2191,0.2219,0.2159,0.213,0.1997,0.2015,0.2015,0.1915,0.1915,0.1911,0.1911,0.2151,0.2176,0.2433,0.2538,0.2865,0.2856,0.2913,0.2955,0.2754,0.2745,0.297,0.299,0.4805,0.4501,0.4753,0.4636,0.4579,0.4579
S,E7000,KWH_LT1000,KWH,X_TAX,NAC,LV,,0.0486,0.0568,0.0676,0.0676,0.0676,0.0676,0.0676,0.0677,0.0679,0.0676,0.0556,0.0553,0.0487,0.0694,0.0697,0.0973,0.1094,0.1066,0.1282,0.1302,0.1302,0.1374,0.1251,0.1367,0.1477,0.146,0.1438,0.1454,0.175,0.2167,0.2763,0.31,0.443,0.3851,0.3708,0.3591,0.3623
S,E7000,KWH_LT1000,KWH,X_TAX,NAC,MD,,,,,,,,,,,,,,,,,1.6023,1.859,2.0866,1.9435,1.97,2.0159,2.0087,1.8155,1.8072,1.8895,1.9369,1.7934,1.6233,1.5789,1.8761,3.2591,3.4331,2.6419,2.43,2.4063,3.944,3.7486
S,E7000,KWH_LT1000,KWH,X_TAX,NAC,ME,,,,,,,,,0.0892,0.0862,0.0958,0.1449,0.1708,0.1606,0.1783,0.1618,0.1792,0.1638,0.168,0.1541,0.1295,0.1209,0.1311,0.1235,0.1323,0.1258,0.1297,0.1239,0.127,0.1171,0.1235,0.1157,0.1227,0.1152,0.1255,0.1198,0.1278,0.1219
S,E7000,KWH_LT1000,KWH,X_TAX,NAC,MK,,,,,,,,,,,,2.2711,2.4033,2.5245,2.5783,2.5494,4.3845,4.4092,4.3311,4.3592,4.3306,4.3229,4.1814,4.1868,4.1678,4.1796,4.1703,4.406,4.4686,5.0086,5.5806,6.0828,5.9142,6.0828,11.5237,11.1362,13.068,11.235
S,E7000,KWH_LT1000,KWH,X_TAX,NAC,MT,,,0.0444,0.121,0.2365,0.2165,0.4033,0.3958,0.4074,0.4112,0.4176,0.4166,0.4062,0.4066,0.3697,0.3504,0.356,0.3528,0.3354,0.3467,0.3839,0.352,0.3487,0.3516,0.344,0.3468,0.3514,0.3473,0.3497,0.3618,0.3556,0.3781,0.3288,0.343,0.3314,0.3369,0.312,0.2972
S,E7000,KWH_LT1000,KWH,X_TAX,NAC,NL,0.2424,0.2429,0.2441,0.2491,0.3473,0.3462,0.3201,0.3256,0.3386,0.3383,0.3573,0.375,0.3735,0.3882,0.3729,0.3776,0.3603,0.361,0.3569,0.354,0.373,0.374,0.404,0.41,0.403,0.406,0.4184,0.4217,0.4316,0.4468,0.5251,0.6352,0.8362,0.6498,0.7754,0.7371,0.7775,0.7844
S,E7000,KWH_LT1000,KWH,X_TAX,NAC,NO,,2.198,2.394,2.5083,2.529,2.494,2.819,2.747,2.854,2.7,2.6531,2.5627,2.673,2.6882,2.6068,2.6346,2.6594,2.5903,2.6511,2.7097,2.8177,2.8183,3.0829,3.2132,3.2841,3.2405,3.0149,2.9921,3.4163,3.85,3.9973,5.3037,4.2491,4.5307,4.7373,5.0341,5.1879,5.0789
S,E7000,KWH_LT1000,KWH,X_TAX,NAC,PL,,0.4284,0.4782,0.4835,0.5108,0.5265,0.5472,0.5636,0.5871,0.6014,0.6003,0.6105,0.6182,0.6045,0.6063,0.5916,0.5979,0.595,0.5489,0.5736,0.5452,0.5483,0.4775,0.5137,0.5286,0.529,0.5615,0.6149,0.6096,0.6023,0.617,0.6916,0.6497,0.6489,0.497,0.7835,0.8091,0.8952
S,E7000,KWH_LT1000,KWH,X_TAX,NAC,PT,,0.1509,0.2683,0.271,0.287,0.2872,0.2266,0.2104,0.1912,0.1947,0.2245,0.1995,0.1684,0.1806,0.2218,0.2192,0.1822,0.1867,0.1871,0.194,0.173,0.1728,0.157,0.1564,0.1954,0.2005,0.2024,0.2014,0.2176,0.2266,0.3281,0.459,0.3553,0.3854,0.2909,0.2975,0.3079,0.3007
S,E7000,KWH_LT1000,KWH,X_TAX,NAC,RO,,0.3048,0.3285,0.3382,0.3463,0.3409,0.358,0.3555,0.3545,0.3598,0.3613,0.3477,0.4038,0.4113,0.4208,0.4194,0.435,0.4328,0.4261,0.4124,0.3999,0.437,0.4597,0.4461,0.4591,0.4881,0.508,0.5104,0.558,0.5877,0.8336,1.3933,0.5882,0.5879,0.5863,0.5789,0.6061,1.1576
S,E7000,KWH_LT1000,KWH,X_TAX,NAC,RS,,,,,,,,,,,,,19.3725,18.4492,15.7887,20.1639,14.6264,20.2367,22.9994,20.6274,23.2563,21.3194,23.4566,21.2579,23.573,20.9704,24.4522,22.4109,24.7742,24.6791,28.0217,25.184,30.0258,27.4902,29.0595,26.5434,16.4887,28.5941
S,E7000,KWH_LT1000,KWH,X_TAX,NAC,SE,1.747,1.901,1.896,2.09,1.95,2.01,2.43,2.2,2.327,2.2036,2.2297,2.1896,2.2699,2.1791,2.2688,2.3534,2.638,2.3017,2.7631,2.5284,3.015,2.9693,3.4928,3.4753,3.6245,3.4602,2.6218,2.5882,2.9271,3.4656,3.7757,4.4132,3.7306,3.1498,3.6466,3.6872,4.1038,4.0193
S,E7000,KWH_LT1000,KWH,X_TAX,NAC,SI,,0.1657,0.1464,0.1523,0.1928,0.2036,0.176,0.1741,0.1578,0.164,0.1632,0.1674,0.1578,0.1607,0.16,0.1389,0.1172,0.1158,0.1171,0.1167,0.1544,0.1508,0.1876,0.1745,0.1859,0.172,0.1472,0.1765,0.1927,0.1777,0.1488,0.2177,0.2531,0.218,0.3009,0.2558,0.2673,0.2472
S,E7000,KWH_LT1000,KWH,X_TAX,NAC,SK,,6.28,6.38,6.51,0.1974,0.1962,0.1887,0.1997,0.1903,0.2022,0.2106,0.2161,0.2247,0.2149,0.1959,0.2007,0.2007,0.2065,0.1763,0.2092,0.1636,0.1595,0.1687,0.1606,0.1778,0.172,0.1821,0.1902,0.1812,0.1809,0.201,0.215,0.235,0.2127,0.1949,0.2017,0.1998,0.2126
S,E7000,KWH_LT1000,KWH,X_TAX,NAC,TR,,0.1234,0.1476,0.1866,0.1957,0.2035,0.2156,0.2155,0.2157,0.2258,0.2474,0.2704,0.2833,0.2832,0.2836,0.2979,0.3099,0.31,0.3323,0.3324,0.3325,0.3323,0.3654,0.4438,0.4345,0.536,0.5752,0.5886,0.643,0.735,1.1174,1.4535,1.4907,1.3776,1.3741,1.8311,2.1048,2.3984
S,E7000,KWH_LT1000,KWH,X_TAX,NAC,UA,,,,,,,,,,,,,,,,,,,0.59,0.75,0.95,0.99,0.84,0.8976,0.8608,0.887,0.8209,0.8004,1.3741,,,,,,,,,
S,E7000,KWH_LT1000,KWH,X_TAX,NAC,UK,,0.1117,0.118,0.131,0.134,0.1473,0.1218,0.1268,0.126,0.1438,0.1426,0.1538,0.1646,0.1802,0.188,0.1886,0.1555,0.1591,0.1559,0.1912,0.1716,0.1756,0.171,0.1804,0.1822,0.2037,0.1834,,,,,,,,,,,
S,E7000,KWH_LT1000,KWH,X_TAX,NAC,XK,,,,,,,,,,,,,0.0614,0.0578,0.0626,0.0964,0.073,0.1033,0.0745,0.1049,0.0804,0.0738,0.0841,0.0742,0.0712,0.0682,0.0716,0.0713,0.0717,0.0695,0.0734,0.0717,0.0785,0.0806,0.1117,0.1004,0.1184,0.1171
S,E7000,KWH_LT1000,KWH,X_TAX,PPS,AL,,,,,,,,,0.2193,0.2193,0.2155,0.2155,0.2148,0.2148,0.2182,0.2182,0.1536,0.1631,0.1639,0.1637,0.1537,0.1537,,0.1529,0.1543,0.1543,0.1494,0.1494,0.1476,0.1476,0.1482,0.1482,0.1491,0.1493,0.151,0.1519,0.1368,0.1529
S,E7000,KWH_LT1000,KWH,X_TAX,PPS,AT,,0.1715,0.166,0.166,0.167,0.167,0.1584,0.1607,0.1856,0.1851,0.1883,0.186,0.1915,0.1864,0.188,0.1866,0.1868,0.188,0.1958,0.1966,0.1891,0.1826,0.1868,0.1862,0.1987,0.2027,0.2111,0.2078,0.2187,0.2286,0.213,0.2881,0.3581,0.3784,0.3694,0.3313,0.322,0.3291
S,E7000,KWH_LT1000,KWH,X_TAX,PPS,BA,,,,,,,,,,,0.3842,0.3462,0.3988,0.3727,0.4021,0.3682,0.4327,0.358,0.3853,0.3682,0.3723,0.3379,0.3677,0.3134,0.3444,0.3076,0.3511,0.3418,0.353,0.3031,0.3438,0.3195,0.3735,0.3051,0.452,0.3707,0.3927,0.3579
S,E7000,KWH_LT1000,KWH,X_TAX,PPS,BE,,0.1714,0.1926,0.2512,0.1774,0.187,0.2021,0.1962,0.2076,0.2059,0.2031,0.2157,0.1942,0.1977,0.197,0.2021,0.2069,0.222,0.2328,0.2641,0.2582,0.2466,0.267,0.2709,0.3023,0.3264,0.2823,0.3117,0.2761,0.2586,0.3431,0.4311,0.3839,0.3526,0.2936,0.323,0.3504,0.3615
S,E7000,KWH_LT1000,KWH,X_TAX,PPS,BG,,0.1543,0.1447,0.1603,0.1578,0.1532,0.1545,0.1581,0.1478,0.15,0.1518,0.1697,0.1674,0.1543,0.1504,0.1616,0.1712,0.176,0.1768,0.1739,0.1617,0.1651,0.162,0.1647,0.1589,0.1594,0.1599,0.1615,0.1642,0.1691,0.1702,0.1745,0.1602,0.1659,0.1664,0.1702,0.1803,0.1852
S,E7000,KWH_LT1000,KWH,X_TAX,PPS,CY,,0.1645,0.1883,0.1953,0.1341,0.1545,0.2056,0.2101,0.2167,0.2442,0.2948,0.2911,0.285,0.25,0.2444,0.2407,0.2053,0.1822,0.1604,0.1698,0.192,0.2137,0.2621,0.2856,0.2744,0.2643,0.2897,0.261,0.2811,0.3155,0.2793,0.4987,0.4567,0.4984,0.4881,0.6024,0.525,0.6922
S,E7000,KWH_LT1000,KWH,X_TAX,PPS,CZ,0.2898,0.2898,0.2876,0.2876,0.309,0.309,0.3046,0.3046,0.3277,0.3277,0.3441,0.3441,0.3534,0.3534,0.3348,0.3348,0.3372,0.3372,0.3435,0.3465,0.3277,0.3277,0.331,0.3431,0.3362,0.3373,0.3411,0.3458,0.3322,0.3508,0.4124,0.4491,0.5412,0.545,0.557,0.5583,0.5722,0.563
S,E7000,KWH_LT1000,KWH,X_TAX,PPS,DE,0.216,0.2259,0.2261,0.2318,0.2322,0.2243,0.2344,0.2369,0.2384,0.2371,0.2435,0.2464,0.2469,0.2476,0.246,0.2472,0.2506,0.2502,0.2577,0.2558,0.2554,0.2544,0.261,0.2614,0.2756,0.2472,0.258,0.2387,0.2466,0.2567,0.2833,0.3449,0.3844,0.3874,0.3853,0.3933,0.3821,0.3891
S,E7000,KWH_LT1000,KWH,X_TAX,PPS,DK,,0.0915,0.0983,0.1083,0.0965,0.0855,0.094,0.0981,0.105,0.1069,0.1018,0.0967,0.0959,0.0914,0.0939,0.0914,0.1116,0.1076,0.105,0.1099,0.1126,0.1107,0.1179,0.1261,0.1225,0.1235,0.1169,0.1141,0.1195,0.1555,0.2217,0.3123,0.2748,0.1834,0.1923,0.1939,0.1895,0.1777
S,E7000,KWH_LT1000,KWH,X_TAX,PPS,EA,,0.2053,0.2085,0.2144,0.212,0.214,0.2186,0.2181,0.2223,0.2242,0.2233,0.2313,0.2371,0.2394,0.2461,0.2478,0.2565,0.2547,0.2511,0.2525,0.2653,0.2555,0.2792,0.2897,0.2808,0.2674,0.2887,0.2839,0.2852,0.2943,0.3624,0.4044,0.4123,0.3975,0.4031,0.3977,0.3903,0.3873
S,E7000,KWH_LT1000,KWH,X_TAX,PPS,EE,,0.0988,0.0928,0.0969,0.1045,0.1026,0.1052,0.1081,0.1055,0.113,0.1139,0.1153,0.1447,0.1428,0.1339,0.137,0.1323,0.134,0.1311,0.1341,0.1207,0.1275,0.144,0.1498,0.1503,0.1491,0.1438,0.1515,0.1614,0.1999,0.2337,0.2845,0.2585,0.2689,0.2695,0.2587,0.284,0.2774
S,E7000,KWH_LT1000,KWH,X_TAX,PPS,EL,,0.1226,0.1246,0.1075,0.1034,0.1082,0.112,0.1094,0.1462,0.131,0.1664,0.1379,0.194,0.1682,0.2066,0.1841,0.2423,0.204,0.2477,0.1793,0.2021,0.172,0.2053,0.1836,0.2078,0.194,0.2048,0.2082,0.2404,0.24,0.4005,0.6434,0.3698,0.4009,0.53,0.471,0.6289,0.5103
S,E7000,KWH_LT1000,KWH,X_TAX,PPS,ES,,0.27,0.2663,0.2844,0.2693,0.2768,0.3377,0.3113,0.3098,0.3263,0.3044,0.3237,0.3242,0.3513,0.4184,0.41,0.4459,0.465,0.4632,0.4435,0.4908,0.4876,0.5021,0.4812,0.3857,0.3232,0.3777,0.3649,0.3637,0.323,0.527,0.5232,0.4725,0.4087,0.4274,0.4204,0.4044,0.43
S,E7000,KWH_LT1000,KWH,X_TAX,PPS,EU27_2020,,,,,,,,,,,,,,,,,,,,,0.2551,0.2473,0.2672,0.2763,0.2695,0.2581,0.2713,0.2685,0.2706,0.2855,0.341,0.3844,0.3818,0.3645,0.3794,0.3754,0.3663,0.3685
S,E7000,KWH_LT1000,KWH,X_TAX,PPS,FI,,0.1377,0.1424,0.1507,0.1585,0.1609,0.1647,0.1687,0.1744,0.1791,0.1779,0.1825,0.179,0.181,0.1771,0.1785,0.1789,0.1778,0.1856,0.1915,0.1994,0.2033,0.2033,0.2159,0.2204,0.2208,0.2154,0.2207,0.2172,0.224,0.231,0.2757,0.2784,0.2502,0.1993,0.1898,0.2244,0.2306
S,E7000,KWH_LT1000,KWH,X_TAX,PPS,FR,,0.168,0.1643,0.1622,0.1505,0.1648,0.1592,0.1678,0.1763,0.1789,0.1735,0.1878,0.2017,0.1983,0.1919,0.2022,0.2083,0.2063,0.1996,0.2116,0.1991,0.1885,0.2434,0.2807,0.2296,0.2551,0.2739,0.2983,0.265,0.2909,0.3156,0.3152,0.3301,0.3896,0.3671,0.3793,0.3104,0.3232
S,E7000,KWH_LT1000,KWH,X_TAX,PPS,HR,0.1902,0.2303,0.2365,0.2508,0.246,0.2148,0.2186,0.2118,0.218,0.2331,0.2793,0.2864,0.2993,0.2713,0.281,0.2573,0.2647,0.2512,0.2815,0.2578,0.2699,0.2556,0.2719,0.2613,0.2726,0.2526,0.2641,0.2733,0.2566,0.2476,0.2989,0.2926,0.3064,0.2871,0.2807,0.2506,0.2923,0.3002
S,E7000,KWH_LT1000,KWH,X_TAX,PPS,HU,,0.176,0.2041,0.1976,0.2027,0.2344,0.259,0.2399,0.2443,0.2437,0.2271,0.2287,0.2073,0.2009,0.1894,0.1856,0.1773,0.1813,0.1769,0.179,0.1566,0.1593,0.1423,0.1436,0.1375,0.1395,0.1289,0.1321,0.118,0.1252,0.1118,0.1024,0.1024,0.0983,0.112,0.1076,0.103,0.1049
S,E7000,KWH_LT1000,KWH,X_TAX,PPS,IE,,0.3413,0.3218,0.3529,0.3217,0.3092,0.3219,0.3353,0.2855,0.3604,0.4052,0.4351,0.4367,0.4549,0.4386,0.4421,0.4408,0.314,0.2824,0.2985,0.2588,0.2568,0.2288,0.2405,0.2413,0.273,0.2257,0.2609,0.2936,0.269,0.3232,0.4411,0.4539,0.4473,0.3412,0.4251,0.2834,0.2902
S,E7000,KWH_LT1000,KWH,X_TAX,PPS,IS,,,,,,,,,,,0.1448,0.1467,0.2199,0.2216,0.216,0.214,0.2125,0.2141,0.2106,0.2099,0.1958,0.196,0.1837,0.1846,0.1798,0.1795,0.1687,0.1706,0.1746,0.1738,0.178,0.1841,0.1958,0.2015,0.2116,0.2295,0.2332,
S,E7000,KWH_LT1000,KWH,X_TAX,PPS,IT,,,,,,,,0.2136,0.2071,0.1933,0.1879,0.1908,0.1984,0.1976,0.2077,0.2047,0.2067,0.199,0.2212,0.2212,0.256,0.2207,0.2154,0.2375,0.351,0.294,0.3522,0.2896,0.3599,0.3388,0.5054,0.5292,0.5526,0.4092,0.4606,0.411,0.4985,0.4267
S,E7000,KWH_LT1000,KWH,X_TAX,PPS,LT,,0.1413,0.1241,0.1242,0.1371,0.1313,0.1695,0.1764,0.175,0.1862,0.1802,0.1798,0.1472,0.149,0.1505,0.1488,0.1459,0.1475,0.1462,0.1409,0.1244,0.1235,0.1202,0.1202,0.1474,0.1462,0.1719,0.1468,0.1599,0.1914,0.1993,0.3443,0.3546,0.2927,0.2746,0.2591,0.2536,0.2576
S,E7000,KWH_LT1000,KWH,X_TAX,PPS,LU,0.2375,0.1902,0.1868,0.1886,0.1965,0.1999,0.1759,0.1773,0.1872,0.1848,0.1879,0.1828,0.1757,0.1647,0.169,0.169,0.1606,0.1596,0.1623,0.1618,0.1741,0.1761,0.1948,0.2032,0.2272,0.2265,0.2252,0.2284,0.2129,0.2152,0.2328,0.2308,0.3702,0.3403,0.3593,0.3513,0.347,0.347
S,E7000,KWH_LT1000,KWH,X_TAX,PPS,LV,,0.1042,0.1125,0.1338,0.1405,0.1405,0.1459,0.1459,0.1433,0.1437,0.1408,0.1158,0.1138,0.1002,0.1012,0.1016,0.1419,0.1621,0.1601,0.1934,0.1845,0.1845,0.1897,0.1728,0.1848,0.1997,0.1978,0.1948,0.197,0.2307,0.2823,0.3599,0.3883,0.5534,0.4775,0.4811,0.4659,0.47
S,E7000,KWH_LT1000,KWH,X_TAX,PPS,ME,,,,,,,,,0.1817,0.1756,0.1951,0.295,0.3404,0.3201,0.3472,0.3151,0.349,0.33,0.3428,0.3193,0.2597,0.2425,0.2556,0.2407,0.2606,0.2478,0.2572,0.2457,0.2518,0.225,0.2372,0.2247,0.2247,0.211,0.2206,0.213,0.2278,0.2173
S,E7000,KWH_LT1000,KWH,X_TAX,PPS,MK,,,,,,,,,,,,0.0909,0.0939,0.0986,0.101,0.0999,0.1742,0.1751,0.1703,0.1698,0.1568,0.1565,0.149,0.1492,0.1487,0.1492,0.1472,0.1555,0.1577,0.171,0.1906,0.2121,0.2008,0.2082,0.3865,0.357,0.419,0.3602
S,E7000,KWH_LT1000,KWH,X_TAX,PPS,MT,,,0.0619,0.1687,0.3252,0.2977,0.5521,0.5419,0.5388,0.5438,0.5447,0.5434,0.5208,0.5214,0.4612,0.4371,0.4439,0.4399,0.4182,0.432,0.4617,0.4233,0.4049,0.4083,0.4007,0.404,0.4007,0.396,0.3987,0.4097,0.4072,0.4268,0.3666,0.3825,0.365,0.3711,0.343,0.3267
S,E7000,KWH_LT1000,KWH,X_TAX,PPS,NL,0.2294,0.2299,0.2264,0.231,0.3104,0.3095,0.2876,0.2925,0.3077,0.3074,0.326,0.3421,0.3413,0.3547,0.3407,0.345,0.3321,0.3327,0.329,0.3278,0.3275,0.3284,0.3527,0.3579,0.3415,0.3441,0.359,0.3618,0.3716,0.3847,0.4486,0.5427,0.7114,0.5528,0.6616,0.6289,0.6633,0.6692
S,E7000,KWH_LT1000,KWH,X_TAX,PPS,NO,,0.2032,0.2137,0.2239,0.2124,0.2095,0.2387,0.2326,0.2397,0.2267,0.2261,0.2184,0.2193,0.2206,0.2082,0.2105,0.2124,0.2063,0.2061,0.2089,0.2015,0.2016,0.2178,0.227,0.2259,0.2229,0.1991,0.1976,0.2256,0.2656,0.2758,0.3697,0.3112,0.334,0.3332,0.3549,0.3588,0.3512
S,E7000,KWH_LT1000,KWH,X_TAX,PPS,PL,,0.1886,0.2012,0.2035,0.2061,0.2124,0.2295,0.2363,0.2424,0.2483,0.2489,0.2531,0.2563,0.2506,0.2504,0.2444,0.247,0.2473,0.2321,0.2428,0.2148,0.216,0.1853,0.1994,0.2012,0.2014,0.2096,0.2295,0.2275,0.2188,0.2126,0.2383,0.2256,0.2253,0.162,0.2553,0.2613,0.2891
S,E7000,KWH_LT1000,KWH,X_TAX,PPS,PT,,0.1856,0.3229,0.3261,0.3409,0.3411,0.2736,0.2541,0.2329,0.2371,0.2817,0.2504,0.216,0.2316,0.2851,0.2818,0.2342,0.2396,0.2403,0.2481,0.2064,0.2061,0.1864,0.1857,0.2326,0.2387,0.2379,0.2367,0.2557,0.2646,0.3831,0.5361,0.4156,0.4571,0.3517,0.3615,0.3734,0.3647
S,E7000,KWH_LT1000,KWH,X_TAX,PPS,RO,,0.1635,0.1607,0.1655,0.1644,0.1618,0.1717,0.1705,0.1681,0.1706,0.1701,0.1637,0.1832,0.1866,0.1842,0.1836,0.1904,0.1957,0.1955,0.1892,0.1702,0.186,0.1865,0.181,0.1823,0.1938,0.1988,0.1997,0.2184,0.2247,0.3023,0.5052,0.2133,0.2132,0.2085,0.2042,0.2042,0.3901
S,E7000,KWH_LT1000,KWH,X_TAX,PPS,RS,,,,,,,,,,,,,0.352,0.3352,0.2775,0.3544,0.2571,0.3763,0.4222,0.381,0.3912,0.3586,0.3882,0.3519,0.3842,0.3418,0.3912,0.3585,0.3963,0.3854,0.4376,0.394,0.4452,0.4015,0.4045,0.3719,0.2293,0.3976
S,E7000,KWH_LT1000,KWH,X_TAX,PPS,SE,0.1595,0.1736,0.1688,0.1861,0.1645,0.1696,0.2062,0.1867,0.1983,0.1878,0.1922,0.1887,0.1946,0.1868,0.1915,0.1986,0.2226,0.192,0.224,0.2115,0.2339,0.2303,0.2673,0.2659,0.2742,0.2618,0.1981,0.1956,0.2225,0.2634,0.287,0.3355,0.2769,0.2331,0.2681,0.2741,0.3051,0.2988
S,E7000,KWH_LT1000,KWH,X_TAX,PPS,SI,,0.2137,0.1803,0.1876,0.225,0.2376,0.2094,0.2072,0.1889,0.1963,0.2017,0.2069,0.196,0.1996,0.2002,0.1738,0.1466,0.1448,0.1487,0.149,0.186,0.1816,0.2238,0.2082,0.222,0.2054,0.1751,0.2099,0.2292,0.2096,0.1755,0.2563,0.2945,0.2569,0.3477,0.2969,0.3063,0.2834
S,E7000,KWH_LT1000,KWH,X_TAX,PPS,SK,,0.2767,0.2985,0.3046,0.2905,0.2887,0.2823,0.2988,0.2769,0.2943,0.3084,0.3165,0.3307,0.3163,0.294,0.3012,0.3012,0.3121,0.2696,0.3219,0.2175,0.2121,0.2197,0.2091,0.2258,0.2185,0.2262,0.2363,0.2251,0.2235,0.2484,0.2672,0.2836,0.2682,0.2406,0.2521,0.2491,0.2651
S,E7000,KWH_LT1000,KWH,X_TAX,PPS,TR,,0.1159,0.1295,0.1638,0.1614,0.1678,0.175,0.1749,0.1641,0.1718,0.1789,0.1955,0.1924,0.1923,0.1787,0.1877,0.1953,0.1984,0.2001,0.1999,0.165,0.1649,0.1517,0.1842,0.154,0.1899,0.1749,0.179,0.1956,0.1763,0.2681,0.2004,0.2055,0.1857,0.1232,0.1616,0.1163,0.1325
S,E7000,KWH_LT1000,KWH,X_TAX,PPS,UK,,0.1404,0.1416,0.1572,0.1537,0.1689,0.1345,0.14,0.1359,0.1551,0.156,0.1682,0.1779,0.1948,0.2005,0.2012,0.1686,0.1725,0.169,0.2073,0.1721,0.1761,0.1696,0.1789,0.1789,0.2,0.1779,,,,,,,,,,,
S,E7000,KWH_LT1000,KWH,X_VAT,EUR,AL,,,,,,,,,0.096,0.0964,0.0969,0.0973,0.0963,0.0962,0.0963,0.0967,0.0676,0.0683,0.0687,0.0695,0.0703,0.0713,,0.0759,0.0767,0.0778,0.0768,0.0767,0.0771,0.0781,0.0784,0.0813,0.0842,0.0907,0.0929,0.0958,0.0862,0.0979
S,E7000,KWH_LT1000,KWH,X_VAT,EUR,AT,,0.2228,0.2208,0.2208,0.2272,0.2272,0.2115,0.2141,0.2455,0.2431,0.2482,0.249,0.2651,0.2594,0.2646,0.263,0.2958,0.2939,0.3079,0.3071,0.3083,0.3108,0.3043,0.2978,0.3164,0.3206,0.3395,0.3365,0.3656,0.3787,0.313,0.3033,0.3428,0.3525,0.3332,0.2979,0.3556,0.4222
S,E7000,KWH_LT1000,KWH,X_VAT,EUR,BA,,,,,,,,,,,0.1849,0.1667,0.194,0.1813,0.1939,0.1776,0.2091,0.1687,0.1821,0.1742,0.1901,0.1727,0.1886,0.161,0.1786,0.16,0.182,0.1776,0.1835,0.1604,0.1813,0.1688,0.2037,0.1693,0.2471,0.2039,0.2322,0.2123
S,E7000,KWH_LT1000,KWH,X_VAT,EUR,BE,,0.202,0.2302,0.297,0.2172,0.2297,0.2421,0.2356,0.2507,0.2457,0.2413,0.2564,0.2384,0.2415,0.2374,0.2427,0.2491,0.266,0.3398,0.4174,0.4122,0.4284,0.357,0.3617,0.3933,0.4156,0.3646,0.3976,0.3608,0.3387,0.4291,0.5241,0.4907,0.4918,0.42,0.4488,0.4725,0.486
S,E7000,KWH_LT1000,KWH,X_VAT,EUR,BG,,0.0619,0.0619,0.0685,0.0706,0.0685,0.0685,0.0701,0.0699,0.071,0.0714,0.0798,0.0796,0.0734,0.0709,0.0762,0.0807,0.0813,0.0815,0.0806,0.0814,0.0831,0.0833,0.0847,0.0845,0.0848,0.0862,0.087,0.0885,0.0933,0.0939,0.0967,0.0966,0.1,0.1004,0.1028,0.1106,0.1136
S,E7000,KWH_LT1000,KWH,X_VAT,EUR,CY,,0.1458,0.1673,0.1735,0.1214,0.1395,0.1846,0.1939,0.2051,0.2316,0.2745,0.2724,0.2618,0.2313,0.223,0.2205,0.1905,0.1783,0.1553,0.1635,0.19,0.2041,0.2516,0.2671,0.2817,0.2716,0.299,0.2712,0.3046,0.3545,0.3304,0.4732,0.5174,0.5617,0.5247,0.6595,0.5771,0.7553
S,E7000,KWH_LT1000,KWH,X_VAT,EUR,CZ,0.1769,0.1819,0.2095,0.2136,0.2115,0.2228,0.2176,0.2253,0.2403,0.2356,0.2431,0.2436,0.2417,0.2365,0.2139,0.2125,0.2131,0.2165,0.2208,0.2209,0.2226,0.2304,0.238,0.2439,0.2648,0.2658,0.268,0.2691,0.2665,0.2897,0.3529,-0.1435,0.454,0.4487,0.4743,0.4778,0.496,0.5069
S,E7000,KWH_LT1000,KWH,X_VAT,EUR,DE,0.2715,0.2807,0.287,0.2928,0.3011,0.2998,0.3079,0.313,0.3223,0.3219,0.3292,0.3385,0.3577,0.3586,0.3638,0.3644,0.3669,0.3662,0.3828,0.3796,0.3985,0.3976,0.3976,0.3998,0.4189,0.384,0.4001,0.381,0.387,0.3997,0.4029,0.434,0.4825,0.4857,0.4877,0.4947,0.4921,0.4999
S,E7000,KWH_LT1000,KWH,X_VAT,EUR,DK,,0.214,0.2336,0.2456,0.2393,0.2278,0.2379,0.2408,0.2572,0.2627,0.2647,0.2622,0.2643,0.2573,0.266,0.2651,0.3092,0.307,0.3075,0.3088,0.3014,0.2975,0.307,0.3148,0.293,0.2937,0.2871,0.2868,0.2875,0.3339,0.422,0.5235,0.3707,0.3436,0.36,0.3645,0.3444,0.3287
S,E7000,KWH_LT1000,KWH,X_VAT,EUR,EA,0.2715,0.2311,0.2398,0.2461,0.2432,0.2475,0.2559,0.2566,0.262,0.2655,0.2617,0.272,0.2853,0.2882,0.2989,0.3008,0.3098,0.3081,0.3139,0.3168,0.3274,0.3165,0.3352,0.3542,0.3785,0.3603,0.3794,0.3709,0.3687,0.3707,0.3642,0.3789,0.4126,0.4206,0.4352,0.4329,0.4353,0.4382
S,E7000,KWH_LT1000,KWH,X_VAT,EUR,EE,,0.0684,0.071,0.0739,0.0801,0.0789,0.0829,0.0858,0.084,0.0891,0.0952,0.096,0.1187,0.1173,0.1122,0.1145,0.1123,0.1102,0.1096,0.1133,0.1089,0.1142,0.1281,0.1327,0.137,0.1361,0.13,0.1339,0.1418,0.176,0.2037,0.2455,0.2424,0.2536,0.2542,0.2495,0.2697,0.2641
S,E7000,KWH_LT1000,KWH,X_VAT,EUR,EL,,0.1086,0.1121,0.0965,0.0959,0.1009,0.1073,0.1064,0.1398,0.126,0.1609,0.1401,0.1833,0.1735,0.2037,0.1879,0.2327,0.1993,0.2339,0.1812,0.2036,0.189,0.204,0.186,0.1992,0.1871,0.1965,0.1991,0.2261,0.2247,0.2485,0.307,0.3382,0.357,0.4497,0.405,0.536,0.4442
S,E7000,KWH_LT1000,KWH,X_VAT,EUR,ES,,0.2548,0.258,0.2756,0.267,0.2745,0.3336,0.3075,0.3038,0.3199,0.2896,0.3079,0.307,0.3326,0.3934,0.3854,0.4192,0.4375,0.431,0.4168,0.474,0.4708,0.4919,0.4714,0.543,0.4634,0.5536,0.5135,0.4866,0.4627,0.5414,0.5334,0.4745,0.4098,0.4451,0.4342,0.4297,0.4547
S,E7000,KWH_LT1000,KWH,X_VAT,EUR,EU27_2020,0.2493,0.2168,0.2271,0.233,0.227,0.2322,0.2435,0.2434,0.2497,0.2509,0.2491,0.2585,0.27,0.2703,0.278,0.2792,0.2866,0.2852,0.2905,0.2928,0.3051,0.2963,0.3134,0.3283,0.3481,0.3326,0.3427,0.3369,0.3377,0.3499,0.3422,0.3473,0.3819,0.3833,0.4079,0.4061,0.4044,0.4108
S,E7000,KWH_LT1000,KWH,X_VAT,EUR,FI,,0.1671,0.1762,0.1858,0.1991,0.2021,0.2053,0.2102,0.2268,0.2325,0.2317,0.2374,0.2378,0.2404,0.2393,0.2411,0.2451,0.2432,0.2493,0.2545,0.2703,0.2751,0.2779,0.2937,0.2994,0.304,0.2949,0.3016,0.2971,0.3011,0.3106,0.3671,0.3677,0.3328,0.2619,0.2504,0.2919,0.2995
S,E7000,KWH_LT1000,KWH,X_VAT,EUR,FR,,0.206,0.2067,0.204,0.1922,0.2107,0.202,0.2131,0.2169,0.2211,0.2158,0.2335,0.254,0.2513,0.2405,0.2527,0.2567,0.2554,0.2527,0.2643,0.2876,0.2683,0.3144,0.3854,0.3124,0.3421,0.3674,0.3986,0.3564,0.3841,0.3916,0.3848,0.3911,0.4608,0.4491,0.4721,0.4005,0.4158
S,E7000,KWH_LT1000,KWH,X_VAT,EUR,GE,,,,,,,,,,,,,,,,,,,,,,,0.0503,0.0483,0.0486,0.0394,0.043,0.0357,0.043,0.0443,,0.0632,0.0649,0.059,0.0445,0.0445,0.0483,0.0469
S,E7000,KWH_LT1000,KWH,X_VAT,EUR,HR,0.1223,0.1503,0.1609,0.1727,0.172,0.1521,0.1548,0.1492,0.1482,0.1567,0.1793,0.1848,0.1909,0.174,0.1829,0.1674,0.1725,0.1637,0.1813,0.1672,0.1801,0.174,0.1926,0.1857,0.1931,0.1801,0.1843,0.19,0.1791,0.1758,0.2083,0.2046,0.2179,0.2073,0.2079,0.1919,0.2217,0.2274
S,E7000,KWH_LT1000,KWH,X_VAT,EUR,HU,,0.1252,0.1347,0.1324,0.1178,0.1455,0.1579,0.1424,0.151,0.1444,0.1343,0.1411,0.1248,0.1188,0.1078,0.1045,0.1008,0.1015,0.0994,0.101,0.1003,0.1021,0.0931,0.0912,0.0915,0.0902,0.0831,0.0824,0.077,0.0814,0.0753,0.0636,0.068,0.065,0.0782,0.0718,0.0714,0.0751
S,E7000,KWH_LT1000,KWH,X_VAT,EUR,IE,,0.4031,0.3919,0.4298,0.3815,0.3667,0.3555,0.3864,0.3755,0.4664,0.4816,0.5199,0.5353,0.5652,0.5705,0.5859,0.6141,0.4238,0.3605,0.3905,0.3658,0.3679,0.3385,0.3421,0.3201,0.3627,0.2958,0.3552,0.4194,0.3715,0.1991,0.2784,0.1221,0.3539,0.1591,0.3415,0.2774,0.3567
S,E7000,KWH_LT1000,KWH,X_VAT,EUR,IS,,,,,,,,,,,0.1606,0.1674,0.2479,0.2514,0.2584,0.2584,0.2663,0.2789,0.2819,0.3135,0.3264,0.309,0.3058,0.2887,0.2768,0.2753,0.2565,0.2398,0.2601,0.2661,0.2872,0.2932,0.2872,0.3078,0.3199,0.3441,0.3698,
S,E7000,KWH_LT1000,KWH,X_VAT,EUR,IT,,,0.251,0.25,0.2669,0.2517,0.2577,0.251,0.241,0.2319,0.2337,0.2409,0.2532,0.2508,0.2665,0.2646,0.2686,0.2656,0.2847,0.2839,0.3172,0.2807,0.2777,0.2964,0.5043,0.4245,0.4952,0.4205,0.5111,0.4006,0.5022,0.5254,0.5697,0.4881,0.5477,0.496,0.5871,0.509
S,E7000,KWH_LT1000,KWH,X_VAT,EUR,LI,,,,,,,,,,,,,,,0.1426,0.1442,0.1715,0.168,0.1601,0.1618,0.1667,0.1565,0.2953,0.305,0.3071,0.3156,0.3694,0.3525,0.3327,0.3357,0.3438,0.3572,0.5438,0.4818,0.4431,0.4322,0.4948,0.501
S,E7000,KWH_LT1000,KWH,X_VAT,EUR,LT,,0.0813,0.0781,0.0782,0.085,0.0814,0.1002,0.1043,0.1057,0.1124,0.1087,0.1084,0.1174,0.1185,0.113,0.1119,0.1064,0.1054,0.1042,0.0989,0.094,0.0934,0.0927,0.0927,0.1077,0.1074,0.1236,0.1124,0.1202,0.1432,0.1415,0.2377,0.2586,0.2122,0.2123,0.2025,0.1981,0.2013
S,E7000,KWH_LT1000,KWH,X_VAT,EUR,LU,0.2786,0.2281,0.2281,0.2322,0.2532,0.2532,0.2315,0.2342,0.2351,0.2323,0.2351,0.2291,0.2254,0.2121,0.2224,0.2224,0.222,0.222,0.2156,0.2156,0.2479,0.2504,0.2697,0.2802,0.3205,0.3196,0.3286,0.3328,0.3127,0.3118,0.3165,0.3185,0.3668,0.3515,0.3607,0.3491,0.4213,0.4213
S,E7000,KWH_LT1000,KWH,X_VAT,EUR,LV,,0.0695,0.0813,0.0956,0.0957,0.0959,0.0954,0.0953,0.0957,0.0962,0.0968,0.0975,0.0965,0.0962,0.0962,0.0965,0.1241,0.1361,0.1334,0.1549,0.157,0.157,0.1876,0.1579,0.1699,0.1895,0.188,0.1855,0.1817,0.2104,0.1679,0.2843,0.3106,0.3606,0.3102,0.2969,0.3604,0.3635
S,E7000,KWH_LT1000,KWH,X_VAT,EUR,MD,,,,,,,,,,,,,,,,,0.0794,0.0861,0.094,0.0888,0.0942,0.0972,0.0993,0.0932,0.0912,0.0967,0.0995,0.0896,0.0762,0.0768,0.0929,0.1663,0.1726,0.1361,0.1265,0.1247,0.2023,0.1904
S,E7000,KWH_LT1000,KWH,X_VAT,EUR,ME,,,,,,,,,0.0892,0.0862,0.1074,0.1519,0.1835,0.1698,0.1914,0.17,0.1881,0.1711,0.174,0.1575,0.151,0.1393,0.1516,0.1407,0.1516,0.1387,0.146,0.1396,0.1408,0.1264,0.1343,0.1222,0.133,0.123,0.1322,0.125,0.1329,0.1251
S,E7000,KWH_LT1000,KWH,X_VAT,EUR,MK,,,,,,,,,,,,0.0671,0.0708,0.0689,0.0688,0.0708,0.0712,0.0715,0.0702,0.0709,0.0703,0.0702,0.068,0.0681,0.0678,0.068,0.0676,0.0714,0.0725,0.0813,0.0905,0.0988,0.096,0.0989,0.1873,0.1811,0.2122,0.1824
S,E7000,KWH_LT1000,KWH,X_VAT,EUR,MT,,,0.0444,0.121,0.2365,0.2165,0.4033,0.3958,0.4074,0.4112,0.4176,0.4166,0.4062,0.4066,0.3697,0.3504,0.356,0.3528,0.3354,0.3467,0.3854,0.3535,0.3502,0.3531,0.3455,0.3483,0.3529,0.3488,0.3512,0.3633,0.3571,0.3796,0.3303,0.3445,0.3329,0.3384,0.3135,0.2987
S,E7000,KWH_LT1000,KWH,X_VAT,EUR,NL,,,,,,,,,,,,,,,,,,,,,-0.072,-0.076,-0.014,-0.039,0.081,0.093,-0.1707,-0.2048,-0.2033,-0.2014,-0.7651,-0.7621,-0.1934,-0.1933,-0.0381,-0.0967,0.0638,0.1035
S,E7000,KWH_LT1000,KWH,X_VAT,EUR,NO,,0.2914,0.3144,0.3076,0.2965,0.3039,0.3659,0.357,0.3791,0.3622,0.3654,0.3627,0.3709,0.3469,0.33,0.3272,0.3233,0.2957,0.2983,0.3132,0.3253,0.3153,0.3394,0.3526,0.3544,0.3415,0.2964,0.2949,0.3527,0.3963,0.3633,0.4323,0.3641,0.3938,0.4175,0.4377,0.4475,0.4289
S,E7000,KWH_LT1000,KWH,X_VAT,EUR,PL,,0.1225,0.144,0.1424,0.1186,0.1305,0.1417,0.1464,0.1536,0.145,0.1461,0.1529,0.1528,0.1481,0.15,0.1459,0.1492,0.1455,0.1302,0.1362,0.1529,0.155,0.1401,0.1464,0.1447,0.1493,0.1598,0.1712,0.1811,0.1864,0.2,0.2166,0.2175,0.2155,0.1819,0.2515,0.2592,0.3023
S,E7000,KWH_LT1000,KWH,X_VAT,EUR,PT,,0.1801,0.3203,0.3255,0.3154,0.3104,0.3218,0.3183,0.3149,0.3265,0.3189,0.272,0.2646,0.2857,0.3247,0.3207,0.3155,0.3231,0.3105,0.3218,0.3157,0.3154,0.3315,0.3302,0.3058,0.3156,0.3218,0.3255,0.3417,0.3651,0.363,0.3617,0.3398,0.3138,0.3449,0.4108,0.4401,0.426
S,E7000,KWH_LT1000,KWH,X_VAT,EUR,RO,,0.0912,0.0895,0.0915,0.0818,0.0803,0.0863,0.0832,0.0848,0.0837,0.0823,0.0887,0.1094,0.1062,0.1076,0.1049,0.1101,0.1099,0.1087,0.1054,0.1018,0.1087,0.1119,0.1099,0.1127,0.1197,0.1236,0.1229,0.1315,0.1369,0.1892,0.3019,0.135,0.1351,0.1371,0.1339,0.1377,0.2457
S,E7000,KWH_LT1000,KWH,X_VAT,EUR,RS,,,,,,,,,,,,,0.1734,0.1619,0.1372,0.1704,0.1217,0.1791,0.2017,0.1805,0.2032,0.1926,0.214,0.1943,0.2155,0.1929,0.2247,0.2056,0.2327,0.2303,0.2606,0.2378,0.2827,0.2601,0.2741,0.2511,0.1584,0.2691
S,E7000,KWH_LT1000,KWH,X_VAT,EUR,SE,0.2173,0.2325,0.2296,0.2375,0.2035,0.2195,0.2758,0.2657,0.2908,0.2712,0.2819,0.2889,0.2983,0.2801,0.2843,0.2848,0.3139,0.2755,0.3284,0.2913,0.3448,0.3374,0.3767,0.3673,0.3776,0.3572,0.2791,0.2851,0.3241,0.3761,0.3527,0.364,0.3637,0.3048,0.3577,0.3587,0.4094,0.404
S,E7000,KWH_LT1000,KWH,X_VAT,EUR,SI,,0.1907,0.1548,0.161,0.2213,0.2356,0.2175,0.2169,0.1917,0.1876,0.1843,0.189,0.1995,0.2091,0.2071,0.1745,0.1797,0.1822,0.1528,0.1527,0.2162,0.2078,0.2783,0.2517,0.2752,0.2476,0.1953,0.2489,0.2844,0.2515,0.1987,0.2716,0.3085,0.2569,0.3034,0.2583,0.2697,0.2745
S,E7000,KWH_LT1000,KWH,X_VAT,EUR,SK,,0.1875,0.1979,0.2146,0.1974,0.1962,0.1887,0.1997,0.1933,0.2052,0.2136,0.2192,0.2278,0.2181,0.1991,0.2039,0.2039,0.2097,0.1795,0.2124,0.2,0.1959,0.205,0.1975,0.213,0.2072,0.2152,0.2233,0.2145,0.2142,0.2265,0.2405,0.2605,0.2516,0.2204,0.2272,0.2314,0.2442
S,E7000,KWH_LT1000,KWH,X_VAT,EUR,TR,,0.0764,0.0846,0.1036,0.097,0.0999,0.1137,0.1164,0.1031,0.0968,0.1127,0.1257,0.1271,0.1117,0.1011,0.1117,0.1154,0.1039,0.1073,0.1022,0.0888,0.0812,0.0776,0.0728,0.0718,0.0886,0.0843,0.0696,0.0711,0.0673,0.071,0.0808,0.0707,0.0469,0.041,0.0504,0.052,0.0502
S,E7000,KWH_LT1000,KWH,X_VAT,EUR,UA,,,,,,,,,,,,,,,,,,,0.0207,0.0267,0.0328,0.0318,0.0259,0.0282,0.0283,0.0323,0.0287,0.0243,0.041,,,,,,,,,
S,E7000,KWH_LT1000,KWH,X_VAT,EUR,UK,,0.161,0.1523,0.1603,0.1499,0.1658,0.14,0.1498,0.1451,0.1658,0.1734,0.1924,0.1935,0.2126,0.2289,0.2383,0.2443,0.2543,0.2362,0.2624,0.2458,0.2574,0.259,0.2804,0.2897,0.3233,0.2895,,,,,,,,,,,
S,E7000,KWH_LT1000,KWH,X_VAT,EUR,XK,,,,,,,,,,,,,0.0693,0.0657,0.0692,0.1028,0.0788,0.1091,0.0808,0.1112,0.0871,0.0756,0.0859,0.0753,0.073,0.0714,0.0751,0.0751,0.0755,0.0723,0.0745,0.0724,0.0802,0.0837,0.1148,0.1035,0.1214,0.1201
S,E7000,KWH_LT1000,KWH,X_VAT,NAC,AL,,,,,,,,,13.5,13.5,13.5,13.5,13.5,13.5,13.5,13.5,9.5,9.5,9.5,9.5,9.5,9.5,,9.5,9.5,9.5,9.5,9.5,9.5,9.5,9.5,9.5,9.5,9.5,9.5,9.5,8.5,9.5
S,E7000,KWH_LT1000,KWH,X_VAT,NAC,AT,,0.2228,0.2208,0.2208,0.2272,0.2272,0.2115,0.2141,0.2455,0.2431,0.2482,0.249,0.2651,0.2594,0.2646,0.263,0.2958,0.2939,0.3079,0.3071,0.3083,0.3108,0.3043,0.2978,0.3164,0.3206,0.3395,0.3365,0.3656,0.3787,0.313,0.3033,0.3428,0.3525,0.3332,0.2979,0.3556,0.4222
S,E7000,KWH_LT1000,KWH,X_VAT,NAC,BA,,,,,,,,,,,0.3625,0.3267,0.3803,0.3554,0.3801,0.348,0.409,0.33,0.3561,0.3407,0.3718,0.3377,0.3688,0.3149,0.3494,0.313,0.3559,0.3473,0.3588,0.3137,0.3545,0.3302,0.3984,0.3312,0.4832,0.3988,0.4542,0.4152
S,E7000,KWH_LT1000,KWH,X_VAT,NAC,BE,,0.202,0.2302,0.297,0.2172,0.2297,0.2421,0.2356,0.2507,0.2457,0.2413,0.2564,0.2384,0.2415,0.2374,0.2427,0.2491,0.266,0.3398,0.4174,0.4122,0.4284,0.357,0.3617,0.3933,0.4156,0.3646,0.3976,0.3608,0.3387,0.4291,0.5241,0.4907,0.4918,0.42,0.4488,0.4725,0.486
S,E7000,KWH_LT1000,KWH,X_VAT,NAC,BG,,0.121,0.121,0.134,0.138,0.134,0.134,0.1371,0.1368,0.1389,0.1396,0.156,0.1557,0.1435,0.1387,0.149,0.1579,0.1591,0.1594,0.1576,0.1592,0.1626,0.1629,0.1656,0.1653,0.1658,0.1685,0.1702,0.173,0.1825,0.1837,0.1892,0.1889,0.1956,0.1964,0.201,0.2164,0.2222
S,E7000,KWH_LT1000,KWH,X_VAT,NAC,CY,,0.0852,0.1673,0.1735,0.1214,0.1395,0.1846,0.1939,0.2051,0.2316,0.2745,0.2724,0.2618,0.2313,0.223,0.2205,0.1905,0.1783,0.1553,0.1635,0.19,0.2041,0.2516,0.2671,0.2817,0.2716,0.299,0.2712,0.3046,0.3545,0.3304,0.4732,0.5174,0.5617,0.5247,0.6595,0.5771,0.7553
S,E7000,KWH_LT1000,KWH,X_VAT,NAC,CZ,4.98,4.98,5.28,5.28,5.74,5.74,5.6,5.6,5.85,5.85,6.12,6.12,6.21,6.21,5.87,5.87,5.86,5.86,5.97,5.97,5.96,5.96,6.07,6.29,6.8,6.82,7.06,7.15,6.89,7.37,8.6987,-3.5144,10.7525,10.914,11.8636,12.0499,12.4011,12.36
S,E7000,KWH_LT1000,KWH,X_VAT,NAC,DE,0.2715,0.2807,0.287,0.2928,0.3011,0.2998,0.3079,0.313,0.3223,0.3219,0.3292,0.3385,0.3577,0.3586,0.3638,0.3644,0.3669,0.3662,0.3828,0.3796,0.3985,0.3976,0.3976,0.3998,0.4189,0.384,0.4001,0.381,0.387,0.3997,0.4029,0.434,0.4825,0.4857,0.4877,0.4947,0.4921,0.4999
S,E7000,KWH_LT1000,KWH,X_VAT,NAC,DK,,1.5946,1.7416,1.8308,1.7823,1.6954,1.7703,1.7946,1.9178,1.9555,1.9677,1.9541,1.9713,1.9193,1.9848,1.9745,2.3054,2.2904,2.2905,2.2979,2.2414,2.2132,2.2866,2.348,2.187,2.1929,2.143,2.1349,2.1384,2.4833,3.1398,3.8941,2.7606,2.562,2.6846,2.7193,2.5695,2.4541
S,E7000,KWH_LT1000,KWH,X_VAT,NAC,EA,,0.2329,0.2422,0.2483,0.2451,0.2495,0.2578,0.2584,0.2638,0.2673,0.263,0.2733,0.2867,0.2895,0.3001,0.302,0.3101,0.3084,0.3161,0.3191,,,,,,,,,,,,,,,,,,
S,E7000,KWH_LT1000,KWH,X_VAT,NAC,EE,,1.07,1.111,1.156,1.254,1.235,1.297,1.343,0.084,0.0891,0.0952,0.096,0.1187,0.1173,0.1122,0.1145,0.1123,0.1102,0.1096,0.1133,0.1089,0.1142,0.1281,0.1327,0.137,0.1361,0.13,0.1339,0.1418,0.176,0.2037,0.2455,0.2424,0.2536,0.2542,0.2495,0.2697,0.2641
S,E7000,KWH_LT1000,KWH,X_VAT,NAC,EL,,0.1086,0.1121,0.0965,0.0959,0.1009,0.1073,0.1064,0.1398,0.126,0.1609,0.1401,0.1833,0.1735,0.2037,0.1879,0.2327,0.1993,0.2339,0.1812,0.2036,0.189,0.204,0.186,0.1992,0.1871,0.1965,0.1991,0.2261,0.2247,0.2485,0.307,0.3382,0.357,0.4497,0.405,0.536,0.4442
S,E7000,KWH_LT1000,KWH,X_VAT,NAC,ES,,0.2548,0.258,0.2756,0.267,0.2745,0.3336,0.3075,0.3038,0.3199,0.2896,0.3079,0.307,0.3326,0.3934,0.3854,0.4192,0.4375,0.431,0.4168,0.474,0.4708,0.4919,0.4714,0.543,0.4634,0.5536,0.5135,0.4866,0.4627,0.5414,0.5334,0.4745,0.4098,0.4451,0.4342,0.4297,0.4547
S,E7000,KWH_LT1000,KWH,X_VAT,NAC,FI,,0.1671,0.1762,0.1858,0.1991,0.2021,0.2053,0.2102,0.2268,0.2325,0.2317,0.2374,0.2378,0.2404,0.2393,0.2411,0.2451,0.2432,0.2493,0.2545,0.2703,0.2751,0.2779,0.2937,0.2994,0.304,0.2949,0.3016,0.2971,0.3011,0.3106,0.3671,0.3677,0.3328,0.2619,0.2504,0.2919,0.2995
S,E7000,KWH_LT1000,KWH,X_VAT,NAC,FR,,0.206,0.2067,0.204,0.1922,0.2107,0.202,0.2131,0.2169,0.2211,0.2158,0.2335,0.254,0.2513,0.2405,0.2527,0.2567,0.2554,0.2527,0.2643,0.2876,0.2683,0.3144,0.3854,0.3124,0.3421,0.3674,0.3986,0.3564,0.3841,0.3916,0.3848,0.3911,0.4608,0.4491,0.4721,0.4005,0.4158
S,E7000,KWH_LT1000,KWH,X_VAT,NAC,GE,,,,,,,,,,,,,,,,,,,,,,,0.1501,0.1447,0.1486,0.1281,0.1436,0.1341,0.1721,0.1607,,0.1781,0.1823,0.1697,0.1303,0.1319,0.1464,0.1482
S,E7000,KWH_LT1000,KWH,X_VAT,NAC,HR,0.9,1.1,1.17,1.24,1.27,1.11,1.125,1.091,1.096,1.172,1.3521,1.3865,1.4449,1.3204,1.3942,1.2796,1.3154,1.2443,1.3705,1.255,1.3415,1.3014,1.4286,1.3775,1.433,1.3355,1.3885,1.4333,1.3524,1.3195,1.5711,1.5417,0.2179,0.2073,0.2079,0.1919,0.2217,0.2274
S,E7000,KWH_LT1000,KWH,X_VAT,NAC,HU,,31.6,34.16,33.07,34.15,39.45,42.89,39.75,40.6743,41.7774,39.6875,39.9464,36.9483,35.3677,33.096,32.4433,30.9917,31.7166,31.0798,31.3371,31.0287,31.5503,29.2451,29.5135,29.326,29.7592,28.7109,29.4128,27.5461,29.2188,28.2634,25.9008,25.8894,24.866,30.4636,28.788,28.8773,29.3893
S,E7000,KWH_LT1000,KWH,X_VAT,NAC,IE,,0.4031,0.3919,0.4298,0.3815,0.3667,0.3555,0.3864,0.3755,0.4664,0.4816,0.5199,0.5353,0.5652,0.5705,0.5859,0.6141,0.4238,0.3605,0.3905,0.3658,0.3679,0.3385,0.3421,0.3201,0.3627,0.2958,0.3552,0.4194,0.3715,0.1991,0.2784,0.1221,0.3539,0.1591,0.3415,0.2774,0.3567
S,E7000,KWH_LT1000,KWH,X_VAT,NAC,IS,,,,,,,,,,,26.191,26.5298,40.37,40.69,40.23,39.86,39.68,40.0775,39.6225,39.7958,38.2106,38.2481,37.7673,37.9565,37.9298,37.8644,38.0853,38.5095,39.4448,39.5772,40.6046,41.9707,43.3838,45.3178,47.827,51.31,53.67,
S,E7000,KWH_LT1000,KWH,X_VAT,NAC,IT,,,0.251,0.25,0.2669,0.2517,0.2577,0.251,0.241,0.2319,0.2337,0.2409,0.2532,0.2508,0.2665,0.2646,0.2686,0.2656,0.2847,0.2839,0.3172,0.2807,0.2777,0.2964,0.5043,0.4245,0.4952,0.4205,0.5111,0.4006,0.5022,0.5254,0.5697,0.4881,0.5477,0.496,0.5871,0.509
S,E7000,KWH_LT1000,KWH,X_VAT,NAC,LI,,,,,,,,,,,,,,,0.1742,0.1742,0.1812,0.1812,0.1755,0.1755,0.1795,0.1795,0.3454,0.3479,0.3469,0.3459,0.3931,0.3823,0.3642,0.3586,0.3548,0.3494,0.5359,0.4616,0.4261,0.4079,0.4658,0.4673
S,E7000,KWH_LT1000,KWH,X_VAT,NAC,LT,,0.2806,0.2698,0.27,0.2934,0.281,0.346,0.3601,0.3648,0.3881,0.3752,0.3743,0.4055,0.4093,0.3901,0.3865,0.1064,0.1054,0.1042,0.0989,0.094,0.0934,0.0927,0.0927,0.1077,0.1074,0.1236,0.1124,0.1202,0.1432,0.1415,0.2377,0.2586,0.2122,0.2123,0.2025,0.1981,0.2013
S,E7000,KWH_LT1000,KWH,X_VAT,NAC,LU,0.2786,0.2281,0.2281,0.2322,0.2532,0.2532,0.2315,0.2342,0.2351,0.2323,0.2351,0.2291,0.2254,0.2121,0.2224,0.2224,0.222,0.222,0.2156,0.2156,0.2479,0.2504,0.2697,0.2802,0.3205,0.3196,0.3286,0.3328,0.3127,0.3118,0.3165,0.3185,0.3668,0.3515,0.3607,0.3491,0.4213,0.4213
S,E7000,KWH_LT1000,KWH,X_VAT,NAC,LV,,0.0486,0.0568,0.0676,0.0676,0.0676,0.0676,0.0676,0.0677,0.0679,0.0676,0.0679,0.0676,0.0676,0.0962,0.0965,0.1241,0.1361,0.1334,0.1549,0.157,0.157,0.1876,0.1579,0.1699,0.1895,0.188,0.1855,0.1817,0.2104,0.1679,0.2843,0.3106,0.3606,0.3102,0.2969,0.3604,0.3635
S,E7000,KWH_LT1000,KWH,X_VAT,NAC,MD,,,,,,,,,,,,,,,,,1.6023,1.859,2.09,1.9435,1.97,2.0159,2.0087,1.8155,1.8072,1.8895,1.9369,1.7934,1.6233,1.5789,1.8761,3.2591,3.4331,2.6419,2.43,2.4063,3.944,3.7486
S,E7000,KWH_LT1000,KWH,X_VAT,NAC,ME,,,,,,,,,0.0892,0.0862,0.1074,0.1519,0.1835,0.1698,0.1914,0.17,0.1881,0.1711,0.174,0.1575,0.151,0.1393,0.1516,0.1407,0.1516,0.1387,0.146,0.1396,0.1408,0.1264,0.1343,0.1222,0.133,0.123,0.1322,0.125,0.1329,0.1251
S,E7000,KWH_LT1000,KWH,X_VAT,NAC,MK,,,,,,,,,,,,4.126,4.3633,4.2389,4.241,4.3596,4.3845,4.4092,4.3311,4.3592,4.3306,4.3229,4.1814,4.1868,4.1678,4.1796,4.1703,4.406,4.4686,5.0086,5.5806,6.0828,5.9142,6.0828,11.5237,11.1362,13.068,11.235
S,E7000,KWH_LT1000,KWH,X_VAT,NAC,MT,,,0.0444,0.121,0.2365,0.2165,0.4033,0.3958,0.4074,0.4112,0.4176,0.4166,0.4062,0.4066,0.3697,0.3504,0.356,0.3528,0.3354,0.3467,0.3854,0.3535,0.3502,0.3531,0.3455,0.3483,0.3529,0.3488,0.3512,0.3633,0.3571,0.3796,0.3303,0.3445,0.3329,0.3384,0.3135,0.2987
S,E7000,KWH_LT1000,KWH,X_VAT,NAC,NL,,,,,,,,,,,,,,,,,,,,,-0.072,-0.076,-0.014,-0.039,0.081,0.093,-0.1707,-0.2048,-0.2033,-0.2014,-0.7651,-0.7621,-0.1934,-0.1933,-0.0381,-0.0967,0.0638,0.1035
S,E7000,KWH_LT1000,KWH,X_VAT,NAC,NO,,2.301,2.499,2.6133,2.637,2.603,2.929,2.8571,2.966,2.812,2.7667,2.6763,2.7891,2.8043,2.7307,2.7585,2.7959,2.7318,2.8111,2.8697,2.9875,2.9881,3.2554,3.3857,3.4488,3.4046,3.1819,3.159,3.5892,4.0228,3.6269,4.4191,4.1246,4.5408,4.7982,5.1479,5.2181,5.0481
S,E7000,KWH_LT1000,KWH,X_VAT,NAC,PL,,0.4561,0.5029,0.5035,0.5308,0.5464,0.5672,0.5836,0.6071,0.6214,0.6203,0.6305,0.6382,0.6245,0.6263,0.6116,0.6179,0.615,0.5689,0.5936,0.6527,0.6578,0.5915,0.6299,0.621,0.6426,0.7051,0.7658,0.8219,0.856,0.9271,1.0259,1.0055,0.9611,0.7853,1.0801,1.0968,1.2839
S,E7000,KWH_LT1000,KWH,X_VAT,NAC,PT,,0.1801,0.3203,0.3255,0.3154,0.3104,0.3218,0.3183,0.3149,0.3265,0.3189,0.272,0.2646,0.2857,0.3247,0.3207,0.3155,0.3231,0.3105,0.3218,0.3157,0.3154,0.3315,0.3302,0.3058,0.3156,0.3218,0.3255,0.3417,0.3651,0.363,0.3617,0.3398,0.3138,0.3449,0.4108,0.4401,0.426
S,E7000,KWH_LT1000,KWH,X_VAT,NAC,RO,,0.3048,0.3285,0.3382,0.3463,0.3409,0.358,0.3555,0.3545,0.3598,0.3613,0.4014,0.4805,0.4722,0.4801,0.464,0.4898,0.4881,0.4887,0.473,0.462,0.5,0.521,0.5116,0.5342,0.5685,0.5956,0.5973,0.6444,0.6761,0.9358,1.4844,0.666,0.6699,0.6818,0.6664,0.6893,1.2478
S,E7000,KWH_LT1000,KWH,X_VAT,NAC,RS,,,,,,,,,,,,,19.4111,18.4932,15.8697,20.2449,14.7194,21.5863,24.7906,22.2557,25.0717,23.0062,25.3201,22.9777,25.4533,22.6922,26.4163,24.171,27.3576,27.0806,30.6391,27.9025,33.1614,30.481,32.1069,29.3891,18.5624,31.5489
S,E7000,KWH_LT1000,KWH,X_VAT,NAC,SE,2.004,2.157,2.153,2.34,2.21,2.28,2.7,2.47,2.6,2.4732,2.5041,2.464,2.5444,2.4564,2.5461,2.6307,2.932,2.5799,3.0551,2.8066,3.31,3.2643,3.8238,3.8063,3.9715,3.8072,2.9748,2.9412,3.2831,3.8216,3.6957,3.9232,4.1226,3.5418,4.0746,4.1152,4.5428,4.4583
S,E7000,KWH_LT1000,KWH,X_VAT,NAC,SI,,0.1907,0.1548,0.161,0.2213,0.2356,0.2175,0.2169,0.1917,0.1876,0.1843,0.189,0.1995,0.2091,0.2071,0.1745,0.1797,0.1822,0.1528,0.1527,0.2162,0.2078,0.2783,0.2517,0.2752,0.2476,0.1953,0.2489,0.2844,0.2515,0.1987,0.2716,0.3085,0.2569,0.3034,0.2583,0.2697,0.2745
S,E7000,KWH_LT1000,KWH,X_VAT,NAC,SK,,6.28,6.38,6.51,0.1974,0.1962,0.1887,0.1997,0.1933,0.2052,0.2136,0.2192,0.2278,0.2181,0.1991,0.2039,0.2039,0.2097,0.1795,0.2124,0.2,0.1959,0.205,0.1975,0.213,0.2072,0.2152,0.2233,0.2145,0.2142,0.2265,0.2405,0.2605,0.2516,0.2204,0.2272,0.2314,0.2442
S,E7000,KWH_LT1000,KWH,X_VAT,NAC,TR,,0.1335,0.1597,0.1994,0.2088,0.2171,0.2298,0.2296,0.2277,0.2385,0.2632,0.288,0.3027,0.2995,0.3001,0.3181,0.3303,0.3304,0.3497,0.3502,0.3497,0.3495,0.3846,0.4686,0.4563,0.5632,0.603,0.6217,0.6771,0.771,1.154,1.4988,1.5274,1.4049,1.4054,1.86,2.1372,2.4325
S,E7000,KWH_LT1000,KWH,X_VAT,NAC,UA,,,,,,,,,,,,,,,,,,,0.59,0.75,0.95,0.99,0.84,0.8976,0.8608,0.887,0.8209,0.8004,1.3741,,,,,,,,,
S,E7000,KWH_LT1000,KWH,X_VAT,NAC,UK,,0.1117,0.118,0.131,0.134,0.1473,0.1218,0.1268,0.126,0.1438,0.1426,0.1538,0.1646,0.1802,0.188,0.1886,0.1789,0.183,0.1839,0.2255,0.2115,0.2297,0.2279,0.2494,0.2531,0.285,0.2533,,,,,,,,,,,
S,E7000,KWH_LT1000,KWH,X_VAT,NAC,XK,,,,,,,,,,,,,0.0693,0.0657,0.0692,0.1028,0.0788,0.1091,0.0808,0.1112,0.0871,0.0756,0.0859,0.0753,0.073,0.0714,0.0751,0.0751,0.0755,0.0723,0.0745,0.0724,0.0802,0.0837,0.1148,0.1035,0.1214,0.1201
S,E7000,KWH_LT1000,KWH,X_VAT,PPS,AL,,,,,,,,,0.2193,0.2193,0.2155,0.2155,0.2148,0.2148,0.2182,0.2182,0.1536,0.1631,0.1639,0.1637,0.1537,0.1537,,0.1529,0.1543,0.1543,0.1494,0.1494,0.1476,0.1476,0.1482,0.1482,0.1491,0.1493,0.151,0.1519,0.1368,0.1529
S,E7000,KWH_LT1000,KWH,X_VAT,PPS,AT,,0.2084,0.2023,0.2023,0.2024,0.2024,0.1918,0.1942,0.2217,0.2196,0.2252,0.2259,0.2372,0.2321,0.2394,0.238,0.2676,0.2706,0.2865,0.2878,0.2732,0.2754,0.27,0.2643,0.2784,0.2821,0.297,0.2943,0.3198,0.3279,0.271,0.2659,0.306,0.314,0.2942,0.2629,0.3097,0.3677
S,E7000,KWH_LT1000,KWH,X_VAT,PPS,BA,,,,,,,,,,,0.3842,0.3462,0.3988,0.3727,0.4021,0.3682,0.4327,0.358,0.3853,0.3682,0.3751,0.3407,0.3707,0.3165,0.3478,0.3116,0.3553,0.3467,0.3582,0.3084,0.3485,0.3242,0.3744,0.306,0.453,0.3716,0.3936,0.3598
S,E7000,KWH_LT1000,KWH,X_VAT,PPS,BE,,0.1848,0.2059,0.2656,0.1904,0.2013,0.2183,0.2124,0.2259,0.2214,0.2178,0.2314,0.2118,0.2145,0.2139,0.2187,0.2244,0.241,0.314,0.3905,0.3649,0.3793,0.3164,0.3206,0.3486,0.3683,0.3268,0.3564,0.3234,0.3044,0.3862,0.4717,0.4408,0.4394,0.3743,0.3976,0.4209,0.4329
S,E7000,KWH_LT1000,KWH,X_VAT,PPS,BG,,0.1543,0.1447,0.1603,0.1578,0.1532,0.1545,0.1581,0.1478,0.15,0.1518,0.1697,0.1674,0.1543,0.1504,0.1616,0.1712,0.176,0.1768,0.1739,0.1617,0.1651,0.162,0.1647,0.1589,0.1594,0.1599,0.1615,0.1642,0.1691,0.1702,0.1745,0.1602,0.1659,0.1664,0.1702,0.1803,0.1852
S,E7000,KWH_LT1000,KWH,X_VAT,PPS,CY,,0.167,0.1908,0.1978,0.1366,0.1569,0.208,0.2185,0.2229,0.2517,0.3024,0.3001,0.2934,0.2592,0.2537,0.2508,0.2167,0.1957,0.1757,0.1849,0.2129,0.2288,0.2803,0.2976,0.3108,0.2997,0.3264,0.2961,0.3325,0.3867,0.3604,0.5222,0.5657,0.6161,0.584,0.7242,0.6319,0.827
S,E7000,KWH_LT1000,KWH,X_VAT,PPS,CZ,0.2898,0.2898,0.2892,0.2892,0.3106,0.3106,0.3063,0.3063,0.3294,0.3294,0.3458,0.3458,0.3551,0.3551,0.3365,0.3365,0.3389,0.3389,0.3453,0.3482,0.3294,0.3294,0.3326,0.3447,0.3646,0.3657,0.3688,0.3735,0.3599,0.3807,0.4378,-0.1769,0.5426,0.5507,0.5913,0.5933,0.611,0.609
S,E7000,KWH_LT1000,KWH,X_VAT,PPS,DE,0.2652,0.2742,0.2762,0.2818,0.2799,0.2787,0.2951,0.3,0.3101,0.3097,0.3186,0.3276,0.3403,0.3412,0.3491,0.3497,0.3521,0.3511,0.371,0.3663,0.3674,0.3666,0.3659,0.368,0.3788,0.3473,0.3621,0.3448,0.3502,0.3598,0.3627,0.3908,0.4309,0.4341,0.4337,0.442,0.4407,0.4477
S,E7000,KWH_LT1000,KWH,X_VAT,PPS,DK,,0.1571,0.1698,0.1785,0.1712,0.1628,0.1742,0.1766,0.1904,0.1942,0.1953,0.194,0.194,0.1889,0.1976,0.1966,0.2376,0.236,0.2292,0.2299,0.224,0.2212,0.229,0.2352,0.2207,0.2213,0.2159,0.2151,0.2154,0.2514,0.3178,0.3918,0.2804,0.2584,0.275,0.2758,0.2633,0.2515
S,E7000,KWH_LT1000,KWH,X_VAT,PPS,EA,,0.2318,0.2356,0.2415,0.2337,0.2379,0.2477,0.2483,0.2541,0.2574,0.2558,0.2658,0.2777,0.2804,0.2932,0.295,0.3086,0.3069,0.3081,0.311,0.3172,0.3067,0.3241,0.3406,0.3674,0.348,0.3683,0.359,0.3575,0.3555,0.3575,0.3718,0.4021,0.4044,0.4227,0.4218,0.4272,0.428
S,E7000,KWH_LT1000,KWH,X_VAT,PPS,EE,,0.1007,0.1,0.1041,0.1144,0.1127,0.1223,0.1266,0.1209,0.1283,0.1342,0.1354,0.1628,0.1609,0.1503,0.1533,0.1504,0.152,0.1505,0.1532,0.1398,0.1466,0.1608,0.1666,0.1686,0.1675,0.162,0.1669,0.1767,0.2149,0.2487,0.2995,0.2737,0.2827,0.2825,0.2717,0.295,0.2888
S,E7000,KWH_LT1000,KWH,X_VAT,PPS,EL,,0.1226,0.1249,0.1075,0.1034,0.1088,0.1167,0.1157,0.1507,0.1358,0.1799,0.1567,0.2148,0.2033,0.2457,0.2266,0.2807,0.2438,0.2834,0.2196,0.2431,0.2257,0.2452,0.2235,0.2414,0.2268,0.2375,0.2407,0.2733,0.2738,0.302,0.3731,0.4123,0.4352,0.5552,0.5,0.6596,0.5466
S,E7000,KWH_LT1000,KWH,X_VAT,PPS,ES,,0.2838,0.2799,0.299,0.2831,0.291,0.355,0.3272,0.3256,0.3429,0.32,0.3402,0.3409,0.3693,0.4398,0.4309,0.4687,0.4887,0.4869,0.4662,0.516,0.5125,0.5277,0.5058,0.5826,0.4972,0.5896,0.5469,0.5183,0.4945,0.5786,0.565,0.5088,0.4394,0.4864,0.4839,0.4789,0.5068
S,E7000,KWH_LT1000,KWH,X_VAT,PPS,EU27_2020,,,,,,,,,,,,,,,,,,,,,0.3018,0.2936,0.3087,0.3226,0.3442,0.3286,0.3414,0.3352,0.3359,0.3397,0.3442,0.3487,0.3816,0.3784,0.4006,0.4003,0.4045,0.4114
S,E7000,KWH_LT1000,KWH,X_VAT,PPS,FI,,0.1441,0.15,0.1582,0.1658,0.1683,0.172,0.1761,0.1885,0.1933,0.192,0.1967,0.1928,0.1949,0.1924,0.1939,0.1971,0.1959,0.2041,0.2101,0.2175,0.2214,0.2213,0.2338,0.2383,0.2419,0.2332,0.2385,0.235,0.2422,0.2491,0.2937,0.2965,0.2684,0.2181,0.2085,0.2431,0.2494
S,E7000,KWH_LT1000,KWH,X_VAT,PPS,FR,,0.1872,0.183,0.1806,0.1679,0.1841,0.1799,0.1898,0.1938,0.1976,0.1923,0.2081,0.2246,0.2222,0.2191,0.2305,0.2396,0.2384,0.2338,0.2467,0.2565,0.2392,0.2822,0.3459,0.2872,0.3145,0.3376,0.3662,0.3274,0.3534,0.3613,0.355,0.3601,0.4219,0.4112,0.4322,0.3678,0.3818
S,E7000,KWH_LT1000,KWH,X_VAT,PPS,HR,0.1902,0.2325,0.2386,0.2528,0.248,0.2167,0.2194,0.2127,0.219,0.2341,0.2803,0.2874,0.3003,0.2744,0.2882,0.2645,0.2719,0.2585,0.2889,0.2651,0.2771,0.2688,0.2934,0.2829,0.2941,0.2741,0.2857,0.2949,0.2782,0.269,0.3203,0.314,0.3273,0.3077,0.3009,0.2692,0.311,0.319
S,E7000,KWH_LT1000,KWH,X_VAT,PPS,HU,,0.1952,0.2062,0.1996,0.2046,0.2363,0.2609,0.2418,0.2459,0.2525,0.2358,0.2374,0.2158,0.2066,0.1894,0.1856,0.1773,0.1813,0.1769,0.179,0.1566,0.1593,0.1423,0.1436,0.1375,0.1395,0.1289,0.1321,0.118,0.1252,0.1118,0.1024,0.1024,0.0983,0.112,0.1076,0.103,0.1049
S,E7000,KWH_LT1000,KWH,X_VAT,PPS,IE,,0.3413,0.3218,0.3529,0.3217,0.3092,0.3219,0.3498,0.3405,0.4229,0.4392,0.4742,0.4857,0.5129,0.5126,0.5264,0.5518,0.3803,0.3344,0.3623,0.3162,0.318,0.2901,0.2932,0.2665,0.3019,0.2434,0.2923,0.3499,0.3099,0.1661,0.2342,0.1027,0.2977,0.1344,0.2884,0.2343,0.3013
S,E7000,KWH_LT1000,KWH,X_VAT,PPS,IS,,,,,,,,,,,0.1455,0.1474,0.2206,0.2223,0.2167,0.2147,0.2137,0.2159,0.2124,0.2117,0.1974,0.1976,0.1852,0.1861,0.1812,0.1809,0.17,0.1719,0.1761,0.1753,0.1798,0.1859,0.1977,0.2033,0.2135,0.2314,0.235,
S,E7000,KWH_LT1000,KWH,X_VAT,PPS,IT,,,0.2486,0.2476,0.2576,0.2429,0.2521,0.2455,0.2365,0.2276,0.2327,0.2399,0.251,0.2486,0.2655,0.2636,0.2676,0.264,0.29,0.2892,0.3157,0.2794,0.2769,0.2956,0.5066,0.4265,0.4985,0.4233,0.5145,0.4086,0.5122,0.5379,0.5925,0.5086,0.5673,0.5157,0.6138,0.5321
S,E7000,KWH_LT1000,KWH,X_VAT,PPS,LT,,0.1413,0.1241,0.1242,0.1371,0.1313,0.1695,0.1764,0.175,0.1862,0.1802,0.1798,0.1915,0.1933,0.1842,0.1825,0.1727,0.1747,0.1723,0.1661,0.1458,0.1449,0.1407,0.1407,0.1605,0.1601,0.1813,0.1649,0.1763,0.2058,0.2034,0.3443,0.3437,0.282,0.2749,0.2591,0.2536,0.2576
S,E7000,KWH_LT1000,KWH,X_VAT,PPS,LU,0.2445,0.2002,0.1966,0.2002,0.21,0.21,0.1916,0.1938,0.1983,0.196,0.1991,0.194,0.1859,0.175,0.1866,0.1866,0.1862,0.185,0.1831,0.1825,0.2007,0.2027,0.2159,0.2243,0.2542,0.2535,0.254,0.2573,0.2417,0.2444,0.2481,0.2459,0.2826,0.2657,0.2727,0.2645,0.3192,0.3192
S,E7000,KWH_LT1000,KWH,X_VAT,PPS,LV,,0.1042,0.1125,0.1338,0.1405,0.1405,0.1459,0.1459,0.1433,0.1437,0.1408,0.1414,0.1391,0.1391,0.1403,0.1407,0.181,0.2016,0.2004,0.2337,0.2225,0.2225,0.2591,0.218,0.2297,0.2562,0.2547,0.2513,0.2462,0.2773,0.2187,0.3703,0.389,0.4504,0.3847,0.3852,0.4676,0.4716
S,E7000,KWH_LT1000,KWH,X_VAT,PPS,ME,,,,,,,,,0.1817,0.1756,0.2187,0.3093,0.3657,0.3384,0.3727,0.331,0.3663,0.3447,0.355,0.3263,0.3028,0.2794,0.2955,0.2743,0.2986,0.2732,0.2895,0.2768,0.2792,0.2428,0.258,0.2373,0.2436,0.2253,0.2323,0.2222,0.2368,0.2229
S,E7000,KWH_LT1000,KWH,X_VAT,PPS,MK,,,,,,,,,,,,0.1652,0.1704,0.1656,0.1662,0.1708,0.1742,0.1751,0.1703,0.1698,0.1568,0.1565,0.149,0.1492,0.1487,0.1492,0.1472,0.1555,0.1577,0.171,0.1906,0.2121,0.2008,0.2082,0.3865,0.357,0.419,0.3602
S,E7000,KWH_LT1000,KWH,X_VAT,PPS,MT,,,0.0619,0.1687,0.3252,0.2977,0.5521,0.5419,0.5388,0.5438,0.5447,0.5434,0.5208,0.5214,0.4612,0.4371,0.4439,0.4399,0.4182,0.432,0.4635,0.4251,0.4066,0.41,0.4025,0.4057,0.4024,0.3977,0.4004,0.4114,0.4089,0.4285,0.3683,0.3841,0.3667,0.3727,0.3446,0.3284
S,E7000,KWH_LT1000,KWH,X_VAT,PPS,NL,,,,,,,,,,,,,,,,,,,,,-0.0632,-0.0667,-0.0122,-0.034,0.0686,0.0788,-0.1465,-0.1757,-0.1751,-0.1734,-0.6537,-0.6511,-0.1646,-0.1645,-0.0325,-0.0825,0.0544,0.0883
S,E7000,KWH_LT1000,KWH,X_VAT,PPS,NO,,0.2127,0.2231,0.2333,0.2215,0.2186,0.248,0.2419,0.2491,0.2361,0.2357,0.228,0.2288,0.2301,0.2181,0.2204,0.2233,0.2175,0.2185,0.2212,0.2137,0.2137,0.23,0.2392,0.2372,0.2342,0.2101,0.2086,0.237,0.2775,0.2502,0.308,0.3021,0.3348,0.3375,0.363,0.3608,0.3491
S,E7000,KWH_LT1000,KWH,X_VAT,PPS,PL,,0.2008,0.2116,0.2119,0.2141,0.2204,0.2379,0.2447,0.2507,0.2566,0.2572,0.2614,0.2646,0.2589,0.2587,0.2526,0.2552,0.2556,0.2406,0.2512,0.2572,0.2592,0.2296,0.2445,0.2364,0.2446,0.2631,0.2858,0.3067,0.311,0.3195,0.3535,0.3492,0.3338,0.2559,0.352,0.3542,0.4146
S,E7000,KWH_LT1000,KWH,X_VAT,PPS,PT,,0.2215,0.3854,0.3917,0.3746,0.3687,0.3886,0.3844,0.3835,0.3976,0.4002,0.3413,0.3393,0.3664,0.4174,0.4123,0.4056,0.4146,0.3988,0.4115,0.3766,0.3762,0.3935,0.392,0.3641,0.3758,0.3782,0.3826,0.4016,0.4263,0.4239,0.4224,0.3975,0.3722,0.417,0.4991,0.5337,0.5167
S,E7000,KWH_LT1000,KWH,X_VAT,PPS,RO,,0.1635,0.1607,0.1655,0.1644,0.1618,0.1717,0.1705,0.1681,0.1706,0.1701,0.189,0.218,0.2142,0.2101,0.2031,0.2144,0.2207,0.2242,0.217,0.1966,0.2128,0.2114,0.2076,0.2121,0.2258,0.2331,0.2337,0.2522,0.2584,0.3393,0.5382,0.2415,0.2429,0.2425,0.2351,0.2323,0.4205
S,E7000,KWH_LT1000,KWH,X_VAT,PPS,RS,,,,,,,,,,,,,0.3527,0.336,0.279,0.3559,0.2587,0.4014,0.4551,0.4111,0.4218,0.387,0.4191,0.3803,0.4149,0.3699,0.4226,0.3867,0.4377,0.4229,0.4785,0.4365,0.4917,0.4452,0.4469,0.4117,0.2581,0.4387
S,E7000,KWH_LT1000,KWH,X_VAT,PPS,SE,0.183,0.197,0.1917,0.2084,0.1865,0.1924,0.2291,0.2096,0.2216,0.2108,0.2159,0.2124,0.2182,0.2106,0.2149,0.222,0.2474,0.2152,0.2477,0.2348,0.2568,0.2532,0.2926,0.2913,0.3005,0.288,0.2248,0.2223,0.2496,0.2905,0.2809,0.2982,0.306,0.2622,0.2996,0.306,0.3377,0.3315
S,E7000,KWH_LT1000,KWH,X_VAT,PPS,SI,,0.2459,0.1906,0.1983,0.2583,0.275,0.2588,0.2581,0.2295,0.2246,0.2278,0.2336,0.2478,0.2597,0.2591,0.2183,0.2248,0.2278,0.1941,0.1949,0.2604,0.2503,0.332,0.3003,0.3286,0.2956,0.2323,0.2961,0.3383,0.2966,0.2343,0.3197,0.3589,0.3028,0.3506,0.2998,0.3091,0.3146
S,E7000,KWH_LT1000,KWH,X_VAT,PPS,SK,,0.2767,0.2985,0.3046,0.2905,0.2887,0.2823,0.2988,0.2813,0.2986,0.3128,0.321,0.3353,0.321,0.2988,0.306,0.306,0.317,0.2744,0.3269,0.2659,0.2605,0.2669,0.2572,0.2705,0.2632,0.2673,0.2774,0.2664,0.2647,0.2799,0.2989,0.3144,0.3173,0.272,0.2839,0.2886,0.3045
S,E7000,KWH_LT1000,KWH,X_VAT,PPS,TR,,0.1253,0.1402,0.175,0.1722,0.179,0.1865,0.1863,0.1732,0.1814,0.1903,0.2082,0.2056,0.2034,0.1891,0.2004,0.2081,0.2114,0.2105,0.2106,0.1735,0.1734,0.1596,0.1945,0.1617,0.1996,0.1834,0.1891,0.2059,0.185,0.2769,0.2067,0.2106,0.1893,0.1261,0.1642,0.1181,0.1344
S,E7000,KWH_LT1000,KWH,X_VAT,PPS,UK,,0.1404,0.1416,0.1572,0.1537,0.1689,0.1345,0.14,0.1359,0.1551,0.156,0.1682,0.1779,0.1948,0.2005,0.2012,0.194,0.1984,0.1994,0.2445,0.2121,0.2304,0.226,0.2474,0.2485,0.2799,0.2457,,,,,,,,,,,
S,E7000,TOT_KWH,KWH,I_TAX,EUR,AL,,,,,,,,,,,,,,,,,,,,,,,,,,,,,,,,0.0976,0.101,,,,,0.1175
S,E7000,TOT_KWH,KWH,I_TAX,EUR,AT,,,,,,,,,,,,,,,,,,,,,,,,,,,,,,0.2252,0.22,0.2356,0.272,0.2885,0.2846,0.2578,0.296,0.3287
S,E7000,TOT_KWH,KWH,I_TAX,EUR,BA,,,,,,,,,,,,,,,,,,,,,,,,,,,,,,0.0863,0.0891,0.0894,0.0921,0.0884,0.0907,0.0928,0.097,0.0991
S,E7000,TOT_KWH,KWH,I_TAX,EUR,BE,,,,,,,,,,,,,,,,,,,,,,,,,,,,,,0.3002,0.3478,0.4519,0.4318,0.3772,0.3346,0.3338,0.3574,0.3554
S,E7000,TOT_KWH,KWH,I_TAX,EUR,BG,,,,,,,,,,,,,,,,,,,,,,,,,,,,,,0.1091,0.1091,0.1149,0.1136,0.1194,0.1185,0.1215,0.1295,0.1353
S,E7000,TOT_KWH,KWH,I_TAX,EUR,CY,,,,,,,,,,,,,,,,,,,,,,,,,,,,,,0.2317,0.2582,0.3363,0.3783,0.3519,0.3288,0.3349,0.3,0.2912
S,E7000,TOT_KWH,KWH,I_TAX,EUR,CZ,,,,,,,,,,,,,,,,,,,,,,,,,,,,,,0.1871,0.2317,0.1572,0.3041,0.3039,0.3259,0.3199,0.3074,0.3107
S,E7000,TOT_KWH,KWH,I_TAX,EUR,DE,,,,,,,,,,,,,,,,,,,,,,,,,,,,,,0.3288,0.3348,0.3475,0.423,0.4162,0.41,0.4111,0.4001,0.4042
S,E7000,TOT_KWH,KWH,I_TAX,EUR,DK,,,,,,,,,,,,,,,,,,,,,,,,,,,,,,0.2873,0.3958,0.537,0.3779,0.3076,0.3189,0.3244,0.3019,0.2847
S,E7000,TOT_KWH,KWH,I_TAX,EUR,EA,,,,,,,,,,,,,,,,,,,,,,0.1524,0.1782,0.1743,0.208,0.2021,0.1636,0.1623,0.1585,0.2553,0.2657,0.292,0.3133,0.3109,0.3168,0.3138,0.3136,0.3096
S,E7000,TOT_KWH,KWH,I_TAX,EUR,EE,,,,,,,,,,,,,,,,,,,,,,,,,,,,,,0.196,0.2031,0.2381,0.2081,0.2192,0.2155,0.2107,0.2158,0.2124
S,E7000,TOT_KWH,KWH,I_TAX,EUR,EL,,,,,,,,,,,,,,,,,,,,,,,,,,,,,,0.2086,0.2339,0.2591,0.2486,0.2463,0.2434,0.2493,0.2563,0.2552
S,E7000,TOT_KWH,KWH,I_TAX,EUR,ES,,,,,,,,,,,,,,,,,,,,,,,,,,,,,,0.2878,0.3207,0.3452,0.2647,0.2552,0.2688,0.2643,0.2841,0.2872
S,E7000,TOT_KWH,KWH,I_TAX,EUR,EU27_2020,,,,,,,,,,,,,,,,,,,,,,0.1524,0.1782,0.1743,0.208,0.2021,0.1572,0.1639,0.1562,0.24,0.2491,0.2764,0.2919,0.2906,0.2969,0.2941,0.2949,0.2942
S,E7000,TOT_KWH,KWH,I_TAX,EUR,FI,,,,,,,,,,,,,,,,,,,,,,,,,,,,,,0.1605,0.1669,0.2048,0.1986,0.2042,0.2163,0.1903,0.1882,0.1906
S,E7000,TOT_KWH,KWH,I_TAX,EUR,FR,,,,,,,,,,,,,,,,,,,,,,,,,,,,,,0.197,0.2046,0.2106,0.2225,0.2512,0.2758,0.285,0.2602,0.2479
S,E7000,TOT_KWH,KWH,I_TAX,EUR,GE,,,,,,,,,,,,,,,,,,,,,,,,,,,,,,0.0624,,0.0818,0.0815,0.0827,0.0663,0.0664,0.0715,0.0699
S,E7000,TOT_KWH,KWH,I_TAX,EUR,HR,,,,,,,,,,,,,,,,,,,,,,,,,,,,,,0.1325,0.1377,0.1493,0.1557,0.1543,0.154,0.153,0.1691,0.171
S,E7000,TOT_KWH,KWH,I_TAX,EUR,HU,,,,,,,,,,,,,,,,,,,,,,,,,,,,,0.1006,0.1007,0.0946,0.1092,0.1181,0.1109,0.109,0.1056,0.1066,0.1126
S,E7000,TOT_KWH,KWH,I_TAX,EUR,IE,,,,,,,,,,,,,,,,,,,,,,,,,,,0.2294,0.2505,0.2453,0.2799,0.2283,0.317,0.2739,0.3746,0.2592,0.3049,,0.3821
S,E7000,TOT_KWH,KWH,I_TAX,EUR,IS,,,,,,,,,,,,,,,,,,,,,,,,,,,,,,0.113,0.1241,0.1261,0.1261,0.1315,,0.1538,0.1743,
S,E7000,TOT_KWH,KWH,I_TAX,EUR,IT,,,,,,,,,,,,,,,,,,,,,,,,,,,,,,0.2613,0.3359,0.3923,0.4068,0.3619,0.3621,0.3505,0.3735,0.333
S,E7000,TOT_KWH,KWH,I_TAX,EUR,LI,,,,,,,,,,,,,,,,,,,,,,,,,,,,,,0.2176,0.2151,0.2283,0.4308,0.3557,0.3191,0.3067,0.3004,0.3038
S,E7000,TOT_KWH,KWH,I_TAX,EUR,LT,,,,,,,,,,,,,,,,,,,,,,,,,,,,,,0.1501,0.1513,0.2474,0.2917,0.2313,0.2368,0.2235,0.219,0.2075
S,E7000,TOT_KWH,KWH,I_TAX,EUR,LU,,,,,,,,,,,,,,,,,,,,,,,,,,,,,,0.1901,0.1928,0.1945,0.1887,0.1909,0.1925,,,0.261
S,E7000,TOT_KWH,KWH,I_TAX,EUR,LV,,,,,,,,,,,,,,,,,,,,,,,,,,,,,,0.1961,0.1763,0.3014,0.3161,0.304,0.2584,0.2429,0.2675,0.265
S,E7000,TOT_KWH,KWH,I_TAX,EUR,MD,,,,,,,,,,,,,,,,,,,,,,,,,,,,,,0.0809,0.1038,0.192,0.1754,0.1397,0.13,0.1287,0.2073,0.1927
S,E7000,TOT_KWH,KWH,I_TAX,EUR,ME,,,,,,,,,,,,,,,,,,,,,,,,,,,,,,0.1004,0.0992,0.1036,0.1029,0.101,0.1028,0.1057,0.1042,0.106
S,E7000,TOT_KWH,KWH,I_TAX,EUR,MK,,,,,,,,,,,,,,,,,,,,,,,,,,,,,,0.084,0.0934,0.1058,0.1099,0.1186,0.1084,0.1174,0.1181,0.1184
S,E7000,TOT_KWH,KWH,I_TAX,EUR,MT,,,,,,,,,,,,,,,,,,,,,,,,,,,,,,0.1581,0.1562,0.1506,0.1469,0.1471,,0.1505,,0.1473
S,E7000,TOT_KWH,KWH,I_TAX,EUR,NL,,,,,,,,,,,,,,,,,,,,,,0.1524,0.1782,0.1743,0.208,0.2021,0.1375,0.1273,0.1246,0.1367,0.0118,0.1075,0.3491,0.2187,0.2407,0.1974,0.2335,0.2483
S,E7000,TOT_KWH,KWH,I_TAX,EUR,NO,,,,,,,,,,,,,,,,,,,,,,,,,,,,,,0.1692,0.149,0.1614,0.1336,0.1211,,0.1124,0.1202,0.1175
S,E7000,TOT_KWH,KWH,I_TAX,EUR,PL,,,,,,,,,,,,,,,,,,,,,,,,,,,,,,0.1654,0.153,0.1709,0.1979,0.2291,,0.2573,,0.2854
S,E7000,TOT_KWH,KWH,I_TAX,EUR,PT,,,,,,,,,,,,,,,,,,,,,,,,,,,,,,0.2285,0.232,0.2347,0.2196,0.2395,,0.2764,0.2577,0.2582
S,E7000,TOT_KWH,KWH,I_TAX,EUR,RO,,,,,,,,,,,,,,,,,,,,,,,,,,,,,,0.1611,0.232,0.3421,0.18,0.1782,0.1774,0.1748,0.1796,0.2907
S,E7000,TOT_KWH,KWH,I_TAX,EUR,RS,,,,,,,,,,,,,,,,,,,,,,,,,,,,,,0.0855,0.0854,0.0922,0.1026,0.1119,0.1157,0.1187,0.1159,0.1277
S,E7000,TOT_KWH,KWH,I_TAX,EUR,SE,,,,,,,,,,,,,,,,,,,,,,,,,,,0.1525,0.165,0.1697,0.2053,0.1781,0.2227,0.2172,0.187,0.2043,0.1939,0.2133,0.2195
S,E7000,TOT_KWH,KWH,I_TAX,EUR,SI,,,,,,,,,,,,,,,,,,,,,,,,,,,,,,0.1638,0.1344,0.1886,0.1872,0.2062,0.2074,0.1964,0.1807,0.21
S,E7000,TOT_KWH,KWH,I_TAX,EUR,SK,,,,,,,,,,,,,,,,,,,,,,,,,,,,,,0.1629,0.1793,0.1891,0.1907,0.1967,0.1808,0.1791,0.1892,0.188
S,E7000,TOT_KWH,KWH,I_TAX,EUR,TR,,,,,,,,,,,,,,,,,,,,,,,,,,,,,,0.0789,0.0854,0.0938,,0.0557,0.0486,0.0616,0.0657,0.0679
S,E7000,TOT_KWH,KWH,I_TAX,EUR,XK,,,,,,,,,,,,,,,,,,,,,,,,,,,,,,0.0599,0.064,0.0694,0.0727,0.0805,0.0803,0.0796,0.0824,0.0941
S,E7000,TOT_KWH,KWH,I_TAX,NAC,AL,,,,,,,,,,,,,,,,,,,,,,,,,,,,,,,,11.4,11.4,,,,,11.4
S,E7000,TOT_KWH,KWH,I_TAX,NAC,AT,,,,,,,,,,,,,,,,,,,,,,,,,,,,,,0.2252,0.22,0.2356,0.272,0.2885,0.2846,0.2578,0.296,0.3287
S,E7000,TOT_KWH,KWH,I_TAX,NAC,BA,,,,,,,,,,,,,,,,,,,,,,,,,,,,,,0.1687,0.1743,0.1749,0.1801,0.1729,0.1773,0.1816,0.1897,0.1939
S,E7000,TOT_KWH,KWH,I_TAX,NAC,BE,,,,,,,,,,,,,,,,,,,,,,,,,,,,,,0.3002,0.3478,0.4519,0.4318,0.3772,0.3346,0.3338,0.3574,0.3554
S,E7000,TOT_KWH,KWH,I_TAX,NAC,BG,,,,,,,,,,,,,,,,,,,,,,,,,,,,,,0.2133,0.2133,0.2247,0.2221,0.2335,0.2318,0.2377,0.2533,0.2647
S,E7000,TOT_KWH,KWH,I_TAX,NAC,CY,,,,,,,,,,,,,,,,,,,,,,,,,,,,,,0.2317,0.2582,0.3363,0.3783,0.3519,0.3288,0.3349,0.3,0.2912
S,E7000,TOT_KWH,KWH,I_TAX,NAC,CZ,,,,,,,,,,,,,,,,,,,,,,,,,,,,,,4.7582,5.7116,3.8496,7.2037,7.3906,8.1533,8.0684,7.6854,7.5754
S,E7000,TOT_KWH,KWH,I_TAX,NAC,DE,,,,,,,,,,,,,,,,,,,,,,,,,,,,,,0.3288,0.3348,0.3475,0.423,0.4162,0.41,0.4111,0.4001,0.4042
S,E7000,TOT_KWH,KWH,I_TAX,NAC,DK,,,,,,,,,,,,,,,,,,,,,,,,,,,,,,2.1369,2.945,3.9947,2.8142,2.2932,2.3782,2.4199,2.2522,2.1254
S,E7000,TOT_KWH,KWH,I_TAX,NAC,EE,,,,,,,,,,,,,,,,,,,,,,,,,,,,,,0.196,0.2031,0.2381,0.2081,0.2192,0.2155,0.2107,0.2158,0.2124
S,E7000,TOT_KWH,KWH,I_TAX,NAC,EL,,,,,,,,,,,,,,,,,,,,,,,,,,,,,,0.2086,0.2339,0.2591,0.2486,0.2463,0.2434,0.2493,0.2563,0.2552
S,E7000,TOT_KWH,KWH,I_TAX,NAC,ES,,,,,,,,,,,,,,,,,,,,,,,,,,,,,,0.2878,0.3207,0.3452,0.2647,0.2552,0.2688,0.2643,0.2841,0.2872
S,E7000,TOT_KWH,KWH,I_TAX,NAC,FI,,,,,,,,,,,,,,,,,,,,,,,,,,,,,,0.1605,0.1669,0.2048,0.1986,0.2042,0.2163,0.1903,0.1882,0.1906
S,E7000,TOT_KWH,KWH,I_TAX,NAC,FR,,,,,,,,,,,,,,,,,,,,,,,,,,,,,,0.197,0.2046,0.2106,0.2225,0.2512,0.2758,0.285,0.2602,0.2479
S,E7000,TOT_KWH,KWH,I_TAX,NAC,GE,,,,,,,,,,,,,,,,,,,,,,,,,,,,,,0.2263,,0.2303,0.2287,0.2378,0.1938,0.1968,0.2171,0.2207
S,E7000,TOT_KWH,KWH,I_TAX,NAC,HR,,,,,,,,,,,,,,,,,,,,,,,,,,,,,,0.9951,1.0388,1.1251,0.1557,0.1543,0.154,0.153,0.1691,0.171
S,E7000,TOT_KWH,KWH,I_TAX,NAC,HU,,,,,,,,,,,,,,,,,,,,,,,,,,,,,36.0182,36.1731,35.4904,44.4453,44.944,42.454,42.4687,42.3368,43.1155,44.0373
S,E7000,TOT_KWH,KWH,I_TAX,NAC,IE,,,,,,,,,,,,,,,,,,,,,,,,,,,0.2294,0.2505,0.2453,0.2799,0.2283,0.317,0.2739,0.3746,0.2592,0.3049,,0.3821
S,E7000,TOT_KWH,KWH,I_TAX,NAC,IS,,,,,,,,,,,,,,,,,,,,,,,,,,,,,,16.8037,17.5456,18.0563,19.054,19.3668,,22.9274,25.2954,
S,E7000,TOT_KWH,KWH,I_TAX,NAC,IT,,,,,,,,,,,,,,,,,,,,,,,,,,,,,,0.2613,0.3359,0.3923,0.4068,0.3619,0.3621,0.3505,0.3735,0.333
S,E7000,TOT_KWH,KWH,I_TAX,NAC,LI,,,,,,,,,,,,,,,,,,,,,,,,,,,,,,0.2324,0.2219,0.2233,0.4245,0.3408,0.3068,0.2895,0.2827,0.2834
S,E7000,TOT_KWH,KWH,I_TAX,NAC,LT,,,,,,,,,,,,,,,,,,,,,,,,,,,,,,0.1501,0.1513,0.2474,0.2917,0.2313,0.2368,0.2235,0.219,0.2075
S,E7000,TOT_KWH,KWH,I_TAX,NAC,LU,,,,,,,,,,,,,,,,,,,,,,,,,,,,,,0.1901,0.1928,0.1945,0.1887,0.1909,0.1925,,,0.261
S,E7000,TOT_KWH,KWH,I_TAX,NAC,LV,,,,,,,,,,,,,,,,,,,,,,,,,,,,,,0.1961,0.1763,0.3014,0.3161,0.304,0.2584,0.2429,0.2675,0.265
S,E7000,TOT_KWH,KWH,I_TAX,NAC,MD,,,,,,,,,,,,,,,,,,,,,,,,,,,,,,1.6638,2.0957,3.7638,3.4882,2.711,2.4964,2.4834,4.0423,3.793
S,E7000,TOT_KWH,KWH,I_TAX,NAC,ME,,,,,,,,,,,,,,,,,,,,,,,,,,,,,,0.1004,0.0992,0.1036,0.1029,0.101,0.1028,0.1057,0.1042,0.106
S,E7000,TOT_KWH,KWH,I_TAX,NAC,MK,,,,,,,,,,,,,,,,,,,,,,,,,,,,,,5.1792,5.7623,6.5114,6.7737,7.2916,6.6704,7.2216,7.2767,7.2933
S,E7000,TOT_KWH,KWH,I_TAX,NAC,MT,,,,,,,,,,,,,,,,,,,,,,,,,,,,,,0.1581,0.1562,0.1506,0.1469,0.1471,,0.1505,,0.1473
S,E7000,TOT_KWH,KWH,I_TAX,NAC,NL,,,,,,,,,,,,,,,,,,,,,,0.1524,0.1782,0.1743,0.208,0.2021,0.1375,0.1273,0.1246,0.1367,0.0118,0.1075,0.3491,0.2187,0.2407,0.1974,0.2335,0.2483
S,E7000,TOT_KWH,KWH,I_TAX,NAC,NO,,,,,,,,,,,,,,,,,,,,,,,,,,,,,,1.7171,1.4874,1.6502,1.5128,1.3968,,1.322,1.4014,1.3835
S,E7000,TOT_KWH,KWH,I_TAX,NAC,PL,,,,,,,,,,,,,,,,,,,,,,,,,,,,,,0.7592,0.7095,0.8091,0.9148,1.0216,,1.1051,,1.2121
S,E7000,TOT_KWH,KWH,I_TAX,NAC,PT,,,,,,,,,,,,,,,,,,,,,,,,,,,,,,0.2285,0.232,0.2347,0.2196,0.2395,,0.2764,0.2577,0.2582
S,E7000,TOT_KWH,KWH,I_TAX,NAC,RO,,,,,,,,,,,,,,,,,,,,,,,,,,,,,,0.7959,1.1476,1.682,0.8883,0.8835,0.8826,0.8697,0.8987,1.4767
S,E7000,TOT_KWH,KWH,I_TAX,NAC,RS,,,,,,,,,,,,,,,,,,,,,,,,,,,,,,10.0573,10.0457,10.8234,12.0404,13.1186,13.5569,13.8913,13.5764,14.965
S,E7000,TOT_KWH,KWH,I_TAX,NAC,SE,,,,,,,,,,,,,,,,,,,,,,,,,,,1.6259,1.7023,1.7195,2.0857,1.8665,2.4001,2.4623,2.1733,2.327,2.224,2.3664,2.4228
S,E7000,TOT_KWH,KWH,I_TAX,NAC,SI,,,,,,,,,,,,,,,,,,,,,,,,,,,,,,0.1638,0.1344,0.1886,0.1872,0.2062,0.2074,0.1964,0.1807,0.21
S,E7000,TOT_KWH,KWH,I_TAX,NAC,SK,,,,,,,,,,,,,,,,,,,,,,,,,,,,,,0.1629,0.1793,0.1891,0.1907,0.1967,0.1808,0.1791,0.1892,0.188
S,E7000,TOT_KWH,KWH,I_TAX,NAC,TR,,,,,,,,,,,,,,,,,,,,,,,,,,,,,,0.9036,1.3891,1.7397,,1.6663,1.6638,2.2711,2.7028,3.2857
S,E7000,TOT_KWH,KWH,I_TAX,NAC,XK,,,,,,,,,,,,,,,,,,,,,,,,,,,,,,0.0599,0.064,0.0694,0.0727,0.0805,0.0803,0.0796,0.0824,0.0941
S,E7000,TOT_KWH,KWH,I_TAX,PPS,AL,,,,,,,,,,,,,,,,,,,,,,,,,,,,,,,,0.1778,0.1789,,,,,0.1834
S,E7000,TOT_KWH,KWH,I_TAX,PPS,AT,,,,,,,,,,,,,,,,,,,,,,,,,,,,,,0.195,0.1905,0.2065,0.2428,0.257,0.2513,0.2275,0.2577,0.2863
S,E7000,TOT_KWH,KWH,I_TAX,PPS,BA,,,,,,,,,,,,,,,,,,,,,,,,,,,,,,0.1659,0.1713,0.1717,0.1692,0.1598,0.1662,0.1692,0.1643,0.168
S,E7000,TOT_KWH,KWH,I_TAX,PPS,BE,,,,,,,,,,,,,,,,,,,,,,,,,,,,,,0.2698,0.313,0.4067,0.3879,0.337,0.2982,0.2957,0.3184,0.3166
S,E7000,TOT_KWH,KWH,I_TAX,PPS,BG,,,,,,,,,,,,,,,,,,,,,,,,,,,,,,0.1976,0.1976,0.2073,0.1884,0.198,0.1964,0.2013,0.2111,0.2206
S,E7000,TOT_KWH,KWH,I_TAX,PPS,CY,,,,,,,,,,,,,,,,,,,,,,,,,,,,,,0.2527,0.2816,0.3711,0.4136,0.386,0.366,0.3677,0.3285,0.3189
S,E7000,TOT_KWH,KWH,I_TAX,PPS,CZ,,,,,,,,,,,,,,,,,,,,,,,,,,,,,,0.2458,0.2874,0.1937,0.3635,0.3729,0.4064,0.3973,0.3787,0.3732
S,E7000,TOT_KWH,KWH,I_TAX,PPS,DE,,,,,,,,,,,,,,,,,,,,,,,,,,,,,,0.2959,0.3013,0.3129,0.3778,0.372,0.3646,0.3673,0.3582,0.362
S,E7000,TOT_KWH,KWH,I_TAX,PPS,DK,,,,,,,,,,,,,,,,,,,,,,,,,,,,,,0.2163,0.2981,0.4019,0.2858,0.2313,0.2436,0.2455,0.2308,0.2178
S,E7000,TOT_KWH,KWH,I_TAX,PPS,EA,,,,,,,,,,,,,,,,,,,,,,0.1338,0.1556,0.1522,0.1763,0.1712,0.1381,0.1367,0.1346,0.2428,0.2577,0.2833,0.3009,0.2966,0.3025,0.303,0.3046,0.2995
S,E7000,TOT_KWH,KWH,I_TAX,PPS,EE,,,,,,,,,,,,,,,,,,,,,,,,,,,,,,0.2392,0.248,0.2905,0.2349,0.2443,0.2395,0.2295,0.236,0.2323
S,E7000,TOT_KWH,KWH,I_TAX,PPS,EL,,,,,,,,,,,,,,,,,,,,,,,,,,,,,,0.2541,0.2843,0.3148,0.3031,0.3003,0.3005,0.3078,0.3154,0.3141
S,E7000,TOT_KWH,KWH,I_TAX,PPS,ES,,,,,,,,,,,,,,,,,,,,,,,,,,,,,,0.3076,0.3427,0.3656,0.2838,0.2737,0.2937,0.2945,0.3166,0.3201
S,E7000,TOT_KWH,KWH,I_TAX,PPS,EU27_2020,,,,,,,,,,,,,,,,,,,,,,0.1338,0.1556,0.1522,0.1763,0.1712,0.1292,0.132,0.1353,0.2348,0.251,0.2794,0.2912,0.2841,0.29,0.2901,0.2917,0.2967
S,E7000,TOT_KWH,KWH,I_TAX,PPS,FI,,,,,,,,,,,,,,,,,,,,,,,,,,,,,,0.1291,0.1339,0.1638,0.1602,0.1647,0.1802,0.1585,0.1567,0.1587
S,E7000,TOT_KWH,KWH,I_TAX,PPS,FR,,,,,,,,,,,,,,,,,,,,,,,,,,,,,,0.1812,0.1887,0.1943,0.2049,0.23,0.2525,0.2609,0.2389,0.2277
S,E7000,TOT_KWH,KWH,I_TAX,PPS,HR,,,,,,,,,,,,,,,,,,,,,,,,,,,,,,0.2029,0.2118,0.2291,0.2339,0.2291,0.2229,0.2146,0.2372,0.2399
S,E7000,TOT_KWH,KWH,I_TAX,PPS,HU,,,,,,,,,,,,,,,,,,,,,,,,,,,,,0.1543,0.155,0.1404,0.1758,0.1777,0.1679,0.1561,0.1582,0.1538,0.1571
S,E7000,TOT_KWH,KWH,I_TAX,PPS,IE,,,,,,,,,,,,,,,,,,,,,,,,,,,0.1888,0.2062,0.2046,0.2335,0.1904,0.2667,0.2304,0.3151,0.219,0.2575,,0.3227
S,E7000,TOT_KWH,KWH,I_TAX,PPS,IS,,,,,,,,,,,,,,,,,,,,,,,,,,,,,,0.0744,0.0777,0.08,0.0868,0.0869,,0.1034,0.1108,
S,E7000,TOT_KWH,KWH,I_TAX,PPS,IT,,,,,,,,,,,,,,,,,,,,,,,,,,,,,,0.2665,0.3426,0.4017,0.423,0.3771,0.3751,0.3644,0.3905,0.3481
S,E7000,TOT_KWH,KWH,I_TAX,PPS,LT,,,,,,,,,,,,,,,,,,,,,,,,,,,,,,0.2158,0.2174,0.3583,0.3877,0.3074,0.3066,0.2861,0.2802,0.2655
S,E7000,TOT_KWH,KWH,I_TAX,PPS,LU,,,,,,,,,,,,,,,,,,,,,,,,,,,,,,0.149,0.1512,0.1501,0.1454,0.1443,0.1455,,,0.1977
S,E7000,TOT_KWH,KWH,I_TAX,PPS,LV,,,,,,,,,,,,,,,,,,,,,,,,,,,,,,0.2585,0.2296,0.3927,0.396,0.3797,0.3205,0.3152,0.3471,0.3438
S,E7000,TOT_KWH,KWH,I_TAX,PPS,ME,,,,,,,,,,,,,,,,,,,,,,,,,,,,,,0.1928,0.1907,0.2012,0.1885,0.185,0.1807,0.1878,0.1858,0.1889
S,E7000,TOT_KWH,KWH,I_TAX,PPS,MK,,,,,,,,,,,,,,,,,,,,,,,,,,,,,,0.1769,0.1968,0.227,0.23,0.2496,0.2237,0.2315,0.2333,0.2338
S,E7000,TOT_KWH,KWH,I_TAX,PPS,MT,,,,,,,,,,,,,,,,,,,,,,,,,,,,,,0.179,0.1789,0.17,0.1638,0.164,,0.1658,,0.1619
S,E7000,TOT_KWH,KWH,I_TAX,PPS,NL,,,,,,,,,,,,,,,,,,,,,,0.1338,0.1556,0.1522,0.1763,0.1712,0.1179,0.1092,0.1073,0.1177,0.0101,0.0918,0.297,0.1861,0.2054,0.1684,0.1992,0.2118
S,E7000,TOT_KWH,KWH,I_TAX,PPS,NO,,,,,,,,,,,,,,,,,,,,,,,,,,,,,,0.1185,0.1026,0.115,0.1108,0.103,,0.0932,0.0969,0.0957
S,E7000,TOT_KWH,KWH,I_TAX,PPS,PL,,,,,,,,,,,,,,,,,,,,,,,,,,,,,,0.2758,0.2445,0.2788,0.3177,0.3548,,0.3601,,0.3914
S,E7000,TOT_KWH,KWH,I_TAX,PPS,PT,,,,,,,,,,,,,,,,,,,,,,,,,,,,,,0.2668,0.2709,0.2742,0.2568,0.2841,,0.3358,0.3125,0.3131
S,E7000,TOT_KWH,KWH,I_TAX,PPS,RO,,,,,,,,,,,,,,,,,,,,,,,,,,,,,,0.3042,0.4161,0.6099,0.3221,0.3204,0.3139,0.3068,0.3028,0.4976
S,E7000,TOT_KWH,KWH,I_TAX,PPS,RS,,,,,,,,,,,,,,,,,,,,,,,,,,,,,,0.1571,0.1569,0.1693,0.1785,0.1916,0.1887,0.1946,0.1888,0.2081
S,E7000,TOT_KWH,KWH,I_TAX,PPS,SE,,,,,,,,,,,,,,,,,,,,,,,,,,,0.1229,0.1286,0.1307,0.1585,0.1419,0.1824,0.1827,0.1609,0.1711,0.1654,0.1759,0.1801
S,E7000,TOT_KWH,KWH,I_TAX,PPS,SI,,,,,,,,,,,,,,,,,,,,,,,,,,,,,,0.1931,0.1585,0.222,0.2178,0.243,0.2397,0.228,0.2071,0.2406
S,E7000,TOT_KWH,KWH,I_TAX,PPS,SK,,,,,,,,,,,,,,,,,,,,,,,,,,,,,,0.2013,0.2216,0.2351,0.2302,0.2481,0.2232,0.2238,0.2359,0.2344
S,E7000,TOT_KWH,KWH,I_TAX,PPS,TR,,,,,,,,,,,,,,,,,,,,,,,,,,,,,,0.2168,0.3333,0.2399,,0.2246,0.1492,0.2005,0.1494,0.1816
S,E7000,TOT_KWH,KWH,X_TAX,EUR,AL,,,,,,,,,,,,,,,,,,,,,,,,,,,,,,,,0.0813,0.0842,,,,,0.0979
S,E7000,TOT_KWH,KWH,X_TAX,EUR,AT,,,,,,,,,,,,,,,,,,,,,,,,,,,,,,0.1424,0.1548,0.2036,0.2658,0.2942,0.2895,0.266,0.2546,0.2528
S,E7000,TOT_KWH,KWH,X_TAX,EUR,BA,,,,,,,,,,,,,,,,,,,,,,,,,,,,,,0.071,0.0737,0.0739,0.0782,0.075,0.077,0.0788,0.0824,0.0837
S,E7000,TOT_KWH,KWH,X_TAX,EUR,BE,,,,,,,,,,,,,,,,,,,,,,,,,,,,,,0.2021,0.2656,0.3819,0.356,0.2776,0.2394,0.2478,0.2762,0.2758
S,E7000,TOT_KWH,KWH,X_TAX,EUR,BG,,,,,,,,,,,,,,,,,,,,,,,,,,,,,,0.0909,0.0909,0.0958,0.0947,0.0995,0.0988,0.1013,0.1079,0.1128
S,E7000,TOT_KWH,KWH,X_TAX,EUR,CY,,,,,,,,,,,,,,,,,,,,,,,,,,,,,,0.1462,0.1675,0.2598,0.2345,0.2149,0.2142,0.2156,0.1987,0.1996
S,E7000,TOT_KWH,KWH,X_TAX,EUR,CZ,,,,,,,,,,,,,,,,,,,,,,,,,,,,,,0.152,0.1805,0.1962,0.2502,0.2487,0.2476,0.2424,0.2315,0.2325
S,E7000,TOT_KWH,KWH,X_TAX,EUR,DE,,,,,,,,,,,,,,,,,,,,,,,,,,,,,,0.1647,0.196,0.2435,0.3066,0.3006,0.2933,0.2939,0.274,0.2772
S,E7000,TOT_KWH,KWH,X_TAX,EUR,DK,,,,,,,,,,,,,,,,,,,,,,,,,,,,,,0.1485,0.2372,0.3637,0.2973,0.1823,0.1859,0.1903,0.1798,0.166
S,E7000,TOT_KWH,KWH,X_TAX,EUR,EA,,,,,,,,,,,,,,,,,,,,,,0.1191,0.1273,0.1295,0.1367,0.1446,0.1608,0.1625,0.16,0.1623,0.2078,0.2527,0.2662,0.2534,0.2467,0.2413,0.2301,0.2258
S,E7000,TOT_KWH,KWH,X_TAX,EUR,EE,,,,,,,,,,,,,,,,,,,,,,,,,,,,,,0.151,0.157,0.1861,0.16,0.1703,0.1651,0.1608,0.1669,0.1608
S,E7000,TOT_KWH,KWH,X_TAX,EUR,EL,,,,,,,,,,,,,,,,,,,,,,,,,,,,,,0.1635,0.2923,0.453,0.1975,0.2008,0.2051,0.2058,0.2141,0.2064
S,E7000,TOT_KWH,KWH,X_TAX,EUR,ES,,,,,,,,,,,,,,,,,,,,,,,,,,,,,,0.1876,0.2676,0.302,0.2315,0.2239,0.2032,0.2062,0.1967,0.1987
S,E7000,TOT_KWH,KWH,X_TAX,EUR,EU27_2020,,,,,,,,,,,,,,,,,,,,,,0.1191,0.1273,0.1295,0.1367,0.1446,0.119,0.1249,0.1183,0.1555,0.1928,0.2374,0.2413,0.2332,0.2279,0.2233,0.2148,0.2112
S,E7000,TOT_KWH,KWH,X_TAX,EUR,FI,,,,,,,,,,,,,,,,,,,,,,,,,,,,,,0.107,0.1121,0.1458,0.1457,0.1421,0.1519,0.1295,0.1274,0.1293
S,E7000,TOT_KWH,KWH,X_TAX,EUR,FR,,,,,,,,,,,,,,,,,,,,,,,,,,,,,,0.1316,0.1539,0.1648,0.1834,0.2094,0.2147,0.2161,0.1848,0.1727
S,E7000,TOT_KWH,KWH,X_TAX,EUR,GE,,,,,,,,,,,,,,,,,,,,,,,,,,,,,,0.0529,,0.0693,0.069,0.0701,0.0561,0.0563,0.0606,0.0592
S,E7000,TOT_KWH,KWH,X_TAX,EUR,HR,,,,,,,,,,,,,,,,,,,,,,,,,,,,,,0.1033,0.1081,0.1182,0.1238,0.1226,0.1227,0.1222,0.1363,0.1381
S,E7000,TOT_KWH,KWH,X_TAX,EUR,HU,,,,,,,,,,,,,,,,,,,,,,,,,,,,,0.0792,0.0793,0.0745,0.086,0.093,0.0873,0.0858,0.0832,0.0839,0.0886
S,E7000,TOT_KWH,KWH,X_TAX,EUR,IE,,,,,,,,,,,,,,,,,,,,,,,,,,,0.1947,0.2092,0.1999,0.2299,0.2557,0.3665,0.4305,0.4437,0.3695,0.3649,,0.3416
S,E7000,TOT_KWH,KWH,X_TAX,EUR,IS,,,,,,,,,,,,,,,,,,,,,,,,,,,,,,0.0887,0.1119,0.1137,0.1124,0.1178,,0.1213,0.1378,
S,E7000,TOT_KWH,KWH,X_TAX,EUR,IT,,,,,,,,,,,,,,,,,,,,,,,,,,,,,,0.1982,0.293,0.3475,0.3499,0.2775,0.2737,0.2561,0.2823,0.2485
S,E7000,TOT_KWH,KWH,X_TAX,EUR,LI,,,,,,,,,,,,,,,,,,,,,,,,,,,,,,0.1768,0.1852,0.1967,0.3848,0.3146,0.2796,0.2679,0.2619,0.2649
S,E7000,TOT_KWH,KWH,X_TAX,EUR,LT,,,,,,,,,,,,,,,,,,,,,,,,,,,,,,0.1142,0.1218,0.2044,0.2487,0.1992,0.1957,0.1847,0.1831,0.1718
S,E7000,TOT_KWH,KWH,X_TAX,EUR,LU,,,,,,,,,,,,,,,,,,,,,,,,,,,,,,0.1387,0.159,0.1605,0.2898,0.2775,0.2926,,,0.2783
S,E7000,TOT_KWH,KWH,X_TAX,EUR,LV,,,,,,,,,,,,,,,,,,,,,,,,,,,,,,0.1443,0.1802,0.2461,0.2609,0.2812,0.2506,0.2343,0.2204,0.2182
S,E7000,TOT_KWH,KWH,X_TAX,EUR,MD,,,,,,,,,,,,,,,,,,,,,,,,,,,,,,0.0808,0.097,0.1787,0.1753,0.1396,0.1299,0.1286,0.2072,0.1924
S,E7000,TOT_KWH,KWH,X_TAX,EUR,ME,,,,,,,,,,,,,,,,,,,,,,,,,,,,,,0.0823,0.0814,0.0835,0.0843,0.0844,0.089,0.0891,0.0919,0.0923
S,E7000,TOT_KWH,KWH,X_TAX,EUR,MK,,,,,,,,,,,,,,,,,,,,,,,,,,,,,,0.08,0.089,0.1007,0.0999,0.1005,0.0985,0.0995,0.1001,0.1004
S,E7000,TOT_KWH,KWH,X_TAX,EUR,MT,,,,,,,,,,,,,,,,,,,,,,,,,,,,,,0.149,0.1473,0.142,0.1384,0.1386,,0.1419,,0.1388
S,E7000,TOT_KWH,KWH,X_TAX,EUR,NL,,,,,,,,,,,,,,,,,,,,,,0.1191,0.1273,0.1295,0.1367,0.1446,0.1474,0.1439,0.1445,0.1573,0.2203,0.3375,0.4495,0.2862,0.3185,0.2873,0.2881,0.3027
S,E7000,TOT_KWH,KWH,X_TAX,EUR,NO,,,,,,,,,,,,,,,,,,,,,,,,,,,,,,0.1331,0.1592,0.2188,0.1205,0.0984,,0.0825,0.096,0.0992
S,E7000,TOT_KWH,KWH,X_TAX,EUR,PL,,,,,,,,,,,,,,,,,,,,,,,,,,,,,,0.0927,0.0953,0.1067,0.1028,0.1232,,0.1463,,0.1621
S,E7000,TOT_KWH,KWH,X_TAX,EUR,PT,,,,,,,,,,,,,,,,,,,,,,,,,,,,,,0.123,0.1783,0.2149,0.3,0.2188,,0.1774,0.1687,0.1695
S,E7000,TOT_KWH,KWH,X_TAX,EUR,RO,,,,,,,,,,,,,,,,,,,,,,,,,,,,,,0.1174,0.1743,0.2691,0.1354,0.1333,0.1301,0.1295,0.1344,0.2232
S,E7000,TOT_KWH,KWH,X_TAX,EUR,RS,,,,,,,,,,,,,,,,,,,,,,,,,,,,,,0.0626,0.0625,0.0658,0.0735,0.0812,0.0843,0.0854,0.0833,0.0926
S,E7000,TOT_KWH,KWH,X_TAX,EUR,SE,,,,,,,,,,,,,,,,,,,,,,,,,,,0.0889,0.0978,0.1006,0.1397,0.1417,0.2078,0.1392,0.1159,0.1259,0.1178,0.1311,0.1358
S,E7000,TOT_KWH,KWH,X_TAX,EUR,SI,,,,,,,,,,,,,,,,,,,,,,,,,,,,,,0.1146,0.0994,0.1491,0.1581,0.1579,0.1676,0.1585,0.1456,0.1611
S,E7000,TOT_KWH,KWH,X_TAX,EUR,SK,,,,,,,,,,,,,,,,,,,,,,,,,,,,,,0.1025,0.1239,0.1321,0.1335,0.125,0.1252,0.1237,0.1274,0.1264
S,E7000,TOT_KWH,KWH,X_TAX,EUR,TR,,,,,,,,,,,,,,,,,,,,,,,,,,,,,,0.0637,0.074,0.084,,0.0497,0.0433,0.0551,0.0588,0.0607
S,E7000,TOT_KWH,KWH,X_TAX,EUR,XK,,,,,,,,,,,,,,,,,,,,,,,,,,,,,,0.0527,0.0582,0.0636,0.0655,0.0714,0.0712,0.0706,0.0733,0.0842
S,E7000,TOT_KWH,KWH,X_TAX,NAC,AL,,,,,,,,,,,,,,,,,,,,,,,,,,,,,,,,9.5,9.5,,,,,9.5
S,E7000,TOT_KWH,KWH,X_TAX,NAC,AT,,,,,,,,,,,,,,,,,,,,,,,,,,,,,,0.1424,0.1548,0.2036,0.2658,0.2942,0.2895,0.266,0.2546,0.2528
S,E7000,TOT_KWH,KWH,X_TAX,NAC,BA,,,,,,,,,,,,,,,,,,,,,,,,,,,,,,0.1388,0.1441,0.1446,0.1529,0.1468,0.1506,0.1542,0.1611,0.1636
S,E7000,TOT_KWH,KWH,X_TAX,NAC,BE,,,,,,,,,,,,,,,,,,,,,,,,,,,,,,0.2021,0.2656,0.3819,0.356,0.2776,0.2394,0.2478,0.2762,0.2758
S,E7000,TOT_KWH,KWH,X_TAX,NAC,BG,,,,,,,,,,,,,,,,,,,,,,,,,,,,,,0.1778,0.1778,0.1873,0.1851,0.1946,0.1932,0.1981,0.2111,0.2206
S,E7000,TOT_KWH,KWH,X_TAX,NAC,CY,,,,,,,,,,,,,,,,,,,,,,,,,,,,,,0.1462,0.1675,0.2598,0.2345,0.2149,0.2142,0.2156,0.1987,0.1996
S,E7000,TOT_KWH,KWH,X_TAX,NAC,CZ,,,,,,,,,,,,,,,,,,,,,,,,,,,,,,3.8661,4.4491,4.8048,5.9252,6.0493,6.1929,6.1131,5.7869,5.6689
S,E7000,TOT_KWH,KWH,X_TAX,NAC,DE,,,,,,,,,,,,,,,,,,,,,,,,,,,,,,0.1647,0.196,0.2435,0.3066,0.3006,0.2933,0.2939,0.274,0.2772
S,E7000,TOT_KWH,KWH,X_TAX,NAC,DK,,,,,,,,,,,,,,,,,,,,,,,,,,,,,,1.1048,1.7644,2.7059,2.2137,1.3588,1.3862,1.4196,1.3411,1.2396
S,E7000,TOT_KWH,KWH,X_TAX,NAC,EE,,,,,,,,,,,,,,,,,,,,,,,,,,,,,,0.151,0.157,0.1861,0.16,0.1703,0.1651,0.1608,0.1669,0.1608
S,E7000,TOT_KWH,KWH,X_TAX,NAC,EL,,,,,,,,,,,,,,,,,,,,,,,,,,,,,,0.1635,0.2923,0.453,0.1975,0.2008,0.2051,0.2058,0.2141,0.2064
S,E7000,TOT_KWH,KWH,X_TAX,NAC,ES,,,,,,,,,,,,,,,,,,,,,,,,,,,,,,0.1876,0.2676,0.302,0.2315,0.2239,0.2032,0.2062,0.1967,0.1987
S,E7000,TOT_KWH,KWH,X_TAX,NAC,FI,,,,,,,,,,,,,,,,,,,,,,,,,,,,,,0.107,0.1121,0.1458,0.1457,0.1421,0.1519,0.1295,0.1274,0.1293
S,E7000,TOT_KWH,KWH,X_TAX,NAC,FR,,,,,,,,,,,,,,,,,,,,,,,,,,,,,,0.1316,0.1539,0.1648,0.1834,0.2094,0.2147,0.2161,0.1848,0.1727
S,E7000,TOT_KWH,KWH,X_TAX,NAC,GE,,,,,,,,,,,,,,,,,,,,,,,,,,,,,,0.1918,,0.1952,0.1938,0.2015,0.1642,0.1667,0.184,0.187
S,E7000,TOT_KWH,KWH,X_TAX,NAC,HR,,,,,,,,,,,,,,,,,,,,,,,,,,,,,,0.7756,0.815,0.8907,0.1238,0.1226,0.1227,0.1222,0.1363,0.1381
S,E7000,TOT_KWH,KWH,X_TAX,NAC,HU,,,,,,,,,,,,,,,,,,,,,,,,,,,,,28.3608,28.4828,27.9452,34.9963,35.389,33.4283,33.4399,33.336,33.9492,34.6751
S,E7000,TOT_KWH,KWH,X_TAX,NAC,IE,,,,,,,,,,,,,,,,,,,,,,,,,,,0.1947,0.2092,0.1999,0.2299,0.2557,0.3665,0.4305,0.4437,0.3695,0.3649,,0.3416
S,E7000,TOT_KWH,KWH,X_TAX,NAC,IS,,,,,,,,,,,,,,,,,,,,,,,,,,,,,,13.1971,15.8239,16.2701,16.9855,17.3463,,18.0848,19.9936,
S,E7000,TOT_KWH,KWH,X_TAX,NAC,IT,,,,,,,,,,,,,,,,,,,,,,,,,,,,,,0.1982,0.293,0.3475,0.3499,0.2775,0.2737,0.2561,0.2823,0.2485
S,E7000,TOT_KWH,KWH,X_TAX,NAC,LI,,,,,,,,,,,,,,,,,,,,,,,,,,,,,,0.1889,0.1911,0.1924,0.3792,0.3014,0.2689,0.2528,0.2465,0.2471
S,E7000,TOT_KWH,KWH,X_TAX,NAC,LT,,,,,,,,,,,,,,,,,,,,,,,,,,,,,,0.1142,0.1218,0.2044,0.2487,0.1992,0.1957,0.1847,0.1831,0.1718
S,E7000,TOT_KWH,KWH,X_TAX,NAC,LU,,,,,,,,,,,,,,,,,,,,,,,,,,,,,,0.1387,0.159,0.1605,0.2898,0.2775,0.2926,,,0.2783
S,E7000,TOT_KWH,KWH,X_TAX,NAC,LV,,,,,,,,,,,,,,,,,,,,,,,,,,,,,,0.1443,0.1802,0.2461,0.2609,0.2812,0.2506,0.2343,0.2204,0.2182
S,E7000,TOT_KWH,KWH,X_TAX,NAC,MD,,,,,,,,,,,,,,,,,,,,,,,,,,,,,,1.6624,1.9602,3.5035,3.4868,2.7096,2.4953,2.4821,4.0407,3.7861
S,E7000,TOT_KWH,KWH,X_TAX,NAC,ME,,,,,,,,,,,,,,,,,,,,,,,,,,,,,,0.0823,0.0814,0.0835,0.0843,0.0844,0.089,0.0891,0.0919,0.0923
S,E7000,TOT_KWH,KWH,X_TAX,NAC,MK,,,,,,,,,,,,,,,,,,,,,,,,,,,,,,4.9326,5.4879,6.2013,6.1579,6.1793,6.064,6.12,6.1667,6.1805
S,E7000,TOT_KWH,KWH,X_TAX,NAC,MT,,,,,,,,,,,,,,,,,,,,,,,,,,,,,,0.149,0.1473,0.142,0.1384,0.1386,,0.1419,,0.1388
S,E7000,TOT_KWH,KWH,X_TAX,NAC,NL,,,,,,,,,,,,,,,,,,,,,,0.1191,0.1273,0.1295,0.1367,0.1446,0.1474,0.1439,0.1445,0.1573,0.2203,0.3375,0.4495,0.2862,0.3185,0.2873,0.2881,0.3027
S,E7000,TOT_KWH,KWH,X_TAX,NAC,NO,,,,,,,,,,,,,,,,,,,,,,,,,,,,,,1.351,1.5889,2.2364,1.3646,1.1351,,0.9699,1.1192,1.1674
S,E7000,TOT_KWH,KWH,X_TAX,NAC,PL,,,,,,,,,,,,,,,,,,,,,,,,,,,,,,0.4258,0.4418,0.5053,0.4752,0.5493,,0.6285,,0.6883
S,E7000,TOT_KWH,KWH,X_TAX,NAC,PT,,,,,,,,,,,,,,,,,,,,,,,,,,,,,,0.123,0.1783,0.2149,0.3,0.2188,,0.1774,0.1687,0.1695
S,E7000,TOT_KWH,KWH,X_TAX,NAC,RO,,,,,,,,,,,,,,,,,,,,,,,,,,,,,,0.58,0.8623,1.3231,0.668,0.6609,0.6471,0.6442,0.6725,1.1339
S,E7000,TOT_KWH,KWH,X_TAX,NAC,RS,,,,,,,,,,,,,,,,,,,,,,,,,,,,,,7.3548,7.3468,7.7241,8.6169,9.5154,9.874,9.9922,9.7624,10.8589
S,E7000,TOT_KWH,KWH,X_TAX,NAC,SE,,,,,,,,,,,,,,,,,,,,,,,,,,,0.9477,1.0089,1.0196,1.4196,1.4852,2.2401,1.5778,1.3467,1.4336,1.3512,1.4541,1.4993
S,E7000,TOT_KWH,KWH,X_TAX,NAC,SI,,,,,,,,,,,,,,,,,,,,,,,,,,,,,,0.1146,0.0994,0.1491,0.1581,0.1579,0.1676,0.1585,0.1456,0.1611
S,E7000,TOT_KWH,KWH,X_TAX,NAC,SK,,,,,,,,,,,,,,,,,,,,,,,,,,,,,,0.1025,0.1239,0.1321,0.1335,0.125,0.1252,0.1237,0.1274,0.1264
S,E7000,TOT_KWH,KWH,X_TAX,NAC,TR,,,,,,,,,,,,,,,,,,,,,,,,,,,,,,0.7297,1.2031,1.5565,,1.4863,1.4817,2.0319,2.417,2.9373
S,E7000,TOT_KWH,KWH,X_TAX,NAC,XK,,,,,,,,,,,,,,,,,,,,,,,,,,,,,,0.0527,0.0582,0.0636,0.0655,0.0714,0.0712,0.0706,0.0733,0.0842
S,E7000,TOT_KWH,KWH,X_TAX,PPS,AL,,,,,,,,,,,,,,,,,,,,,,,,,,,,,,,,0.1482,0.1491,,,,,0.1529
S,E7000,TOT_KWH,KWH,X_TAX,PPS,AT,,,,,,,,,,,,,,,,,,,,,,,,,,,,,,0.1233,0.134,0.1785,0.2373,0.2621,0.2556,0.2347,0.2217,0.2202
S,E7000,TOT_KWH,KWH,X_TAX,PPS,BA,,,,,,,,,,,,,,,,,,,,,,,,,,,,,,0.1364,0.1416,0.1419,0.1437,0.1356,0.1412,0.1437,0.1396,0.1418
S,E7000,TOT_KWH,KWH,X_TAX,PPS,BE,,,,,,,,,,,,,,,,,,,,,,,,,,,,,,0.1816,0.239,0.3437,0.3198,0.2481,0.2134,0.2195,0.2461,0.2457
S,E7000,TOT_KWH,KWH,X_TAX,PPS,BG,,,,,,,,,,,,,,,,,,,,,,,,,,,,,,0.1647,0.1647,0.1727,0.157,0.1651,0.1636,0.1678,0.1759,0.1838
S,E7000,TOT_KWH,KWH,X_TAX,PPS,CY,,,,,,,,,,,,,,,,,,,,,,,,,,,,,,0.1594,0.1827,0.2866,0.2563,0.2358,0.2384,0.2367,0.2175,0.2186
S,E7000,TOT_KWH,KWH,X_TAX,PPS,CZ,,,,,,,,,,,,,,,,,,,,,,,,,,,,,,0.1997,0.2239,0.2418,0.299,0.3053,0.3087,0.301,0.2851,0.2793
S,E7000,TOT_KWH,KWH,X_TAX,PPS,DE,,,,,,,,,,,,,,,,,,,,,,,,,,,,,,0.1482,0.1764,0.2192,0.2739,0.2686,0.2608,0.2626,0.2453,0.2482
S,E7000,TOT_KWH,KWH,X_TAX,PPS,DK,,,,,,,,,,,,,,,,,,,,,,,,,,,,,,0.1118,0.1786,0.2722,0.2248,0.1371,0.142,0.144,0.1374,0.127
S,E7000,TOT_KWH,KWH,X_TAX,PPS,EA,,,,,,,,,,,,,,,,,,,,,,0.1046,0.1111,0.1131,0.1159,0.1225,0.136,0.1373,0.1363,0.1549,0.2029,0.2468,0.256,0.2414,0.2351,0.2324,0.2232,0.2179
S,E7000,TOT_KWH,KWH,X_TAX,PPS,EE,,,,,,,,,,,,,,,,,,,,,,,,,,,,,,0.1844,0.1917,0.2271,0.1806,0.1898,0.1834,0.1751,0.1825,0.1759
S,E7000,TOT_KWH,KWH,X_TAX,PPS,EL,,,,,,,,,,,,,,,,,,,,,,,,,,,,,,0.1992,0.3552,0.5505,0.2407,0.2449,0.2532,0.2541,0.2634,0.254
S,E7000,TOT_KWH,KWH,X_TAX,PPS,ES,,,,,,,,,,,,,,,,,,,,,,,,,,,,,,0.2005,0.286,0.3199,0.2483,0.2401,0.222,0.2298,0.2192,0.2214
S,E7000,TOT_KWH,KWH,X_TAX,PPS,EU27_2020,,,,,,,,,,,,,,,,,,,,,,0.1046,0.1111,0.1131,0.1159,0.1225,0.0986,0.1018,0.104,0.1538,0.195,0.2401,0.2394,0.228,0.2227,0.2203,0.213,0.2127
S,E7000,TOT_KWH,KWH,X_TAX,PPS,FI,,,,,,,,,,,,,,,,,,,,,,,,,,,,,,0.086,0.0899,0.1166,0.1175,0.1146,0.1265,0.1079,0.1061,0.1077
S,E7000,TOT_KWH,KWH,X_TAX,PPS,FR,,,,,,,,,,,,,,,,,,,,,,,,,,,,,,0.1211,0.142,0.152,0.1688,0.1917,0.1965,0.1979,0.1697,0.1585
S,E7000,TOT_KWH,KWH,X_TAX,PPS,HR,,,,,,,,,,,,,,,,,,,,,,,,,,,,,,0.1581,0.1662,0.1814,0.186,0.182,0.1776,0.1714,0.1913,0.1937
S,E7000,TOT_KWH,KWH,X_TAX,PPS,HU,,,,,,,,,,,,,,,,,,,,,,,,,,,,,0.1215,0.122,0.1105,0.1384,0.14,0.1322,0.1229,0.1246,0.1211,0.1237
S,E7000,TOT_KWH,KWH,X_TAX,PPS,IE,,,,,,,,,,,,,,,,,,,,,,,,,,,0.1602,0.1722,0.1668,0.1918,0.2133,0.3083,0.3621,0.3733,0.3121,0.3083,,0.2886
S,E7000,TOT_KWH,KWH,X_TAX,PPS,IS,,,,,,,,,,,,,,,,,,,,,,,,,,,,,,0.0585,0.0701,0.0721,0.0774,0.0778,,0.0816,0.0876,
S,E7000,TOT_KWH,KWH,X_TAX,PPS,IT,,,,,,,,,,,,,,,,,,,,,,,,,,,,,,0.2022,0.2989,0.3558,0.3639,0.2891,0.2835,0.2662,0.2951,0.2598
S,E7000,TOT_KWH,KWH,X_TAX,PPS,LT,,,,,,,,,,,,,,,,,,,,,,,,,,,,,,0.1641,0.1751,0.2961,0.3306,0.2648,0.2533,0.2364,0.2342,0.2198
S,E7000,TOT_KWH,KWH,X_TAX,PPS,LU,,,,,,,,,,,,,,,,,,,,,,,,,,,,,,0.1087,0.1247,0.1239,0.2233,0.2098,0.2212,,,0.2108
S,E7000,TOT_KWH,KWH,X_TAX,PPS,LV,,,,,,,,,,,,,,,,,,,,,,,,,,,,,,0.1902,0.2348,0.3206,0.3268,0.3512,0.3108,0.3039,0.2859,0.2831
S,E7000,TOT_KWH,KWH,X_TAX,PPS,ME,,,,,,,,,,,,,,,,,,,,,,,,,,,,,,0.1582,0.1563,0.1621,0.1544,0.1545,0.1564,0.1585,0.1638,0.1646
S,E7000,TOT_KWH,KWH,X_TAX,PPS,MK,,,,,,,,,,,,,,,,,,,,,,,,,,,,,,0.1684,0.1874,0.2162,0.2091,0.2115,0.2034,0.1962,0.1977,0.1982
S,E7000,TOT_KWH,KWH,X_TAX,PPS,MT,,,,,,,,,,,,,,,,,,,,,,,,,,,,,,0.1688,0.1686,0.1603,0.1543,0.1546,,0.1563,,0.1526
S,E7000,TOT_KWH,KWH,X_TAX,PPS,NL,,,,,,,,,,,,,,,,,,,,,,0.1046,0.1111,0.1131,0.1159,0.1225,0.1264,0.1235,0.1244,0.1354,0.1882,0.2883,0.3824,0.2434,0.2717,0.2451,0.2458,0.2583
S,E7000,TOT_KWH,KWH,X_TAX,PPS,NO,,,,,,,,,,,,,,,,,,,,,,,,,,,,,,0.0932,0.1096,0.1559,0.0999,0.0837,,0.0684,0.0774,0.0807
S,E7000,TOT_KWH,KWH,X_TAX,PPS,PL,,,,,,,,,,,,,,,,,,,,,,,,,,,,,,0.1547,0.1522,0.1741,0.165,0.1908,,0.2048,,0.2223
S,E7000,TOT_KWH,KWH,X_TAX,PPS,PT,,,,,,,,,,,,,,,,,,,,,,,,,,,,,,0.1436,0.2081,0.2509,0.3509,0.2595,,0.2155,0.2046,0.2056
S,E7000,TOT_KWH,KWH,X_TAX,PPS,RO,,,,,,,,,,,,,,,,,,,,,,,,,,,,,,0.2217,0.3126,0.4798,0.2422,0.2396,0.2302,0.2273,0.2266,0.3821
S,E7000,TOT_KWH,KWH,X_TAX,PPS,RS,,,,,,,,,,,,,,,,,,,,,,,,,,,,,,0.1149,0.1147,0.1208,0.1278,0.139,0.1374,0.14,0.1358,0.151
S,E7000,TOT_KWH,KWH,X_TAX,PPS,SE,,,,,,,,,,,,,,,,,,,,,,,,,,,0.0716,0.0762,0.0775,0.1079,0.1129,0.1703,0.1171,0.0997,0.1054,0.1005,0.1081,0.1115
S,E7000,TOT_KWH,KWH,X_TAX,PPS,SI,,,,,,,,,,,,,,,,,,,,,,,,,,,,,,0.1352,0.1172,0.1755,0.184,0.1861,0.1936,0.184,0.1669,0.1847
S,E7000,TOT_KWH,KWH,X_TAX,PPS,SK,,,,,,,,,,,,,,,,,,,,,,,,,,,,,,0.1266,0.1531,0.1642,0.1611,0.1577,0.1545,0.1546,0.1589,0.1576
S,E7000,TOT_KWH,KWH,X_TAX,PPS,TR,,,,,,,,,,,,,,,,,,,,,,,,,,,,,,0.1751,0.2886,0.2146,,0.2003,0.1329,0.1794,0.1336,0.1623
S,E7000,TOT_KWH,KWH,X_VAT,EUR,AL,,,,,,,,,,,,,,,,,,,,,,,,,,,,,,,,0.0813,0.0842,,,,,0.0979
S,E7000,TOT_KWH,KWH,X_VAT,EUR,AT,,,,,,,,,,,,,,,,,,,,,,,,,,,,,,0.1876,0.1834,0.1963,0.2267,0.2404,0.2372,0.2149,0.2466,0.2739
S,E7000,TOT_KWH,KWH,X_VAT,EUR,BA,,,,,,,,,,,,,,,,,,,,,,,,,,,,,,0.0737,0.0762,0.0764,0.0787,0.0756,0.0775,0.0794,0.0829,0.0847
S,E7000,TOT_KWH,KWH,X_VAT,EUR,BE,,,,,,,,,,,,,,,,,,,,,,,,,,,,,,0.2491,0.3102,0.4263,0.4074,0.3561,0.3159,0.3149,0.3372,0.3353
S,E7000,TOT_KWH,KWH,X_VAT,EUR,BG,,,,,,,,,,,,,,,,,,,,,,,,,,,,,,0.0909,0.0909,0.0958,0.0947,0.0995,0.0988,0.1013,0.1079,0.1128
S,E7000,TOT_KWH,KWH,X_VAT,EUR,CY,,,,,,,,,,,,,,,,,,,,,,,,,,,,,,0.1955,0.2342,0.2856,0.3187,0.2966,0.2772,0.2823,0.2601,0.2671
S,E7000,TOT_KWH,KWH,X_VAT,EUR,CZ,,,,,,,,,,,,,,,,,,,,,,,,,,,,,,0.1642,0.1915,0.1137,0.2514,0.2504,0.2694,0.2644,0.2541,0.2567
S,E7000,TOT_KWH,KWH,X_VAT,EUR,DE,,,,,,,,,,,,,,,,,,,,,,,,,,,,,,0.2763,0.2814,0.2921,0.3555,0.3498,0.3446,0.3455,0.3362,0.3397
S,E7000,TOT_KWH,KWH,X_VAT,EUR,DK,,,,,,,,,,,,,,,,,,,,,,,,,,,,,,0.2299,0.3162,0.4291,0.3023,0.2461,0.2551,0.2595,0.2415,0.2277
S,E7000,TOT_KWH,KWH,X_VAT,EUR,EA,,,,,,,,,,,,,,,,,,,,,,0.1262,0.1472,0.144,0.1719,0.1669,0.1387,0.138,0.1345,0.2201,0.2314,0.2575,0.2737,0.2713,0.2733,0.2717,0.2687,0.265
S,E7000,TOT_KWH,KWH,X_VAT,EUR,EE,,,,,,,,,,,,,,,,,,,,,,,,,,,,,,0.1633,0.1693,0.1984,0.1734,0.1826,0.1767,0.1727,0.1769,0.1713
S,E7000,TOT_KWH,KWH,X_VAT,EUR,EL,,,,,,,,,,,,,,,,,,,,,,,,,,,,,,0.1969,0.2207,0.2447,0.2346,0.2325,0.2298,0.2353,0.2415,0.2409
S,E7000,TOT_KWH,KWH,X_VAT,EUR,ES,,,,,,,,,,,,,,,,,,,,,,,,,,,,,,0.2561,0.2924,0.3247,0.2482,0.2407,0.2339,0.2398,0.2361,0.2387
S,E7000,TOT_KWH,KWH,X_VAT,EUR,EU27_2020,,,,,,,,,,,,,,,,,,,,,,0.1262,0.1472,0.144,0.1719,0.1669,0.129,0.1345,0.1275,0.2055,0.2151,0.2403,0.2524,0.2517,0.2544,0.2529,0.2512,0.2498
S,E7000,TOT_KWH,KWH,X_VAT,EUR,FI,,,,,,,,,,,,,,,,,,,,,,,,,,,,,,0.1295,0.1346,0.1683,0.1682,0.1647,0.1745,0.1521,0.15,0.1518
S,E7000,TOT_KWH,KWH,X_VAT,EUR,FR,,,,,,,,,,,,,,,,,,,,,,,,,,,,,,0.1687,0.1748,0.1805,0.1901,0.2152,0.2357,0.2434,0.2208,0.209
S,E7000,TOT_KWH,KWH,X_VAT,EUR,GE,,,,,,,,,,,,,,,,,,,,,,,,,,,,,,0.0529,,0.0693,0.069,0.0701,0.0561,0.0563,0.0606,0.0592
S,E7000,TOT_KWH,KWH,X_VAT,EUR,HR,,,,,,,,,,,,,,,,,,,,,,,,,,,,,,0.1173,0.122,0.1321,0.1378,0.1366,0.1363,0.1354,0.1496,0.1514
S,E7000,TOT_KWH,KWH,X_VAT,EUR,HU,,,,,,,,,,,,,,,,,,,,,,,,,,,,,0.0792,0.0793,0.0745,0.086,0.093,0.0873,0.0858,0.0832,0.0839,0.0886
S,E7000,TOT_KWH,KWH,X_VAT,EUR,IE,,,,,,,,,,,,,,,,,,,,,,,,,,,0.2019,0.2208,0.2155,0.2467,0.2063,0.2911,0.2512,0.3436,0.238,0.2797,,0.3505
S,E7000,TOT_KWH,KWH,X_VAT,EUR,IS,,,,,,,,,,,,,,,,,,,,,,,,,,,,,,0.091,0.0999,0.1015,0.1016,0.1059,,0.124,0.1406,
S,E7000,TOT_KWH,KWH,X_VAT,EUR,IT,,,,,,,,,,,,,,,,,,,,,,,,,,,,,,0.2377,0.3056,0.3594,0.3725,0.3287,0.3291,0.3169,0.339,0.3021
S,E7000,TOT_KWH,KWH,X_VAT,EUR,LI,,,,,,,,,,,,,,,,,,,,,,,,,,,,,,0.1909,0.1997,0.212,0.4,0.3303,0.2952,0.2837,0.2778,0.281
S,E7000,TOT_KWH,KWH,X_VAT,EUR,LT,,,,,,,,,,,,,,,,,,,,,,,,,,,,,,0.1241,0.125,0.2044,0.2411,0.1911,0.1957,0.1847,0.1813,0.1718
S,E7000,TOT_KWH,KWH,X_VAT,EUR,LU,,,,,,,,,,,,,,,,,,,,,,,,,,,,,,0.176,0.1785,0.18,0.1764,0.1784,0.1783,,,0.2417
S,E7000,TOT_KWH,KWH,X_VAT,EUR,LV,,,,,,,,,,,,,,,,,,,,,,,,,,,,,,0.1621,0.1457,0.2491,0.2613,0.2512,0.2269,0.2127,0.2211,0.2189
S,E7000,TOT_KWH,KWH,X_VAT,EUR,MD,,,,,,,,,,,,,,,,,,,,,,,,,,,,,,0.0808,0.097,0.1787,0.1753,0.1396,0.1299,0.1286,0.2072,0.1924
S,E7000,TOT_KWH,KWH,X_VAT,EUR,ME,,,,,,,,,,,,,,,,,,,,,,,,,,,,,,0.0857,0.0848,0.0866,0.0849,0.0833,0.0847,0.0871,0.0858,0.0872
S,E7000,TOT_KWH,KWH,X_VAT,EUR,MK,,,,,,,,,,,,,,,,,,,,,,,,,,,,,,0.08,0.089,0.1007,0.0999,0.1005,0.0985,0.0995,0.1001,0.1004
S,E7000,TOT_KWH,KWH,X_VAT,EUR,MT,,,,,,,,,,,,,,,,,,,,,,,,,,,,,,0.1505,0.1488,0.1435,0.1399,0.1401,,0.1434,,0.1403
S,E7000,TOT_KWH,KWH,X_VAT,EUR,NL,,,,,,,,,,,,,,,,,,,,,,0.1262,0.1472,0.144,0.1719,0.1669,0.1136,0.1052,0.103,0.113,0.0097,0.0986,0.2885,0.1808,0.1989,0.1631,0.193,0.2052
S,E7000,TOT_KWH,KWH,X_VAT,EUR,NO,,,,,,,,,,,,,,,,,,,,,,,,,,,,,,0.1501,0.1221,0.1322,0.1095,0.0993,,0.0921,0.0986,0.0966
S,E7000,TOT_KWH,KWH,X_VAT,EUR,PL,,,,,,,,,,,,,,,,,,,,,,,,,,,,,,0.1344,0.1442,0.1609,0.1609,0.1863,,0.2092,,0.232
S,E7000,TOT_KWH,KWH,X_VAT,EUR,PT,,,,,,,,,,,,,,,,,,,,,,,,,,,,,,0.1921,0.194,0.1972,0.1858,0.203,,0.2352,0.2226,0.2236
S,E7000,TOT_KWH,KWH,X_VAT,EUR,RO,,,,,,,,,,,,,,,,,,,,,,,,,,,,,,0.1354,0.195,0.2875,0.1513,0.1497,0.1491,0.1469,0.1509,0.241
S,E7000,TOT_KWH,KWH,X_VAT,EUR,RS,,,,,,,,,,,,,,,,,,,,,,,,,,,,,,0.0713,0.0712,0.0774,0.0861,0.0942,0.0974,0.0992,0.0969,0.1069
S,E7000,TOT_KWH,KWH,X_VAT,EUR,SE,,,,,,,,,,,,,,,,,,,,,,,,,,,0.122,0.132,0.1358,0.1616,0.1341,0.1624,0.1738,0.1496,0.1634,0.1551,0.1706,0.1756
S,E7000,TOT_KWH,KWH,X_VAT,EUR,SI,,,,,,,,,,,,,,,,,,,,,,,,,,,,,,0.1342,0.1101,0.1627,0.1688,0.1689,0.17,0.161,0.1481,0.1721
S,E7000,TOT_KWH,KWH,X_VAT,EUR,SK,,,,,,,,,,,,,,,,,,,,,,,,,,,,,,0.1358,0.1494,0.1576,0.159,0.1639,0.1507,0.1492,0.159,0.158
S,E7000,TOT_KWH,KWH,X_VAT,EUR,TR,,,,,,,,,,,,,,,,,,,,,,,,,,,,,,0.0668,0.0765,0.0869,,0.0507,0.0442,0.056,0.0597,0.0617
S,E7000,TOT_KWH,KWH,X_VAT,EUR,XK,,,,,,,,,,,,,,,,,,,,,,,,,,,,,,0.0554,0.0593,0.0643,0.0673,0.0745,0.0743,0.0737,0.0763,0.0871
S,E7000,TOT_KWH,KWH,X_VAT,NAC,AL,,,,,,,,,,,,,,,,,,,,,,,,,,,,,,,,9.5,9.5,,,,,9.5
S,E7000,TOT_KWH,KWH,X_VAT,NAC,AT,,,,,,,,,,,,,,,,,,,,,,,,,,,,,,0.1876,0.1834,0.1963,0.2267,0.2404,0.2372,0.2149,0.2466,0.2739
S,E7000,TOT_KWH,KWH,X_VAT,NAC,BA,,,,,,,,,,,,,,,,,,,,,,,,,,,,,,0.1442,0.149,0.1495,0.1539,0.1478,0.1516,0.1552,0.1621,0.1657
S,E7000,TOT_KWH,KWH,X_VAT,NAC,BE,,,,,,,,,,,,,,,,,,,,,,,,,,,,,,0.2491,0.3102,0.4263,0.4074,0.3561,0.3159,0.3149,0.3372,0.3353
S,E7000,TOT_KWH,KWH,X_VAT,NAC,BG,,,,,,,,,,,,,,,,,,,,,,,,,,,,,,0.1778,0.1778,0.1873,0.1851,0.1946,0.1932,0.1981,0.2111,0.2206
S,E7000,TOT_KWH,KWH,X_VAT,NAC,CY,,,,,,,,,,,,,,,,,,,,,,,,,,,,,,0.1955,0.2342,0.2856,0.3187,0.2966,0.2772,0.2823,0.2601,0.2671
S,E7000,TOT_KWH,KWH,X_VAT,NAC,CZ,,,,,,,,,,,,,,,,,,,,,,,,,,,,,,4.1757,4.7203,2.7827,5.9535,6.0909,6.7383,6.6681,6.3515,6.2605
S,E7000,TOT_KWH,KWH,X_VAT,NAC,DE,,,,,,,,,,,,,,,,,,,,,,,,,,,,,,0.2763,0.2814,0.2921,0.3555,0.3498,0.3446,0.3455,0.3362,0.3397
S,E7000,TOT_KWH,KWH,X_VAT,NAC,DK,,,,,,,,,,,,,,,,,,,,,,,,,,,,,,1.7095,2.3523,3.192,2.2514,1.8345,1.9026,1.9359,1.8018,1.7003
S,E7000,TOT_KWH,KWH,X_VAT,NAC,EE,,,,,,,,,,,,,,,,,,,,,,,,,,,,,,0.1633,0.1693,0.1984,0.1734,0.1826,0.1767,0.1727,0.1769,0.1713
S,E7000,TOT_KWH,KWH,X_VAT,NAC,EL,,,,,,,,,,,,,,,,,,,,,,,,,,,,,,0.1969,0.2207,0.2447,0.2346,0.2325,0.2298,0.2353,0.2415,0.2409
S,E7000,TOT_KWH,KWH,X_VAT,NAC,ES,,,,,,,,,,,,,,,,,,,,,,,,,,,,,,0.2561,0.2924,0.3247,0.2482,0.2407,0.2339,0.2398,0.2361,0.2387
S,E7000,TOT_KWH,KWH,X_VAT,NAC,FI,,,,,,,,,,,,,,,,,,,,,,,,,,,,,,0.1295,0.1346,0.1683,0.1682,0.1647,0.1745,0.1521,0.15,0.1518
S,E7000,TOT_KWH,KWH,X_VAT,NAC,FR,,,,,,,,,,,,,,,,,,,,,,,,,,,,,,0.1687,0.1748,0.1805,0.1901,0.2152,0.2357,0.2434,0.2208,0.209
S,E7000,TOT_KWH,KWH,X_VAT,NAC,GE,,,,,,,,,,,,,,,,,,,,,,,,,,,,,,0.1918,,0.1952,0.1938,0.2015,0.1642,0.1667,0.184,0.187
S,E7000,TOT_KWH,KWH,X_VAT,NAC,HR,,,,,,,,,,,,,,,,,,,,,,,,,,,,,,0.8806,0.92,0.9957,0.1378,0.1366,0.1363,0.1354,0.1496,0.1514
S,E7000,TOT_KWH,KWH,X_VAT,NAC,HU,,,,,,,,,,,,,,,,,,,,,,,,,,,,,28.3608,28.4828,27.9452,34.9963,35.389,33.4283,33.4399,33.336,33.9492,34.6751
S,E7000,TOT_KWH,KWH,X_VAT,NAC,IE,,,,,,,,,,,,,,,,,,,,,,,,,,,0.2019,0.2208,0.2155,0.2467,0.2063,0.2911,0.2512,0.3436,0.238,0.2797,,0.3505
S,E7000,TOT_KWH,KWH,X_VAT,NAC,IS,,,,,,,,,,,,,,,,,,,,,,,,,,,,,,13.5371,14.1246,14.533,15.3473,15.593,,18.4948,20.4036,
S,E7000,TOT_KWH,KWH,X_VAT,NAC,IT,,,,,,,,,,,,,,,,,,,,,,,,,,,,,,0.2377,0.3056,0.3594,0.3725,0.3287,0.3291,0.3169,0.339,0.3021
S,E7000,TOT_KWH,KWH,X_VAT,NAC,LI,,,,,,,,,,,,,,,,,,,,,,,,,,,,,,0.2039,0.2061,0.2074,0.3942,0.3164,0.2838,0.2678,0.2616,0.2621
S,E7000,TOT_KWH,KWH,X_VAT,NAC,LT,,,,,,,,,,,,,,,,,,,,,,,,,,,,,,0.1241,0.125,0.2044,0.2411,0.1911,0.1957,0.1847,0.1813,0.1718
S,E7000,TOT_KWH,KWH,X_VAT,NAC,LU,,,,,,,,,,,,,,,,,,,,,,,,,,,,,,0.176,0.1785,0.18,0.1764,0.1784,0.1783,,,0.2417
S,E7000,TOT_KWH,KWH,X_VAT,NAC,LV,,,,,,,,,,,,,,,,,,,,,,,,,,,,,,0.1621,0.1457,0.2491,0.2613,0.2512,0.2269,0.2127,0.2211,0.2189
S,E7000,TOT_KWH,KWH,X_VAT,NAC,MD,,,,,,,,,,,,,,,,,,,,,,,,,,,,,,1.6624,1.9602,3.5035,3.4868,2.7096,2.4953,2.4821,4.0407,3.7861
S,E7000,TOT_KWH,KWH,X_VAT,NAC,ME,,,,,,,,,,,,,,,,,,,,,,,,,,,,,,0.0857,0.0848,0.0866,0.0849,0.0833,0.0847,0.0871,0.0858,0.0872
S,E7000,TOT_KWH,KWH,X_VAT,NAC,MK,,,,,,,,,,,,,,,,,,,,,,,,,,,,,,4.9326,5.4879,6.2013,6.1579,6.1793,6.064,6.12,6.1667,6.1805
S,E7000,TOT_KWH,KWH,X_VAT,NAC,MT,,,,,,,,,,,,,,,,,,,,,,,,,,,,,,0.1505,0.1488,0.1435,0.1399,0.1401,,0.1434,,0.1403
S,E7000,TOT_KWH,KWH,X_VAT,NAC,NL,,,,,,,,,,,,,,,,,,,,,,0.1262,0.1472,0.144,0.1719,0.1669,0.1136,0.1052,0.103,0.113,0.0097,0.0986,0.2885,0.1808,0.1989,0.1631,0.193,0.2052
S,E7000,TOT_KWH,KWH,X_VAT,NAC,NO,,,,,,,,,,,,,,,,,,,,,,,,,,,,,,1.5238,1.2184,1.3518,1.24,1.1452,,1.0836,1.1494,1.1366
S,E7000,TOT_KWH,KWH,X_VAT,NAC,PL,,,,,,,,,,,,,,,,,,,,,,,,,,,,,,0.6173,0.6687,0.7619,0.7437,0.8306,,0.8985,,0.9855
S,E7000,TOT_KWH,KWH,X_VAT,NAC,PT,,,,,,,,,,,,,,,,,,,,,,,,,,,,,,0.1921,0.194,0.1972,0.1858,0.203,,0.2352,0.2226,0.2236
S,E7000,TOT_KWH,KWH,X_VAT,NAC,RO,,,,,,,,,,,,,,,,,,,,,,,,,,,,,,0.6688,0.9644,1.4137,0.7465,0.7425,0.7417,0.7309,0.7552,1.2241
S,E7000,TOT_KWH,KWH,X_VAT,NAC,RS,,,,,,,,,,,,,,,,,,,,,,,,,,,,,,8.381,8.3714,9.0805,10.0981,11.0385,11.4164,11.6036,11.3538,12.5258
S,E7000,TOT_KWH,KWH,X_VAT,NAC,SE,,,,,,,,,,,,,,,,,,,,,,,,,,,1.3007,1.3619,1.3756,1.6418,1.4052,1.7501,1.9698,1.7387,1.8616,1.7792,1.8931,1.9383
S,E7000,TOT_KWH,KWH,X_VAT,NAC,SI,,,,,,,,,,,,,,,,,,,,,,,,,,,,,,0.1342,0.1101,0.1627,0.1688,0.1689,0.17,0.161,0.1481,0.1721
S,E7000,TOT_KWH,KWH,X_VAT,NAC,SK,,,,,,,,,,,,,,,,,,,,,,,,,,,,,,0.1358,0.1494,0.1576,0.159,0.1639,0.1507,0.1492,0.159,0.158
S,E7000,TOT_KWH,KWH,X_VAT,NAC,TR,,,,,,,,,,,,,,,,,,,,,,,,,,,,,,0.7654,1.2448,1.6106,,1.5168,1.5125,2.064,2.4564,2.9863
S,E7000,TOT_KWH,KWH,X_VAT,NAC,XK,,,,,,,,,,,,,,,,,,,,,,,,,,,,,,0.0554,0.0593,0.0643,0.0673,0.0745,0.0743,0.0737,0.0763,0.0871
S,E7000,TOT_KWH,KWH,X_VAT,PPS,AL,,,,,,,,,,,,,,,,,,,,,,,,,,,,,,,,0.1482,0.1491,,,,,0.1529
S,E7000,TOT_KWH,KWH,X_VAT,PPS,AT,,,,,,,,,,,,,,,,,,,,,,,,,,,,,,0.1625,0.1588,0.1721,0.2023,0.2141,0.2094,0.1896,0.2148,0.2385
S,E7000,TOT_KWH,KWH,X_VAT,PPS,BA,,,,,,,,,,,,,,,,,,,,,,,,,,,,,,0.1417,0.1464,0.1468,0.1446,0.1365,0.1421,0.1446,0.1405,0.1436
S,E7000,TOT_KWH,KWH,X_VAT,PPS,BE,,,,,,,,,,,,,,,,,,,,,,,,,,,,,,0.2238,0.2791,0.3837,0.366,0.3181,0.2815,0.279,0.3004,0.2986
S,E7000,TOT_KWH,KWH,X_VAT,PPS,BG,,,,,,,,,,,,,,,,,,,,,,,,,,,,,,0.1647,0.1647,0.1727,0.157,0.1651,0.1636,0.1678,0.1759,0.1838
S,E7000,TOT_KWH,KWH,X_VAT,PPS,CY,,,,,,,,,,,,,,,,,,,,,,,,,,,,,,0.2133,0.2554,0.3152,0.3485,0.3253,0.3085,0.31,0.2848,0.2925
S,E7000,TOT_KWH,KWH,X_VAT,PPS,CZ,,,,,,,,,,,,,,,,,,,,,,,,,,,,,,0.2157,0.2376,0.14,0.3004,0.3074,0.3359,0.3283,0.3129,0.3085
S,E7000,TOT_KWH,KWH,X_VAT,PPS,DE,,,,,,,,,,,,,,,,,,,,,,,,,,,,,,0.2487,0.2533,0.263,0.3175,0.3127,0.3064,0.3087,0.3011,0.3042
S,E7000,TOT_KWH,KWH,X_VAT,PPS,DK,,,,,,,,,,,,,,,,,,,,,,,,,,,,,,0.173,0.2381,0.3211,0.2287,0.185,0.1949,0.1964,0.1847,0.1743
S,E7000,TOT_KWH,KWH,X_VAT,PPS,EA,,,,,,,,,,,,,,,,,,,,,,0.1108,0.1285,0.1257,0.1457,0.1414,0.117,0.1162,0.1142,0.2097,0.2249,0.2503,0.2636,0.2596,0.2614,0.263,0.2613,0.2566
S,E7000,TOT_KWH,KWH,X_VAT,PPS,EE,,,,,,,,,,,,,,,,,,,,,,,,,,,,,,0.1994,0.2067,0.2421,0.1957,0.2036,0.1963,0.1881,0.1935,0.1873
S,E7000,TOT_KWH,KWH,X_VAT,PPS,EL,,,,,,,,,,,,,,,,,,,,,,,,,,,,,,0.2399,0.2682,0.2974,0.286,0.2834,0.2837,0.2905,0.2972,0.2964
S,E7000,TOT_KWH,KWH,X_VAT,PPS,ES,,,,,,,,,,,,,,,,,,,,,,,,,,,,,,0.2737,0.3125,0.3439,0.2661,0.2581,0.2556,0.2672,0.2632,0.2661
S,E7000,TOT_KWH,KWH,X_VAT,PPS,EU27_2020,,,,,,,,,,,,,,,,,,,,,,0.1108,0.1285,0.1257,0.1457,0.1414,0.1061,0.1085,0.1103,0.2015,0.2175,0.2437,0.252,0.2465,0.2488,0.2499,0.2488,0.2518
S,E7000,TOT_KWH,KWH,X_VAT,PPS,FI,,,,,,,,,,,,,,,,,,,,,,,,,,,,,,0.1042,0.108,0.1346,0.1357,0.1328,0.1453,0.1266,0.1249,0.1265
S,E7000,TOT_KWH,KWH,X_VAT,PPS,FR,,,,,,,,,,,,,,,,,,,,,,,,,,,,,,0.1552,0.1613,0.1665,0.175,0.197,0.2158,0.2228,0.2028,0.1919
S,E7000,TOT_KWH,KWH,X_VAT,PPS,HR,,,,,,,,,,,,,,,,,,,,,,,,,,,,,,0.1795,0.1876,0.2028,0.2069,0.2027,0.1972,0.1899,0.2099,0.2123
S,E7000,TOT_KWH,KWH,X_VAT,PPS,HU,,,,,,,,,,,,,,,,,,,,,,,,,,,,,0.1215,0.122,0.1105,0.1384,0.14,0.1322,0.1229,0.1246,0.1211,0.1237
S,E7000,TOT_KWH,KWH,X_VAT,PPS,IE,,,,,,,,,,,,,,,,,,,,,,,,,,,0.1661,0.1817,0.1797,0.2058,0.1721,0.2449,0.2113,0.289,0.201,0.2363,,0.2961
S,E7000,TOT_KWH,KWH,X_VAT,PPS,IS,,,,,,,,,,,,,,,,,,,,,,,,,,,,,,0.06,0.0626,0.0644,0.0699,0.07,,0.0834,0.0894,
S,E7000,TOT_KWH,KWH,X_VAT,PPS,IT,,,,,,,,,,,,,,,,,,,,,,,,,,,,,,0.2424,0.3117,0.368,0.3874,0.3425,0.3409,0.3294,0.3544,0.3158
S,E7000,TOT_KWH,KWH,X_VAT,PPS,LT,,,,,,,,,,,,,,,,,,,,,,,,,,,,,,0.1783,0.1796,0.2961,0.3204,0.254,0.2534,0.2364,0.232,0.2198
S,E7000,TOT_KWH,KWH,X_VAT,PPS,LU,,,,,,,,,,,,,,,,,,,,,,,,,,,,,,0.138,0.14,0.139,0.1359,0.1349,0.1348,,,0.1831
S,E7000,TOT_KWH,KWH,X_VAT,PPS,LV,,,,,,,,,,,,,,,,,,,,,,,,,,,,,,0.2136,0.1898,0.3245,0.3272,0.3138,0.2813,0.2759,0.2868,0.284
S,E7000,TOT_KWH,KWH,X_VAT,PPS,ME,,,,,,,,,,,,,,,,,,,,,,,,,,,,,,0.1647,0.163,0.1681,0.1555,0.1525,0.1489,0.1549,0.153,0.1555
S,E7000,TOT_KWH,KWH,X_VAT,PPS,MK,,,,,,,,,,,,,,,,,,,,,,,,,,,,,,0.1684,0.1874,0.2162,0.2091,0.2115,0.2034,0.1962,0.1977,0.1982
S,E7000,TOT_KWH,KWH,X_VAT,PPS,MT,,,,,,,,,,,,,,,,,,,,,,,,,,,,,,0.1705,0.1704,0.162,0.156,0.1562,,0.1579,,0.1542
S,E7000,TOT_KWH,KWH,X_VAT,PPS,NL,,,,,,,,,,,,,,,,,,,,,,0.1108,0.1285,0.1257,0.1457,0.1414,0.0975,0.0902,0.0887,0.0973,0.0083,0.0842,0.2454,0.1538,0.1697,0.1392,0.1646,0.175
S,E7000,TOT_KWH,KWH,X_VAT,PPS,NO,,,,,,,,,,,,,,,,,,,,,,,,,,,,,,0.1051,0.0841,0.0942,0.0908,0.0844,,0.0764,0.0795,0.0786
S,E7000,TOT_KWH,KWH,X_VAT,PPS,PL,,,,,,,,,,,,,,,,,,,,,,,,,,,,,,0.2242,0.2304,0.2626,0.2583,0.2884,,0.2928,,0.3182
S,E7000,TOT_KWH,KWH,X_VAT,PPS,PT,,,,,,,,,,,,,,,,,,,,,,,,,,,,,,0.2243,0.2265,0.2303,0.2173,0.2408,,0.2857,0.27,0.2712
S,E7000,TOT_KWH,KWH,X_VAT,PPS,RO,,,,,,,,,,,,,,,,,,,,,,,,,,,,,,0.2556,0.3497,0.5126,0.2707,0.2692,0.2638,0.2578,0.2545,0.4125
S,E7000,TOT_KWH,KWH,X_VAT,PPS,RS,,,,,,,,,,,,,,,,,,,,,,,,,,,,,,0.1309,0.1307,0.142,0.1497,0.1612,0.1589,0.1626,0.1579,0.1742
S,E7000,TOT_KWH,KWH,X_VAT,PPS,SE,,,,,,,,,,,,,,,,,,,,,,,,,,,0.0983,0.1029,0.1046,0.1248,0.1068,0.133,0.1462,0.1287,0.1369,0.1323,0.1407,0.1441
S,E7000,TOT_KWH,KWH,X_VAT,PPS,SI,,,,,,,,,,,,,,,,,,,,,,,,,,,,,,0.1583,0.1299,0.1915,0.1964,0.1991,0.1965,0.1868,0.1697,0.1973
S,E7000,TOT_KWH,KWH,X_VAT,PPS,SK,,,,,,,,,,,,,,,,,,,,,,,,,,,,,,0.1678,0.1847,0.1959,0.1919,0.2067,0.186,0.1865,0.1983,0.197
S,E7000,TOT_KWH,KWH,X_VAT,PPS,TR,,,,,,,,,,,,,,,,,,,,,,,,,,,,,,0.1836,0.2987,0.2221,,0.2044,0.1357,0.1822,0.1357,0.165
